instruction,output
A box has 9 rows of markers with 3 in each row. How many markers are there?,Total = 9 × 3 = 27. Answer: 27.
What does conservation of energy mean?,"Energy cannot be created or destroyed, only transformed between forms; total energy in an isolated system remains constant. Answer: energy conserved."
Differentiate speed and velocity briefly.,"Speed is scalar (magnitude only); velocity is vector (magnitude and direction). Example: 10 m/s east is velocity; 10 m/s is speed. Answer: speed=scalar, velocity=vector."
A class has 49 boys and 36 girls. How many students are there in total?,Total = 49 + 36 = 85. Answer: 85.
Why is the printing press significant?,"It enabled mass production of books, spreading literacy and ideas rapidly across Europe. Answer: mass knowledge spread."
Find the LCM of 25 and 57.,25 = 5 × 5; 57 = 3 × 19. LCM = 1425. Answer: 1425.
Define molar mass.,"Molar mass is the mass of one mole of a substance, in g/mol. Example: H₂O ≈ 18 g/mol. Answer: mass per mole."
What was the Renaissance? One sentence.,"A cultural and intellectual revival starting in 14th‑century Italy that emphasized art, science, and humanism. Answer: European cultural revival."
What was the Renaissance? One sentence.,"A cultural and intellectual revival starting in 14th‑century Italy that emphasized art, science, and humanism. Answer: European cultural revival."
1978 stickers are shared equally among 43 students. How many does each student get?,Each gets = 1978 ÷ 43 = 46. Answer: 46.
What is a catalyst?,"A catalyst increases reaction rate by lowering activation energy without being consumed. Answer: speeds up reaction, not consumed."
Why is the printing press significant?,"It enabled mass production of books, spreading literacy and ideas rapidly across Europe. Answer: mass knowledge spread."
Find the GCD of 218 and 176.,"Using the Euclidean algorithm, GCD(218, 176) = 2. Answer: 2."
Explain difference between list and tuple in Python.,"List is mutable; tuple is immutable. Example: lists can append, tuples cannot. Answer: mutability difference."
Define an acid and a base (Arrhenius).,"Arrhenius acid produces H⁺ in water; base produces OH⁻ in water. Example: HCl (acid), NaOH (base). Answer: H⁺ vs OH⁻ producers."
Find the LCM of 99 and 26.,99 = 3 × 3 × 11; 26 = 2 × 13. LCM = 2574. Answer: 2574.
What does a hash map provide on average?,"Average O(1) insert, lookup, and delete via hashing. Answer: O(1) average operations."
Why is the printing press significant?,"It enabled mass production of books, spreading literacy and ideas rapidly across Europe. Answer: mass knowledge spread."
Convert 7528 m to centimeters.,7528 m × 100 = 752800 cm. Answer: 752800 cm.
Solve for x: 2x + 15 = -2.,2x = -2 - 15 ⇒ x = (-2 - 15)/2 = -8.5. Answer: -8.5.
There were 41 apples in a basket. 25 were eaten. How many remain?,Remaining = 41 - 25 = 16. Answer: 16.
There were 6 apples in a basket. 4 were eaten. How many remain?,Remaining = 6 - 4 = 2. Answer: 2.
What is Big-O time for binary search?,Binary search runs in O(log n) time on a sorted array. Answer: O(log n).
Differentiate speed and velocity briefly.,"Speed is scalar (magnitude only); velocity is vector (magnitude and direction). Example: 10 m/s east is velocity; 10 m/s is speed. Answer: speed=scalar, velocity=vector."
Fix the punctuation: 'Lets eat Grandma',"Let's eat, Grandma. Answer: Let's eat, Grandma."
Summarize in one sentence: 'Photosynthesis is how plants use sunlight to make food...',"Photosynthesis is the process by which plants convert sunlight, water, and carbon dioxide into glucose and oxygen. Answer: concise summary."
Explain difference between list and tuple in Python.,"List is mutable; tuple is immutable. Example: lists can append, tuples cannot. Answer: mutability difference."
What does a hash map provide on average?,"Average O(1) insert, lookup, and delete via hashing. Answer: O(1) average operations."
Explain refraction in simple words.,Refraction is the bending of light as it passes between media with different optical density due to speed change. Answer: bending due to speed change.
A class has 45 boys and 43 girls. How many students are there in total?,Total = 45 + 43 = 88. Answer: 88.
What was the Renaissance? One sentence.,"A cultural and intellectual revival starting in 14th‑century Italy that emphasized art, science, and humanism. Answer: European cultural revival."
What was the Renaissance? One sentence.,"A cultural and intellectual revival starting in 14th‑century Italy that emphasized art, science, and humanism. Answer: European cultural revival."
What is a catalyst?,"A catalyst increases reaction rate by lowering activation energy without being consumed. Answer: speeds up reaction, not consumed."
Fix the punctuation: 'Lets eat Grandma',"Let's eat, Grandma. Answer: Let's eat, Grandma."
There were 46 apples in a basket. 37 were eaten. How many remain?,Remaining = 46 - 37 = 9. Answer: 9.
There were 22 apples in a basket. 5 were eaten. How many remain?,Remaining = 22 - 5 = 17. Answer: 17.
Write the prime factorization of 225.,225 = 3 × 3 × 5 × 5. Answer: 3 × 3 × 5 × 5.
What is Big-O time for binary search?,Binary search runs in O(log n) time on a sorted array. Answer: O(log n).
Define an acid and a base (Arrhenius).,"Arrhenius acid produces H⁺ in water; base produces OH⁻ in water. Example: HCl (acid), NaOH (base). Answer: H⁺ vs OH⁻ producers."
What is a catalyst?,"A catalyst increases reaction rate by lowering activation energy without being consumed. Answer: speeds up reaction, not consumed."
Summarize in one sentence: 'Photosynthesis is how plants use sunlight to make food...',"Photosynthesis is the process by which plants convert sunlight, water, and carbon dioxide into glucose and oxygen. Answer: concise summary."
Rewrite the sentence in active voice: 'The ball was thrown by John.',John threw the ball. Answer: John threw the ball.
Explain difference between list and tuple in Python.,"List is mutable; tuple is immutable. Example: lists can append, tuples cannot. Answer: mutability difference."
Define molar mass.,"Molar mass is the mass of one mole of a substance, in g/mol. Example: H₂O ≈ 18 g/mol. Answer: mass per mole."
Why is the printing press significant?,"It enabled mass production of books, spreading literacy and ideas rapidly across Europe. Answer: mass knowledge spread."
1131 stickers are shared equally among 39 students. How many does each student get?,Each gets = 1131 ÷ 39 = 29. Answer: 29.
Explain difference between list and tuple in Python.,"List is mutable; tuple is immutable. Example: lists can append, tuples cannot. Answer: mutability difference."
Define molar mass.,"Molar mass is the mass of one mole of a substance, in g/mol. Example: H₂O ≈ 18 g/mol. Answer: mass per mole."
Rewrite the sentence in active voice: 'The ball was thrown by John.',John threw the ball. Answer: John threw the ball.
Find the LCM of 41 and 162.,41 = 41; 162 = 2 × 3 × 3 × 3 × 3. LCM = 6642. Answer: 6642.
What is the law of conservation of mass?,"In a closed system, mass is conserved during a chemical reaction; mass of reactants equals mass of products. Answer: mass conserved."
What was the Renaissance? One sentence.,"A cultural and intellectual revival starting in 14th‑century Italy that emphasized art, science, and humanism. Answer: European cultural revival."
Fix the punctuation: 'Lets eat Grandma',"Let's eat, Grandma. Answer: Let's eat, Grandma."
Why is the printing press significant?,"It enabled mass production of books, spreading literacy and ideas rapidly across Europe. Answer: mass knowledge spread."
Why is the printing press significant?,"It enabled mass production of books, spreading literacy and ideas rapidly across Europe. Answer: mass knowledge spread."
What was the Renaissance? One sentence.,"A cultural and intellectual revival starting in 14th‑century Italy that emphasized art, science, and humanism. Answer: European cultural revival."
A box has 48 rows of markers with 9 in each row. How many markers are there?,Total = 48 × 9 = 432. Answer: 432.
A box has 23 rows of markers with 9 in each row. How many markers are there?,Total = 23 × 9 = 207. Answer: 207.
Rewrite the sentence in active voice: 'The ball was thrown by John.',John threw the ball. Answer: John threw the ball.
Rewrite the sentence in active voice: 'The ball was thrown by John.',John threw the ball. Answer: John threw the ball.
There were 48 apples in a basket. 18 were eaten. How many remain?,Remaining = 48 - 18 = 30. Answer: 30.
What was the Renaissance? One sentence.,"A cultural and intellectual revival starting in 14th‑century Italy that emphasized art, science, and humanism. Answer: European cultural revival."
There were 42 apples in a basket. 21 were eaten. How many remain?,Remaining = 42 - 21 = 21. Answer: 21.
Define an acid and a base (Arrhenius).,"Arrhenius acid produces H⁺ in water; base produces OH⁻ in water. Example: HCl (acid), NaOH (base). Answer: H⁺ vs OH⁻ producers."
Define molar mass.,"Molar mass is the mass of one mole of a substance, in g/mol. Example: H₂O ≈ 18 g/mol. Answer: mass per mole."
What was the Renaissance? One sentence.,"A cultural and intellectual revival starting in 14th‑century Italy that emphasized art, science, and humanism. Answer: European cultural revival."
Why is the printing press significant?,"It enabled mass production of books, spreading literacy and ideas rapidly across Europe. Answer: mass knowledge spread."
Rewrite the sentence in active voice: 'The ball was thrown by John.',John threw the ball. Answer: John threw the ball.
Write the prime factorization of 177.,177 = 3 × 59. Answer: 3 × 59.
Explain Newton's first law with an example.,Newton's first law (law of inertia) states an object remains at rest or moves at constant velocity unless acted on by a net external force. Example: A puck on frictionless ice glides at constant speed. Answer: Law of inertia.
Differentiate speed and velocity briefly.,"Speed is scalar (magnitude only); velocity is vector (magnitude and direction). Example: 10 m/s east is velocity; 10 m/s is speed. Answer: speed=scalar, velocity=vector."
Convert 7963 cm to meters.,7963 cm ÷ 100 = 79.63 m. Answer: 79.63 m.
What was the Renaissance? One sentence.,"A cultural and intellectual revival starting in 14th‑century Italy that emphasized art, science, and humanism. Answer: European cultural revival."
What is a catalyst?,"A catalyst increases reaction rate by lowering activation energy without being consumed. Answer: speeds up reaction, not consumed."
What was the Renaissance? One sentence.,"A cultural and intellectual revival starting in 14th‑century Italy that emphasized art, science, and humanism. Answer: European cultural revival."
Explain what a function does in programming.,A function groups reusable code to perform a task; it can take inputs (parameters) and return outputs. Answer: reusable code block.
Define molar mass.,"Molar mass is the mass of one mole of a substance, in g/mol. Example: H₂O ≈ 18 g/mol. Answer: mass per mole."
A box has 46 rows of markers with 14 in each row. How many markers are there?,Total = 46 × 14 = 644. Answer: 644.
Summarize in one sentence: 'Photosynthesis is how plants use sunlight to make food...',"Photosynthesis is the process by which plants convert sunlight, water, and carbon dioxide into glucose and oxygen. Answer: concise summary."
750 stickers are shared equally among 25 students. How many does each student get?,Each gets = 750 ÷ 25 = 30. Answer: 30.
Find the GCD of 117 and 34.,"Using the Euclidean algorithm, GCD(117, 34) = 1. Answer: 1."
What is Big-O time for binary search?,Binary search runs in O(log n) time on a sorted array. Answer: O(log n).
What was the Renaissance? One sentence.,"A cultural and intellectual revival starting in 14th‑century Italy that emphasized art, science, and humanism. Answer: European cultural revival."
What was the Renaissance? One sentence.,"A cultural and intellectual revival starting in 14th‑century Italy that emphasized art, science, and humanism. Answer: European cultural revival."
Find the LCM of 183 and 163.,183 = 3 × 61; 163 = 163. LCM = 29829. Answer: 29829.
Find the GCD of 36 and 18.,"Using the Euclidean algorithm, GCD(36, 18) = 18. Answer: 18."
What is Big-O time for binary search?,Binary search runs in O(log n) time on a sorted array. Answer: O(log n).
What was the Renaissance? One sentence.,"A cultural and intellectual revival starting in 14th‑century Italy that emphasized art, science, and humanism. Answer: European cultural revival."
Explain what a function does in programming.,A function groups reusable code to perform a task; it can take inputs (parameters) and return outputs. Answer: reusable code block.
Define molar mass.,"Molar mass is the mass of one mole of a substance, in g/mol. Example: H₂O ≈ 18 g/mol. Answer: mass per mole."
What is a catalyst?,"A catalyst increases reaction rate by lowering activation energy without being consumed. Answer: speeds up reaction, not consumed."
What is a catalyst?,"A catalyst increases reaction rate by lowering activation energy without being consumed. Answer: speeds up reaction, not consumed."
Rewrite the sentence in active voice: 'The ball was thrown by John.',John threw the ball. Answer: John threw the ball.
Find the LCM of 170 and 112.,170 = 2 × 5 × 17; 112 = 2 × 2 × 2 × 2 × 7. LCM = 9520. Answer: 9520.
Explain what a function does in programming.,A function groups reusable code to perform a task; it can take inputs (parameters) and return outputs. Answer: reusable code block.
Fix the punctuation: 'Lets eat Grandma',"Let's eat, Grandma. Answer: Let's eat, Grandma."
A class has 5 boys and 45 girls. How many students are there in total?,Total = 5 + 45 = 50. Answer: 50.
Solve for x: 12x + 1 = -14.,12x = -14 - 1 ⇒ x = (-14 - 1)/12 = -1.25. Answer: -1.25.
What does conservation of energy mean?,"Energy cannot be created or destroyed, only transformed between forms; total energy in an isolated system remains constant. Answer: energy conserved."
Define molar mass.,"Molar mass is the mass of one mole of a substance, in g/mol. Example: H₂O ≈ 18 g/mol. Answer: mass per mole."
Rewrite the sentence in active voice: 'The ball was thrown by John.',John threw the ball. Answer: John threw the ball.
Rewrite the sentence in active voice: 'The ball was thrown by John.',John threw the ball. Answer: John threw the ball.
Explain what a function does in programming.,A function groups reusable code to perform a task; it can take inputs (parameters) and return outputs. Answer: reusable code block.
Differentiate speed and velocity briefly.,"Speed is scalar (magnitude only); velocity is vector (magnitude and direction). Example: 10 m/s east is velocity; 10 m/s is speed. Answer: speed=scalar, velocity=vector."
Summarize in one sentence: 'Photosynthesis is how plants use sunlight to make food...',"Photosynthesis is the process by which plants convert sunlight, water, and carbon dioxide into glucose and oxygen. Answer: concise summary."
Find the LCM of 168 and 140.,168 = 2 × 2 × 2 × 3 × 7; 140 = 2 × 2 × 5 × 7. LCM = 840. Answer: 840.
Find the LCM of 194 and 62.,194 = 2 × 97; 62 = 2 × 31. LCM = 6014. Answer: 6014.
What is the law of conservation of mass?,"In a closed system, mass is conserved during a chemical reaction; mass of reactants equals mass of products. Answer: mass conserved."
Fix the punctuation: 'Lets eat Grandma',"Let's eat, Grandma. Answer: Let's eat, Grandma."
What is the law of conservation of mass?,"In a closed system, mass is conserved during a chemical reaction; mass of reactants equals mass of products. Answer: mass conserved."
Find the GCD of 196 and 3.,"Using the Euclidean algorithm, GCD(196, 3) = 1. Answer: 1."
Fix the punctuation: 'Lets eat Grandma',"Let's eat, Grandma. Answer: Let's eat, Grandma."
Fix the punctuation: 'Lets eat Grandma',"Let's eat, Grandma. Answer: Let's eat, Grandma."
Summarize in one sentence: 'Photosynthesis is how plants use sunlight to make food...',"Photosynthesis is the process by which plants convert sunlight, water, and carbon dioxide into glucose and oxygen. Answer: concise summary."
1628 stickers are shared equally among 37 students. How many does each student get?,Each gets = 1628 ÷ 37 = 44. Answer: 44.
What does conservation of energy mean?,"Energy cannot be created or destroyed, only transformed between forms; total energy in an isolated system remains constant. Answer: energy conserved."
Explain difference between list and tuple in Python.,"List is mutable; tuple is immutable. Example: lists can append, tuples cannot. Answer: mutability difference."
Find 5% of 327.,5% of 327 = (5/100)×327 = 16.35. Answer: 16.35.
A class has 22 boys and 5 girls. How many students are there in total?,Total = 22 + 5 = 27. Answer: 27.
Why is the printing press significant?,"It enabled mass production of books, spreading literacy and ideas rapidly across Europe. Answer: mass knowledge spread."
What was the Renaissance? One sentence.,"A cultural and intellectual revival starting in 14th‑century Italy that emphasized art, science, and humanism. Answer: European cultural revival."
Find 12% of 91.,12% of 91 = (12/100)×91 = 10.92. Answer: 10.92.
Find 50% of 84.,50% of 84 = (50/100)×84 = 42.0. Answer: 42.0.
What is the law of conservation of mass?,"In a closed system, mass is conserved during a chemical reaction; mass of reactants equals mass of products. Answer: mass conserved."
Find 40% of 176.,40% of 176 = (40/100)×176 = 70.4. Answer: 70.4.
What was the Renaissance? One sentence.,"A cultural and intellectual revival starting in 14th‑century Italy that emphasized art, science, and humanism. Answer: European cultural revival."
What was the Renaissance? One sentence.,"A cultural and intellectual revival starting in 14th‑century Italy that emphasized art, science, and humanism. Answer: European cultural revival."
Summarize in one sentence: 'Photosynthesis is how plants use sunlight to make food...',"Photosynthesis is the process by which plants convert sunlight, water, and carbon dioxide into glucose and oxygen. Answer: concise summary."
Why is the printing press significant?,"It enabled mass production of books, spreading literacy and ideas rapidly across Europe. Answer: mass knowledge spread."
Explain difference between list and tuple in Python.,"List is mutable; tuple is immutable. Example: lists can append, tuples cannot. Answer: mutability difference."
There were 47 apples in a basket. 22 were eaten. How many remain?,Remaining = 47 - 22 = 25. Answer: 25.
Explain what a function does in programming.,A function groups reusable code to perform a task; it can take inputs (parameters) and return outputs. Answer: reusable code block.
Explain refraction in simple words.,Refraction is the bending of light as it passes between media with different optical density due to speed change. Answer: bending due to speed change.
Fix the punctuation: 'Lets eat Grandma',"Let's eat, Grandma. Answer: Let's eat, Grandma."
Find the LCM of 119 and 161.,119 = 7 × 17; 161 = 7 × 23. LCM = 2737. Answer: 2737.
What was the Renaissance? One sentence.,"A cultural and intellectual revival starting in 14th‑century Italy that emphasized art, science, and humanism. Answer: European cultural revival."
Find 35% of 159.,35% of 159 = (35/100)×159 = 55.65. Answer: 55.65.
Explain difference between list and tuple in Python.,"List is mutable; tuple is immutable. Example: lists can append, tuples cannot. Answer: mutability difference."
What is Big-O time for binary search?,Binary search runs in O(log n) time on a sorted array. Answer: O(log n).
Define an acid and a base (Arrhenius).,"Arrhenius acid produces H⁺ in water; base produces OH⁻ in water. Example: HCl (acid), NaOH (base). Answer: H⁺ vs OH⁻ producers."
Explain difference between list and tuple in Python.,"List is mutable; tuple is immutable. Example: lists can append, tuples cannot. Answer: mutability difference."
Summarize in one sentence: 'Photosynthesis is how plants use sunlight to make food...',"Photosynthesis is the process by which plants convert sunlight, water, and carbon dioxide into glucose and oxygen. Answer: concise summary."
A class has 21 boys and 41 girls. How many students are there in total?,Total = 21 + 41 = 62. Answer: 62.
A class has 37 boys and 21 girls. How many students are there in total?,Total = 37 + 21 = 58. Answer: 58.
Explain refraction in simple words.,Refraction is the bending of light as it passes between media with different optical density due to speed change. Answer: bending due to speed change.
Find the LCM of 192 and 143.,192 = 2 × 2 × 2 × 2 × 2 × 2 × 3; 143 = 11 × 13. LCM = 27456. Answer: 27456.
Explain refraction in simple words.,Refraction is the bending of light as it passes between media with different optical density due to speed change. Answer: bending due to speed change.
Explain difference between list and tuple in Python.,"List is mutable; tuple is immutable. Example: lists can append, tuples cannot. Answer: mutability difference."
A box has 23 rows of markers with 15 in each row. How many markers are there?,Total = 23 × 15 = 345. Answer: 345.
Why is the printing press significant?,"It enabled mass production of books, spreading literacy and ideas rapidly across Europe. Answer: mass knowledge spread."
What is Big-O time for binary search?,Binary search runs in O(log n) time on a sorted array. Answer: O(log n).
Convert 6940 g to kilograms.,6940 g ÷ 1000 = 6.94 kg. Answer: 6.94 kg.
Find the LCM of 87 and 199.,87 = 3 × 29; 199 = 199. LCM = 17313. Answer: 17313.
Explain refraction in simple words.,Refraction is the bending of light as it passes between media with different optical density due to speed change. Answer: bending due to speed change.
What is a catalyst?,"A catalyst increases reaction rate by lowering activation energy without being consumed. Answer: speeds up reaction, not consumed."
Why is the printing press significant?,"It enabled mass production of books, spreading literacy and ideas rapidly across Europe. Answer: mass knowledge spread."
What was the Renaissance? One sentence.,"A cultural and intellectual revival starting in 14th‑century Italy that emphasized art, science, and humanism. Answer: European cultural revival."
Find the LCM of 178 and 40.,178 = 2 × 89; 40 = 2 × 2 × 2 × 5. LCM = 3560. Answer: 3560.
What was the Renaissance? One sentence.,"A cultural and intellectual revival starting in 14th‑century Italy that emphasized art, science, and humanism. Answer: European cultural revival."
Explain difference between list and tuple in Python.,"List is mutable; tuple is immutable. Example: lists can append, tuples cannot. Answer: mutability difference."
Rewrite the sentence in active voice: 'The ball was thrown by John.',John threw the ball. Answer: John threw the ball.
Write the prime factorization of 206.,206 = 2 × 103. Answer: 2 × 103.
Write the prime factorization of 127.,127 = 127. Answer: 127.
A class has 17 boys and 44 girls. How many students are there in total?,Total = 17 + 44 = 61. Answer: 61.
Explain what a function does in programming.,A function groups reusable code to perform a task; it can take inputs (parameters) and return outputs. Answer: reusable code block.
What was the Renaissance? One sentence.,"A cultural and intellectual revival starting in 14th‑century Italy that emphasized art, science, and humanism. Answer: European cultural revival."
State Ohm's law and give a simple calculation.,"Ohm's law: V = I R. If I = 2 A and R = 5 Ω, then V = 10 V. Answer: V = IR."
What is the law of conservation of mass?,"In a closed system, mass is conserved during a chemical reaction; mass of reactants equals mass of products. Answer: mass conserved."
Find the GCD of 172 and 212.,"Using the Euclidean algorithm, GCD(172, 212) = 4. Answer: 4."
A box has 49 rows of markers with 17 in each row. How many markers are there?,Total = 49 × 17 = 833. Answer: 833.
Differentiate speed and velocity briefly.,"Speed is scalar (magnitude only); velocity is vector (magnitude and direction). Example: 10 m/s east is velocity; 10 m/s is speed. Answer: speed=scalar, velocity=vector."
Rewrite the sentence in active voice: 'The ball was thrown by John.',John threw the ball. Answer: John threw the ball.
Rewrite the sentence in active voice: 'The ball was thrown by John.',John threw the ball. Answer: John threw the ball.
What is a catalyst?,"A catalyst increases reaction rate by lowering activation energy without being consumed. Answer: speeds up reaction, not consumed."
What does a hash map provide on average?,"Average O(1) insert, lookup, and delete via hashing. Answer: O(1) average operations."
What does conservation of energy mean?,"Energy cannot be created or destroyed, only transformed between forms; total energy in an isolated system remains constant. Answer: energy conserved."
Convert 3165 g to kilograms.,3165 g ÷ 1000 = 3.165 kg. Answer: 3.165 kg.
What does a hash map provide on average?,"Average O(1) insert, lookup, and delete via hashing. Answer: O(1) average operations."
Write the prime factorization of 199.,199 = 199. Answer: 199.
A box has 34 rows of markers with 27 in each row. How many markers are there?,Total = 34 × 27 = 918. Answer: 918.
Find the LCM of 68 and 47.,68 = 2 × 2 × 17; 47 = 47. LCM = 3196. Answer: 3196.
Why is the printing press significant?,"It enabled mass production of books, spreading literacy and ideas rapidly across Europe. Answer: mass knowledge spread."
Find the LCM of 154 and 113.,154 = 2 × 7 × 11; 113 = 113. LCM = 17402. Answer: 17402.
What does a hash map provide on average?,"Average O(1) insert, lookup, and delete via hashing. Answer: O(1) average operations."
Summarize in one sentence: 'Photosynthesis is how plants use sunlight to make food...',"Photosynthesis is the process by which plants convert sunlight, water, and carbon dioxide into glucose and oxygen. Answer: concise summary."
What was the Renaissance? One sentence.,"A cultural and intellectual revival starting in 14th‑century Italy that emphasized art, science, and humanism. Answer: European cultural revival."
Summarize in one sentence: 'Photosynthesis is how plants use sunlight to make food...',"Photosynthesis is the process by which plants convert sunlight, water, and carbon dioxide into glucose and oxygen. Answer: concise summary."
Explain refraction in simple words.,Refraction is the bending of light as it passes between media with different optical density due to speed change. Answer: bending due to speed change.
Convert 7145 cm to meters.,7145 cm ÷ 100 = 71.45 m. Answer: 71.45 m.
What was the Renaissance? One sentence.,"A cultural and intellectual revival starting in 14th‑century Italy that emphasized art, science, and humanism. Answer: European cultural revival."
Explain what a function does in programming.,A function groups reusable code to perform a task; it can take inputs (parameters) and return outputs. Answer: reusable code block.
Convert 5410 m to centimeters.,5410 m × 100 = 541000 cm. Answer: 541000 cm.
What is Big-O time for binary search?,Binary search runs in O(log n) time on a sorted array. Answer: O(log n).
A box has 21 rows of markers with 34 in each row. How many markers are there?,Total = 21 × 34 = 714. Answer: 714.
616 stickers are shared equally among 28 students. How many does each student get?,Each gets = 616 ÷ 28 = 22. Answer: 22.
There were 37 apples in a basket. 20 were eaten. How many remain?,Remaining = 37 - 20 = 17. Answer: 17.
What is the law of conservation of mass?,"In a closed system, mass is conserved during a chemical reaction; mass of reactants equals mass of products. Answer: mass conserved."
There were 45 apples in a basket. 26 were eaten. How many remain?,Remaining = 45 - 26 = 19. Answer: 19.
Why is the printing press significant?,"It enabled mass production of books, spreading literacy and ideas rapidly across Europe. Answer: mass knowledge spread."
Summarize in one sentence: 'Photosynthesis is how plants use sunlight to make food...',"Photosynthesis is the process by which plants convert sunlight, water, and carbon dioxide into glucose and oxygen. Answer: concise summary."
Write the prime factorization of 166.,166 = 2 × 83. Answer: 2 × 83.
What is the law of conservation of mass?,"In a closed system, mass is conserved during a chemical reaction; mass of reactants equals mass of products. Answer: mass conserved."
Why is the printing press significant?,"It enabled mass production of books, spreading literacy and ideas rapidly across Europe. Answer: mass knowledge spread."
Fix the punctuation: 'Lets eat Grandma',"Let's eat, Grandma. Answer: Let's eat, Grandma."
Summarize in one sentence: 'Photosynthesis is how plants use sunlight to make food...',"Photosynthesis is the process by which plants convert sunlight, water, and carbon dioxide into glucose and oxygen. Answer: concise summary."
Define molar mass.,"Molar mass is the mass of one mole of a substance, in g/mol. Example: H₂O ≈ 18 g/mol. Answer: mass per mole."
Summarize in one sentence: 'Photosynthesis is how plants use sunlight to make food...',"Photosynthesis is the process by which plants convert sunlight, water, and carbon dioxide into glucose and oxygen. Answer: concise summary."
Differentiate speed and velocity briefly.,"Speed is scalar (magnitude only); velocity is vector (magnitude and direction). Example: 10 m/s east is velocity; 10 m/s is speed. Answer: speed=scalar, velocity=vector."
What does a hash map provide on average?,"Average O(1) insert, lookup, and delete via hashing. Answer: O(1) average operations."
Find the GCD of 160 and 117.,"Using the Euclidean algorithm, GCD(160, 117) = 1. Answer: 1."
State Ohm's law and give a simple calculation.,"Ohm's law: V = I R. If I = 2 A and R = 5 Ω, then V = 10 V. Answer: V = IR."
Find the LCM of 64 and 123.,64 = 2 × 2 × 2 × 2 × 2 × 2; 123 = 3 × 41. LCM = 7872. Answer: 7872.
What was the Renaissance? One sentence.,"A cultural and intellectual revival starting in 14th‑century Italy that emphasized art, science, and humanism. Answer: European cultural revival."
Fix the punctuation: 'Lets eat Grandma',"Let's eat, Grandma. Answer: Let's eat, Grandma."
532 stickers are shared equally among 38 students. How many does each student get?,Each gets = 532 ÷ 38 = 14. Answer: 14.
Fix the punctuation: 'Lets eat Grandma',"Let's eat, Grandma. Answer: Let's eat, Grandma."
State Ohm's law and give a simple calculation.,"Ohm's law: V = I R. If I = 2 A and R = 5 Ω, then V = 10 V. Answer: V = IR."
A class has 46 boys and 2 girls. How many students are there in total?,Total = 46 + 2 = 48. Answer: 48.
Rewrite the sentence in active voice: 'The ball was thrown by John.',John threw the ball. Answer: John threw the ball.
Define molar mass.,"Molar mass is the mass of one mole of a substance, in g/mol. Example: H₂O ≈ 18 g/mol. Answer: mass per mole."
Rewrite the sentence in active voice: 'The ball was thrown by John.',John threw the ball. Answer: John threw the ball.
What was the Renaissance? One sentence.,"A cultural and intellectual revival starting in 14th‑century Italy that emphasized art, science, and humanism. Answer: European cultural revival."
Solve for x: 3x + 9 = 13.,3x = 13 - 9 ⇒ x = (13 - 9)/3 = 1.3333333333333333. Answer: 1.3333333333333333.
Why is the printing press significant?,"It enabled mass production of books, spreading literacy and ideas rapidly across Europe. Answer: mass knowledge spread."
Summarize in one sentence: 'Photosynthesis is how plants use sunlight to make food...',"Photosynthesis is the process by which plants convert sunlight, water, and carbon dioxide into glucose and oxygen. Answer: concise summary."
986 stickers are shared equally among 34 students. How many does each student get?,Each gets = 986 ÷ 34 = 29. Answer: 29.
What is a catalyst?,"A catalyst increases reaction rate by lowering activation energy without being consumed. Answer: speeds up reaction, not consumed."
Fix the punctuation: 'Lets eat Grandma',"Let's eat, Grandma. Answer: Let's eat, Grandma."
Explain refraction in simple words.,Refraction is the bending of light as it passes between media with different optical density due to speed change. Answer: bending due to speed change.
Why is the printing press significant?,"It enabled mass production of books, spreading literacy and ideas rapidly across Europe. Answer: mass knowledge spread."
323 stickers are shared equally among 17 students. How many does each student get?,Each gets = 323 ÷ 17 = 19. Answer: 19.
Convert 4682 cm to meters.,4682 cm ÷ 100 = 46.82 m. Answer: 46.82 m.
What does a hash map provide on average?,"Average O(1) insert, lookup, and delete via hashing. Answer: O(1) average operations."
What is Big-O time for binary search?,Binary search runs in O(log n) time on a sorted array. Answer: O(log n).
State Ohm's law and give a simple calculation.,"Ohm's law: V = I R. If I = 2 A and R = 5 Ω, then V = 10 V. Answer: V = IR."
What is the law of conservation of mass?,"In a closed system, mass is conserved during a chemical reaction; mass of reactants equals mass of products. Answer: mass conserved."
There were 47 apples in a basket. 11 were eaten. How many remain?,Remaining = 47 - 11 = 36. Answer: 36.
Solve for x: 7x + 1 = 14.,7x = 14 - 1 ⇒ x = (14 - 1)/7 = 1.8571428571428572. Answer: 1.8571428571428572.
Fix the punctuation: 'Lets eat Grandma',"Let's eat, Grandma. Answer: Let's eat, Grandma."
Find the GCD of 217 and 201.,"Using the Euclidean algorithm, GCD(217, 201) = 1. Answer: 1."
What was the Renaissance? One sentence.,"A cultural and intellectual revival starting in 14th‑century Italy that emphasized art, science, and humanism. Answer: European cultural revival."
Why is the printing press significant?,"It enabled mass production of books, spreading literacy and ideas rapidly across Europe. Answer: mass knowledge spread."
Rewrite the sentence in active voice: 'The ball was thrown by John.',John threw the ball. Answer: John threw the ball.
What does a hash map provide on average?,"Average O(1) insert, lookup, and delete via hashing. Answer: O(1) average operations."
Fix the punctuation: 'Lets eat Grandma',"Let's eat, Grandma. Answer: Let's eat, Grandma."
What was the Renaissance? One sentence.,"A cultural and intellectual revival starting in 14th‑century Italy that emphasized art, science, and humanism. Answer: European cultural revival."
Rewrite the sentence in active voice: 'The ball was thrown by John.',John threw the ball. Answer: John threw the ball.
Explain what a function does in programming.,A function groups reusable code to perform a task; it can take inputs (parameters) and return outputs. Answer: reusable code block.
Rewrite the sentence in active voice: 'The ball was thrown by John.',John threw the ball. Answer: John threw the ball.
Fix the punctuation: 'Lets eat Grandma',"Let's eat, Grandma. Answer: Let's eat, Grandma."
There were 45 apples in a basket. 27 were eaten. How many remain?,Remaining = 45 - 27 = 18. Answer: 18.
Rewrite the sentence in active voice: 'The ball was thrown by John.',John threw the ball. Answer: John threw the ball.
What was the Renaissance? One sentence.,"A cultural and intellectual revival starting in 14th‑century Italy that emphasized art, science, and humanism. Answer: European cultural revival."
Summarize in one sentence: 'Photosynthesis is how plants use sunlight to make food...',"Photosynthesis is the process by which plants convert sunlight, water, and carbon dioxide into glucose and oxygen. Answer: concise summary."
What was the Renaissance? One sentence.,"A cultural and intellectual revival starting in 14th‑century Italy that emphasized art, science, and humanism. Answer: European cultural revival."
Convert 7023 cm to meters.,7023 cm ÷ 100 = 70.23 m. Answer: 70.23 m.
Rewrite the sentence in active voice: 'The ball was thrown by John.',John threw the ball. Answer: John threw the ball.
Write the prime factorization of 214.,214 = 2 × 107. Answer: 2 × 107.
Explain difference between list and tuple in Python.,"List is mutable; tuple is immutable. Example: lists can append, tuples cannot. Answer: mutability difference."
Fix the punctuation: 'Lets eat Grandma',"Let's eat, Grandma. Answer: Let's eat, Grandma."
Explain what a function does in programming.,A function groups reusable code to perform a task; it can take inputs (parameters) and return outputs. Answer: reusable code block.
Explain what a function does in programming.,A function groups reusable code to perform a task; it can take inputs (parameters) and return outputs. Answer: reusable code block.
What is Big-O time for binary search?,Binary search runs in O(log n) time on a sorted array. Answer: O(log n).
Rewrite the sentence in active voice: 'The ball was thrown by John.',John threw the ball. Answer: John threw the ball.
A box has 36 rows of markers with 5 in each row. How many markers are there?,Total = 36 × 5 = 180. Answer: 180.
Differentiate speed and velocity briefly.,"Speed is scalar (magnitude only); velocity is vector (magnitude and direction). Example: 10 m/s east is velocity; 10 m/s is speed. Answer: speed=scalar, velocity=vector."
A class has 4 boys and 50 girls. How many students are there in total?,Total = 4 + 50 = 54. Answer: 54.
What does conservation of energy mean?,"Energy cannot be created or destroyed, only transformed between forms; total energy in an isolated system remains constant. Answer: energy conserved."
Find 15% of 128.,15% of 128 = (15/100)×128 = 19.2. Answer: 19.2.
What is a catalyst?,"A catalyst increases reaction rate by lowering activation energy without being consumed. Answer: speeds up reaction, not consumed."
There were 38 apples in a basket. 9 were eaten. How many remain?,Remaining = 38 - 9 = 29. Answer: 29.
Summarize in one sentence: 'Photosynthesis is how plants use sunlight to make food...',"Photosynthesis is the process by which plants convert sunlight, water, and carbon dioxide into glucose and oxygen. Answer: concise summary."
What does a hash map provide on average?,"Average O(1) insert, lookup, and delete via hashing. Answer: O(1) average operations."
Differentiate speed and velocity briefly.,"Speed is scalar (magnitude only); velocity is vector (magnitude and direction). Example: 10 m/s east is velocity; 10 m/s is speed. Answer: speed=scalar, velocity=vector."
Explain refraction in simple words.,Refraction is the bending of light as it passes between media with different optical density due to speed change. Answer: bending due to speed change.
Find 18% of 63.,18% of 63 = (18/100)×63 = 11.34. Answer: 11.34.
Why is the printing press significant?,"It enabled mass production of books, spreading literacy and ideas rapidly across Europe. Answer: mass knowledge spread."
Summarize in one sentence: 'Photosynthesis is how plants use sunlight to make food...',"Photosynthesis is the process by which plants convert sunlight, water, and carbon dioxide into glucose and oxygen. Answer: concise summary."
Differentiate speed and velocity briefly.,"Speed is scalar (magnitude only); velocity is vector (magnitude and direction). Example: 10 m/s east is velocity; 10 m/s is speed. Answer: speed=scalar, velocity=vector."
What was the Renaissance? One sentence.,"A cultural and intellectual revival starting in 14th‑century Italy that emphasized art, science, and humanism. Answer: European cultural revival."
Convert 4942 m to centimeters.,4942 m × 100 = 494200 cm. Answer: 494200 cm.
What was the Renaissance? One sentence.,"A cultural and intellectual revival starting in 14th‑century Italy that emphasized art, science, and humanism. Answer: European cultural revival."
What was the Renaissance? One sentence.,"A cultural and intellectual revival starting in 14th‑century Italy that emphasized art, science, and humanism. Answer: European cultural revival."
Explain what a function does in programming.,A function groups reusable code to perform a task; it can take inputs (parameters) and return outputs. Answer: reusable code block.
A box has 25 rows of markers with 6 in each row. How many markers are there?,Total = 25 × 6 = 150. Answer: 150.
Solve for x: 8x + -14 = 7.,8x = 7 - -14 ⇒ x = (7 - -14)/8 = 2.625. Answer: 2.625.
Explain what a function does in programming.,A function groups reusable code to perform a task; it can take inputs (parameters) and return outputs. Answer: reusable code block.
There were 29 apples in a basket. 11 were eaten. How many remain?,Remaining = 29 - 11 = 18. Answer: 18.
A box has 35 rows of markers with 43 in each row. How many markers are there?,Total = 35 × 43 = 1505. Answer: 1505.
Why is the printing press significant?,"It enabled mass production of books, spreading literacy and ideas rapidly across Europe. Answer: mass knowledge spread."
Fix the punctuation: 'Lets eat Grandma',"Let's eat, Grandma. Answer: Let's eat, Grandma."
A box has 39 rows of markers with 19 in each row. How many markers are there?,Total = 39 × 19 = 741. Answer: 741.
Differentiate speed and velocity briefly.,"Speed is scalar (magnitude only); velocity is vector (magnitude and direction). Example: 10 m/s east is velocity; 10 m/s is speed. Answer: speed=scalar, velocity=vector."
Explain what a function does in programming.,A function groups reusable code to perform a task; it can take inputs (parameters) and return outputs. Answer: reusable code block.
What is a catalyst?,"A catalyst increases reaction rate by lowering activation energy without being consumed. Answer: speeds up reaction, not consumed."
Why is the printing press significant?,"It enabled mass production of books, spreading literacy and ideas rapidly across Europe. Answer: mass knowledge spread."
What is Big-O time for binary search?,Binary search runs in O(log n) time on a sorted array. Answer: O(log n).
Fix the punctuation: 'Lets eat Grandma',"Let's eat, Grandma. Answer: Let's eat, Grandma."
What is a catalyst?,"A catalyst increases reaction rate by lowering activation energy without being consumed. Answer: speeds up reaction, not consumed."
Define an acid and a base (Arrhenius).,"Arrhenius acid produces H⁺ in water; base produces OH⁻ in water. Example: HCl (acid), NaOH (base). Answer: H⁺ vs OH⁻ producers."
What does a hash map provide on average?,"Average O(1) insert, lookup, and delete via hashing. Answer: O(1) average operations."
What does a hash map provide on average?,"Average O(1) insert, lookup, and delete via hashing. Answer: O(1) average operations."
What was the Renaissance? One sentence.,"A cultural and intellectual revival starting in 14th‑century Italy that emphasized art, science, and humanism. Answer: European cultural revival."
What was the Renaissance? One sentence.,"A cultural and intellectual revival starting in 14th‑century Italy that emphasized art, science, and humanism. Answer: European cultural revival."
Find the GCD of 210 and 252.,"Using the Euclidean algorithm, GCD(210, 252) = 42. Answer: 42."
What was the Renaissance? One sentence.,"A cultural and intellectual revival starting in 14th‑century Italy that emphasized art, science, and humanism. Answer: European cultural revival."
1376 stickers are shared equally among 32 students. How many does each student get?,Each gets = 1376 ÷ 32 = 43. Answer: 43.
Rewrite the sentence in active voice: 'The ball was thrown by John.',John threw the ball. Answer: John threw the ball.
Write the prime factorization of 133.,133 = 7 × 19. Answer: 7 × 19.
Summarize in one sentence: 'Photosynthesis is how plants use sunlight to make food...',"Photosynthesis is the process by which plants convert sunlight, water, and carbon dioxide into glucose and oxygen. Answer: concise summary."
Explain refraction in simple words.,Refraction is the bending of light as it passes between media with different optical density due to speed change. Answer: bending due to speed change.
975 stickers are shared equally among 39 students. How many does each student get?,Each gets = 975 ÷ 39 = 25. Answer: 25.
Why is the printing press significant?,"It enabled mass production of books, spreading literacy and ideas rapidly across Europe. Answer: mass knowledge spread."
Summarize in one sentence: 'Photosynthesis is how plants use sunlight to make food...',"Photosynthesis is the process by which plants convert sunlight, water, and carbon dioxide into glucose and oxygen. Answer: concise summary."
Why is the printing press significant?,"It enabled mass production of books, spreading literacy and ideas rapidly across Europe. Answer: mass knowledge spread."
Explain what a function does in programming.,A function groups reusable code to perform a task; it can take inputs (parameters) and return outputs. Answer: reusable code block.
What does a hash map provide on average?,"Average O(1) insert, lookup, and delete via hashing. Answer: O(1) average operations."
Explain difference between list and tuple in Python.,"List is mutable; tuple is immutable. Example: lists can append, tuples cannot. Answer: mutability difference."
Convert 3156 g to kilograms.,3156 g ÷ 1000 = 3.156 kg. Answer: 3.156 kg.
Convert 8780 m to centimeters.,8780 m × 100 = 878000 cm. Answer: 878000 cm.
What does conservation of energy mean?,"Energy cannot be created or destroyed, only transformed between forms; total energy in an isolated system remains constant. Answer: energy conserved."
What is a catalyst?,"A catalyst increases reaction rate by lowering activation energy without being consumed. Answer: speeds up reaction, not consumed."
What does a hash map provide on average?,"Average O(1) insert, lookup, and delete via hashing. Answer: O(1) average operations."
Find the GCD of 153 and 118.,"Using the Euclidean algorithm, GCD(153, 118) = 1. Answer: 1."
Explain difference between list and tuple in Python.,"List is mutable; tuple is immutable. Example: lists can append, tuples cannot. Answer: mutability difference."
What is Big-O time for binary search?,Binary search runs in O(log n) time on a sorted array. Answer: O(log n).
A box has 36 rows of markers with 10 in each row. How many markers are there?,Total = 36 × 10 = 360. Answer: 360.
Find the LCM of 143 and 76.,143 = 11 × 13; 76 = 2 × 2 × 19. LCM = 10868. Answer: 10868.
420 stickers are shared equally among 10 students. How many does each student get?,Each gets = 420 ÷ 10 = 42. Answer: 42.
Find the LCM of 148 and 74.,148 = 2 × 2 × 37; 74 = 2 × 37. LCM = 148. Answer: 148.
Fix the punctuation: 'Lets eat Grandma',"Let's eat, Grandma. Answer: Let's eat, Grandma."
Fix the punctuation: 'Lets eat Grandma',"Let's eat, Grandma. Answer: Let's eat, Grandma."
Explain Newton's first law with an example.,Newton's first law (law of inertia) states an object remains at rest or moves at constant velocity unless acted on by a net external force. Example: A puck on frictionless ice glides at constant speed. Answer: Law of inertia.
Explain what a function does in programming.,A function groups reusable code to perform a task; it can take inputs (parameters) and return outputs. Answer: reusable code block.
Find the LCM of 104 and 127.,104 = 2 × 2 × 2 × 13; 127 = 127. LCM = 13208. Answer: 13208.
Find 50% of 372.,50% of 372 = (50/100)×372 = 186.0. Answer: 186.0.
Find the GCD of 78 and 290.,"Using the Euclidean algorithm, GCD(78, 290) = 2. Answer: 2."
What is Big-O time for binary search?,Binary search runs in O(log n) time on a sorted array. Answer: O(log n).
Differentiate speed and velocity briefly.,"Speed is scalar (magnitude only); velocity is vector (magnitude and direction). Example: 10 m/s east is velocity; 10 m/s is speed. Answer: speed=scalar, velocity=vector."
Why is the printing press significant?,"It enabled mass production of books, spreading literacy and ideas rapidly across Europe. Answer: mass knowledge spread."
What was the Renaissance? One sentence.,"A cultural and intellectual revival starting in 14th‑century Italy that emphasized art, science, and humanism. Answer: European cultural revival."
Why is the printing press significant?,"It enabled mass production of books, spreading literacy and ideas rapidly across Europe. Answer: mass knowledge spread."
Fix the punctuation: 'Lets eat Grandma',"Let's eat, Grandma. Answer: Let's eat, Grandma."
Explain what a function does in programming.,A function groups reusable code to perform a task; it can take inputs (parameters) and return outputs. Answer: reusable code block.
What is Big-O time for binary search?,Binary search runs in O(log n) time on a sorted array. Answer: O(log n).
What was the Renaissance? One sentence.,"A cultural and intellectual revival starting in 14th‑century Italy that emphasized art, science, and humanism. Answer: European cultural revival."
What does conservation of energy mean?,"Energy cannot be created or destroyed, only transformed between forms; total energy in an isolated system remains constant. Answer: energy conserved."
What is Big-O time for binary search?,Binary search runs in O(log n) time on a sorted array. Answer: O(log n).
What does conservation of energy mean?,"Energy cannot be created or destroyed, only transformed between forms; total energy in an isolated system remains constant. Answer: energy conserved."
Define molar mass.,"Molar mass is the mass of one mole of a substance, in g/mol. Example: H₂O ≈ 18 g/mol. Answer: mass per mole."
Find the GCD of 3 and 211.,"Using the Euclidean algorithm, GCD(3, 211) = 1. Answer: 1."
Summarize in one sentence: 'Photosynthesis is how plants use sunlight to make food...',"Photosynthesis is the process by which plants convert sunlight, water, and carbon dioxide into glucose and oxygen. Answer: concise summary."
Why is the printing press significant?,"It enabled mass production of books, spreading literacy and ideas rapidly across Europe. Answer: mass knowledge spread."
What is Big-O time for binary search?,Binary search runs in O(log n) time on a sorted array. Answer: O(log n).
Explain refraction in simple words.,Refraction is the bending of light as it passes between media with different optical density due to speed change. Answer: bending due to speed change.
920 stickers are shared equally among 20 students. How many does each student get?,Each gets = 920 ÷ 20 = 46. Answer: 46.
Convert 3825 g to kilograms.,3825 g ÷ 1000 = 3.825 kg. Answer: 3.825 kg.
There were 44 apples in a basket. 39 were eaten. How many remain?,Remaining = 44 - 39 = 5. Answer: 5.
Rewrite the sentence in active voice: 'The ball was thrown by John.',John threw the ball. Answer: John threw the ball.
What was the Renaissance? One sentence.,"A cultural and intellectual revival starting in 14th‑century Italy that emphasized art, science, and humanism. Answer: European cultural revival."
There were 19 apples in a basket. 11 were eaten. How many remain?,Remaining = 19 - 11 = 8. Answer: 8.
Find the LCM of 44 and 80.,44 = 2 × 2 × 11; 80 = 2 × 2 × 2 × 2 × 5. LCM = 880. Answer: 880.
Why is the printing press significant?,"It enabled mass production of books, spreading literacy and ideas rapidly across Europe. Answer: mass knowledge spread."
Rewrite the sentence in active voice: 'The ball was thrown by John.',John threw the ball. Answer: John threw the ball.
Summarize in one sentence: 'Photosynthesis is how plants use sunlight to make food...',"Photosynthesis is the process by which plants convert sunlight, water, and carbon dioxide into glucose and oxygen. Answer: concise summary."
Explain what a function does in programming.,A function groups reusable code to perform a task; it can take inputs (parameters) and return outputs. Answer: reusable code block.
Explain what a function does in programming.,A function groups reusable code to perform a task; it can take inputs (parameters) and return outputs. Answer: reusable code block.
Rewrite the sentence in active voice: 'The ball was thrown by John.',John threw the ball. Answer: John threw the ball.
What was the Renaissance? One sentence.,"A cultural and intellectual revival starting in 14th‑century Italy that emphasized art, science, and humanism. Answer: European cultural revival."
Summarize in one sentence: 'Photosynthesis is how plants use sunlight to make food...',"Photosynthesis is the process by which plants convert sunlight, water, and carbon dioxide into glucose and oxygen. Answer: concise summary."
What does a hash map provide on average?,"Average O(1) insert, lookup, and delete via hashing. Answer: O(1) average operations."
Find the LCM of 60 and 174.,60 = 2 × 2 × 3 × 5; 174 = 2 × 3 × 29. LCM = 1740. Answer: 1740.
What was the Renaissance? One sentence.,"A cultural and intellectual revival starting in 14th‑century Italy that emphasized art, science, and humanism. Answer: European cultural revival."
A class has 19 boys and 38 girls. How many students are there in total?,Total = 19 + 38 = 57. Answer: 57.
What is a catalyst?,"A catalyst increases reaction rate by lowering activation energy without being consumed. Answer: speeds up reaction, not consumed."
Why is the printing press significant?,"It enabled mass production of books, spreading literacy and ideas rapidly across Europe. Answer: mass knowledge spread."
Explain difference between list and tuple in Python.,"List is mutable; tuple is immutable. Example: lists can append, tuples cannot. Answer: mutability difference."
Why is the printing press significant?,"It enabled mass production of books, spreading literacy and ideas rapidly across Europe. Answer: mass knowledge spread."
231 stickers are shared equally among 33 students. How many does each student get?,Each gets = 231 ÷ 33 = 7. Answer: 7.
Explain what a function does in programming.,A function groups reusable code to perform a task; it can take inputs (parameters) and return outputs. Answer: reusable code block.
What does a hash map provide on average?,"Average O(1) insert, lookup, and delete via hashing. Answer: O(1) average operations."
A box has 8 rows of markers with 12 in each row. How many markers are there?,Total = 8 × 12 = 96. Answer: 96.
Summarize in one sentence: 'Photosynthesis is how plants use sunlight to make food...',"Photosynthesis is the process by which plants convert sunlight, water, and carbon dioxide into glucose and oxygen. Answer: concise summary."
Fix the punctuation: 'Lets eat Grandma',"Let's eat, Grandma. Answer: Let's eat, Grandma."
A class has 27 boys and 50 girls. How many students are there in total?,Total = 27 + 50 = 77. Answer: 77.
Rewrite the sentence in active voice: 'The ball was thrown by John.',John threw the ball. Answer: John threw the ball.
What does a hash map provide on average?,"Average O(1) insert, lookup, and delete via hashing. Answer: O(1) average operations."
What is Big-O time for binary search?,Binary search runs in O(log n) time on a sorted array. Answer: O(log n).
Summarize in one sentence: 'Photosynthesis is how plants use sunlight to make food...',"Photosynthesis is the process by which plants convert sunlight, water, and carbon dioxide into glucose and oxygen. Answer: concise summary."
Convert 8890 g to kilograms.,8890 g ÷ 1000 = 8.89 kg. Answer: 8.89 kg.
Rewrite the sentence in active voice: 'The ball was thrown by John.',John threw the ball. Answer: John threw the ball.
Define molar mass.,"Molar mass is the mass of one mole of a substance, in g/mol. Example: H₂O ≈ 18 g/mol. Answer: mass per mole."
Explain what a function does in programming.,A function groups reusable code to perform a task; it can take inputs (parameters) and return outputs. Answer: reusable code block.
A class has 30 boys and 50 girls. How many students are there in total?,Total = 30 + 50 = 80. Answer: 80.
Explain refraction in simple words.,Refraction is the bending of light as it passes between media with different optical density due to speed change. Answer: bending due to speed change.
What was the Renaissance? One sentence.,"A cultural and intellectual revival starting in 14th‑century Italy that emphasized art, science, and humanism. Answer: European cultural revival."
Explain what a function does in programming.,A function groups reusable code to perform a task; it can take inputs (parameters) and return outputs. Answer: reusable code block.
A class has 33 boys and 9 girls. How many students are there in total?,Total = 33 + 9 = 42. Answer: 42.
There were 40 apples in a basket. 17 were eaten. How many remain?,Remaining = 40 - 17 = 23. Answer: 23.
What is Big-O time for binary search?,Binary search runs in O(log n) time on a sorted array. Answer: O(log n).
Why is the printing press significant?,"It enabled mass production of books, spreading literacy and ideas rapidly across Europe. Answer: mass knowledge spread."
Find the GCD of 60 and 238.,"Using the Euclidean algorithm, GCD(60, 238) = 2. Answer: 2."
Convert 2523 g to kilograms.,2523 g ÷ 1000 = 2.523 kg. Answer: 2.523 kg.
A box has 20 rows of markers with 34 in each row. How many markers are there?,Total = 20 × 34 = 680. Answer: 680.
Fix the punctuation: 'Lets eat Grandma',"Let's eat, Grandma. Answer: Let's eat, Grandma."
Rewrite the sentence in active voice: 'The ball was thrown by John.',John threw the ball. Answer: John threw the ball.
Summarize in one sentence: 'Photosynthesis is how plants use sunlight to make food...',"Photosynthesis is the process by which plants convert sunlight, water, and carbon dioxide into glucose and oxygen. Answer: concise summary."
What is the law of conservation of mass?,"In a closed system, mass is conserved during a chemical reaction; mass of reactants equals mass of products. Answer: mass conserved."
Define molar mass.,"Molar mass is the mass of one mole of a substance, in g/mol. Example: H₂O ≈ 18 g/mol. Answer: mass per mole."
A box has 10 rows of markers with 6 in each row. How many markers are there?,Total = 10 × 6 = 60. Answer: 60.
Fix the punctuation: 'Lets eat Grandma',"Let's eat, Grandma. Answer: Let's eat, Grandma."
Why is the printing press significant?,"It enabled mass production of books, spreading literacy and ideas rapidly across Europe. Answer: mass knowledge spread."
Write the prime factorization of 391.,391 = 17 × 23. Answer: 17 × 23.
Explain what a function does in programming.,A function groups reusable code to perform a task; it can take inputs (parameters) and return outputs. Answer: reusable code block.
What is a catalyst?,"A catalyst increases reaction rate by lowering activation energy without being consumed. Answer: speeds up reaction, not consumed."
Why is the printing press significant?,"It enabled mass production of books, spreading literacy and ideas rapidly across Europe. Answer: mass knowledge spread."
What does a hash map provide on average?,"Average O(1) insert, lookup, and delete via hashing. Answer: O(1) average operations."
Why is the printing press significant?,"It enabled mass production of books, spreading literacy and ideas rapidly across Europe. Answer: mass knowledge spread."
Fix the punctuation: 'Lets eat Grandma',"Let's eat, Grandma. Answer: Let's eat, Grandma."
What does conservation of energy mean?,"Energy cannot be created or destroyed, only transformed between forms; total energy in an isolated system remains constant. Answer: energy conserved."
Why is the printing press significant?,"It enabled mass production of books, spreading literacy and ideas rapidly across Europe. Answer: mass knowledge spread."
What is the law of conservation of mass?,"In a closed system, mass is conserved during a chemical reaction; mass of reactants equals mass of products. Answer: mass conserved."
Write the prime factorization of 262.,262 = 2 × 131. Answer: 2 × 131.
There were 26 apples in a basket. 26 were eaten. How many remain?,Remaining = 26 - 26 = 0. Answer: 0.
Rewrite the sentence in active voice: 'The ball was thrown by John.',John threw the ball. Answer: John threw the ball.
Define molar mass.,"Molar mass is the mass of one mole of a substance, in g/mol. Example: H₂O ≈ 18 g/mol. Answer: mass per mole."
Why is the printing press significant?,"It enabled mass production of books, spreading literacy and ideas rapidly across Europe. Answer: mass knowledge spread."
Solve for x: 2x + 13 = 9.,2x = 9 - 13 ⇒ x = (9 - 13)/2 = -2.0. Answer: -2.0.
Convert 2362 g to kilograms.,2362 g ÷ 1000 = 2.362 kg. Answer: 2.362 kg.
66 stickers are shared equally among 11 students. How many does each student get?,Each gets = 66 ÷ 11 = 6. Answer: 6.
What does a hash map provide on average?,"Average O(1) insert, lookup, and delete via hashing. Answer: O(1) average operations."
Why is the printing press significant?,"It enabled mass production of books, spreading literacy and ideas rapidly across Europe. Answer: mass knowledge spread."
161 stickers are shared equally among 7 students. How many does each student get?,Each gets = 161 ÷ 7 = 23. Answer: 23.
Explain what a function does in programming.,A function groups reusable code to perform a task; it can take inputs (parameters) and return outputs. Answer: reusable code block.
What was the Renaissance? One sentence.,"A cultural and intellectual revival starting in 14th‑century Italy that emphasized art, science, and humanism. Answer: European cultural revival."
What was the Renaissance? One sentence.,"A cultural and intellectual revival starting in 14th‑century Italy that emphasized art, science, and humanism. Answer: European cultural revival."
Explain refraction in simple words.,Refraction is the bending of light as it passes between media with different optical density due to speed change. Answer: bending due to speed change.
Differentiate speed and velocity briefly.,"Speed is scalar (magnitude only); velocity is vector (magnitude and direction). Example: 10 m/s east is velocity; 10 m/s is speed. Answer: speed=scalar, velocity=vector."
Rewrite the sentence in active voice: 'The ball was thrown by John.',John threw the ball. Answer: John threw the ball.
376 stickers are shared equally among 47 students. How many does each student get?,Each gets = 376 ÷ 47 = 8. Answer: 8.
Explain refraction in simple words.,Refraction is the bending of light as it passes between media with different optical density due to speed change. Answer: bending due to speed change.
Find the LCM of 85 and 16.,85 = 5 × 17; 16 = 2 × 2 × 2 × 2. LCM = 1360. Answer: 1360.
What does a hash map provide on average?,"Average O(1) insert, lookup, and delete via hashing. Answer: O(1) average operations."
Explain what a function does in programming.,A function groups reusable code to perform a task; it can take inputs (parameters) and return outputs. Answer: reusable code block.
What does conservation of energy mean?,"Energy cannot be created or destroyed, only transformed between forms; total energy in an isolated system remains constant. Answer: energy conserved."
Why is the printing press significant?,"It enabled mass production of books, spreading literacy and ideas rapidly across Europe. Answer: mass knowledge spread."
What was the Renaissance? One sentence.,"A cultural and intellectual revival starting in 14th‑century Italy that emphasized art, science, and humanism. Answer: European cultural revival."
State Ohm's law and give a simple calculation.,"Ohm's law: V = I R. If I = 2 A and R = 5 Ω, then V = 10 V. Answer: V = IR."
Find 40% of 245.,40% of 245 = (40/100)×245 = 98.0. Answer: 98.0.
There were 33 apples in a basket. 17 were eaten. How many remain?,Remaining = 33 - 17 = 16. Answer: 16.
What is a catalyst?,"A catalyst increases reaction rate by lowering activation energy without being consumed. Answer: speeds up reaction, not consumed."
A box has 18 rows of markers with 31 in each row. How many markers are there?,Total = 18 × 31 = 558. Answer: 558.
A box has 2 rows of markers with 31 in each row. How many markers are there?,Total = 2 × 31 = 62. Answer: 62.
A class has 36 boys and 12 girls. How many students are there in total?,Total = 36 + 12 = 48. Answer: 48.
Fix the punctuation: 'Lets eat Grandma',"Let's eat, Grandma. Answer: Let's eat, Grandma."
Why is the printing press significant?,"It enabled mass production of books, spreading literacy and ideas rapidly across Europe. Answer: mass knowledge spread."
A box has 29 rows of markers with 46 in each row. How many markers are there?,Total = 29 × 46 = 1334. Answer: 1334.
Fix the punctuation: 'Lets eat Grandma',"Let's eat, Grandma. Answer: Let's eat, Grandma."
What is the law of conservation of mass?,"In a closed system, mass is conserved during a chemical reaction; mass of reactants equals mass of products. Answer: mass conserved."
Rewrite the sentence in active voice: 'The ball was thrown by John.',John threw the ball. Answer: John threw the ball.
What is the law of conservation of mass?,"In a closed system, mass is conserved during a chemical reaction; mass of reactants equals mass of products. Answer: mass conserved."
Why is the printing press significant?,"It enabled mass production of books, spreading literacy and ideas rapidly across Europe. Answer: mass knowledge spread."
Why is the printing press significant?,"It enabled mass production of books, spreading literacy and ideas rapidly across Europe. Answer: mass knowledge spread."
60 stickers are shared equally among 20 students. How many does each student get?,Each gets = 60 ÷ 20 = 3. Answer: 3.
What is Big-O time for binary search?,Binary search runs in O(log n) time on a sorted array. Answer: O(log n).
What was the Renaissance? One sentence.,"A cultural and intellectual revival starting in 14th‑century Italy that emphasized art, science, and humanism. Answer: European cultural revival."
Why is the printing press significant?,"It enabled mass production of books, spreading literacy and ideas rapidly across Europe. Answer: mass knowledge spread."
Explain difference between list and tuple in Python.,"List is mutable; tuple is immutable. Example: lists can append, tuples cannot. Answer: mutability difference."
Why is the printing press significant?,"It enabled mass production of books, spreading literacy and ideas rapidly across Europe. Answer: mass knowledge spread."
What does conservation of energy mean?,"Energy cannot be created or destroyed, only transformed between forms; total energy in an isolated system remains constant. Answer: energy conserved."
Why is the printing press significant?,"It enabled mass production of books, spreading literacy and ideas rapidly across Europe. Answer: mass knowledge spread."
There were 50 apples in a basket. 48 were eaten. How many remain?,Remaining = 50 - 48 = 2. Answer: 2.
A class has 8 boys and 42 girls. How many students are there in total?,Total = 8 + 42 = 50. Answer: 50.
Explain what a function does in programming.,A function groups reusable code to perform a task; it can take inputs (parameters) and return outputs. Answer: reusable code block.
Find 12% of 236.,12% of 236 = (12/100)×236 = 28.32. Answer: 28.32.
Write the prime factorization of 187.,187 = 11 × 17. Answer: 11 × 17.
There were 28 apples in a basket. 13 were eaten. How many remain?,Remaining = 28 - 13 = 15. Answer: 15.
Define molar mass.,"Molar mass is the mass of one mole of a substance, in g/mol. Example: H₂O ≈ 18 g/mol. Answer: mass per mole."
What does a hash map provide on average?,"Average O(1) insert, lookup, and delete via hashing. Answer: O(1) average operations."
Explain refraction in simple words.,Refraction is the bending of light as it passes between media with different optical density due to speed change. Answer: bending due to speed change.
Fix the punctuation: 'Lets eat Grandma',"Let's eat, Grandma. Answer: Let's eat, Grandma."
207 stickers are shared equally among 23 students. How many does each student get?,Each gets = 207 ÷ 23 = 9. Answer: 9.
Find the GCD of 117 and 205.,"Using the Euclidean algorithm, GCD(117, 205) = 1. Answer: 1."
Why is the printing press significant?,"It enabled mass production of books, spreading literacy and ideas rapidly across Europe. Answer: mass knowledge spread."
Solve for x: 1x + -4 = 14.,1x = 14 - -4 ⇒ x = (14 - -4)/1 = 18.0. Answer: 18.0.
Solve for x: 6x + -4 = 17.,6x = 17 - -4 ⇒ x = (17 - -4)/6 = 3.5. Answer: 3.5.
Summarize in one sentence: 'Photosynthesis is how plants use sunlight to make food...',"Photosynthesis is the process by which plants convert sunlight, water, and carbon dioxide into glucose and oxygen. Answer: concise summary."
What is Big-O time for binary search?,Binary search runs in O(log n) time on a sorted array. Answer: O(log n).
A class has 16 boys and 32 girls. How many students are there in total?,Total = 16 + 32 = 48. Answer: 48.
Why is the printing press significant?,"It enabled mass production of books, spreading literacy and ideas rapidly across Europe. Answer: mass knowledge spread."
What was the Renaissance? One sentence.,"A cultural and intellectual revival starting in 14th‑century Italy that emphasized art, science, and humanism. Answer: European cultural revival."
252 stickers are shared equally among 6 students. How many does each student get?,Each gets = 252 ÷ 6 = 42. Answer: 42.
903 stickers are shared equally among 21 students. How many does each student get?,Each gets = 903 ÷ 21 = 43. Answer: 43.
Find the GCD of 25 and 21.,"Using the Euclidean algorithm, GCD(25, 21) = 1. Answer: 1."
Explain what a function does in programming.,A function groups reusable code to perform a task; it can take inputs (parameters) and return outputs. Answer: reusable code block.
Find the LCM of 62 and 139.,62 = 2 × 31; 139 = 139. LCM = 8618. Answer: 8618.
What is the law of conservation of mass?,"In a closed system, mass is conserved during a chemical reaction; mass of reactants equals mass of products. Answer: mass conserved."
Fix the punctuation: 'Lets eat Grandma',"Let's eat, Grandma. Answer: Let's eat, Grandma."
2254 stickers are shared equally among 49 students. How many does each student get?,Each gets = 2254 ÷ 49 = 46. Answer: 46.
What was the Renaissance? One sentence.,"A cultural and intellectual revival starting in 14th‑century Italy that emphasized art, science, and humanism. Answer: European cultural revival."
Summarize in one sentence: 'Photosynthesis is how plants use sunlight to make food...',"Photosynthesis is the process by which plants convert sunlight, water, and carbon dioxide into glucose and oxygen. Answer: concise summary."
Solve for x: 10x + 6 = -3.,10x = -3 - 6 ⇒ x = (-3 - 6)/10 = -0.9. Answer: -0.9.
Convert 6071 cm to meters.,6071 cm ÷ 100 = 60.71 m. Answer: 60.71 m.
Fix the punctuation: 'Lets eat Grandma',"Let's eat, Grandma. Answer: Let's eat, Grandma."
Define an acid and a base (Arrhenius).,"Arrhenius acid produces H⁺ in water; base produces OH⁻ in water. Example: HCl (acid), NaOH (base). Answer: H⁺ vs OH⁻ producers."
Convert 6019 m to centimeters.,6019 m × 100 = 601900 cm. Answer: 601900 cm.
120 stickers are shared equally among 24 students. How many does each student get?,Each gets = 120 ÷ 24 = 5. Answer: 5.
Explain difference between list and tuple in Python.,"List is mutable; tuple is immutable. Example: lists can append, tuples cannot. Answer: mutability difference."
Solve for x: 2x + -7 = 20.,2x = 20 - -7 ⇒ x = (20 - -7)/2 = 13.5. Answer: 13.5.
What was the Renaissance? One sentence.,"A cultural and intellectual revival starting in 14th‑century Italy that emphasized art, science, and humanism. Answer: European cultural revival."
Write the prime factorization of 144.,144 = 2 × 2 × 2 × 2 × 3 × 3. Answer: 2 × 2 × 2 × 2 × 3 × 3.
What does conservation of energy mean?,"Energy cannot be created or destroyed, only transformed between forms; total energy in an isolated system remains constant. Answer: energy conserved."
Find 40% of 156.,40% of 156 = (40/100)×156 = 62.4. Answer: 62.4.
What does conservation of energy mean?,"Energy cannot be created or destroyed, only transformed between forms; total energy in an isolated system remains constant. Answer: energy conserved."
Explain difference between list and tuple in Python.,"List is mutable; tuple is immutable. Example: lists can append, tuples cannot. Answer: mutability difference."
What was the Renaissance? One sentence.,"A cultural and intellectual revival starting in 14th‑century Italy that emphasized art, science, and humanism. Answer: European cultural revival."
Explain difference between list and tuple in Python.,"List is mutable; tuple is immutable. Example: lists can append, tuples cannot. Answer: mutability difference."
Define molar mass.,"Molar mass is the mass of one mole of a substance, in g/mol. Example: H₂O ≈ 18 g/mol. Answer: mass per mole."
Explain difference between list and tuple in Python.,"List is mutable; tuple is immutable. Example: lists can append, tuples cannot. Answer: mutability difference."
Convert 423 cm to meters.,423 cm ÷ 100 = 4.23 m. Answer: 4.23 m.
Write the prime factorization of 141.,141 = 3 × 47. Answer: 3 × 47.
Why is the printing press significant?,"It enabled mass production of books, spreading literacy and ideas rapidly across Europe. Answer: mass knowledge spread."
Find the GCD of 137 and 28.,"Using the Euclidean algorithm, GCD(137, 28) = 1. Answer: 1."
What is the law of conservation of mass?,"In a closed system, mass is conserved during a chemical reaction; mass of reactants equals mass of products. Answer: mass conserved."
What was the Renaissance? One sentence.,"A cultural and intellectual revival starting in 14th‑century Italy that emphasized art, science, and humanism. Answer: European cultural revival."
192 stickers are shared equally among 6 students. How many does each student get?,Each gets = 192 ÷ 6 = 32. Answer: 32.
What is Big-O time for binary search?,Binary search runs in O(log n) time on a sorted array. Answer: O(log n).
Summarize in one sentence: 'Photosynthesis is how plants use sunlight to make food...',"Photosynthesis is the process by which plants convert sunlight, water, and carbon dioxide into glucose and oxygen. Answer: concise summary."
Explain Newton's first law with an example.,Newton's first law (law of inertia) states an object remains at rest or moves at constant velocity unless acted on by a net external force. Example: A puck on frictionless ice glides at constant speed. Answer: Law of inertia.
A box has 44 rows of markers with 35 in each row. How many markers are there?,Total = 44 × 35 = 1540. Answer: 1540.
Summarize in one sentence: 'Photosynthesis is how plants use sunlight to make food...',"Photosynthesis is the process by which plants convert sunlight, water, and carbon dioxide into glucose and oxygen. Answer: concise summary."
Find the LCM of 124 and 104.,124 = 2 × 2 × 31; 104 = 2 × 2 × 2 × 13. LCM = 3224. Answer: 3224.
Summarize in one sentence: 'Photosynthesis is how plants use sunlight to make food...',"Photosynthesis is the process by which plants convert sunlight, water, and carbon dioxide into glucose and oxygen. Answer: concise summary."
Solve for x: 12x + 8 = -16.,12x = -16 - 8 ⇒ x = (-16 - 8)/12 = -2.0. Answer: -2.0.
Write the prime factorization of 331.,331 = 331. Answer: 331.
Differentiate speed and velocity briefly.,"Speed is scalar (magnitude only); velocity is vector (magnitude and direction). Example: 10 m/s east is velocity; 10 m/s is speed. Answer: speed=scalar, velocity=vector."
Explain refraction in simple words.,Refraction is the bending of light as it passes between media with different optical density due to speed change. Answer: bending due to speed change.
Why is the printing press significant?,"It enabled mass production of books, spreading literacy and ideas rapidly across Europe. Answer: mass knowledge spread."
Summarize in one sentence: 'Photosynthesis is how plants use sunlight to make food...',"Photosynthesis is the process by which plants convert sunlight, water, and carbon dioxide into glucose and oxygen. Answer: concise summary."
Why is the printing press significant?,"It enabled mass production of books, spreading literacy and ideas rapidly across Europe. Answer: mass knowledge spread."
Summarize in one sentence: 'Photosynthesis is how plants use sunlight to make food...',"Photosynthesis is the process by which plants convert sunlight, water, and carbon dioxide into glucose and oxygen. Answer: concise summary."
Why is the printing press significant?,"It enabled mass production of books, spreading literacy and ideas rapidly across Europe. Answer: mass knowledge spread."
Convert 1875 m to centimeters.,1875 m × 100 = 187500 cm. Answer: 187500 cm.
There were 48 apples in a basket. 37 were eaten. How many remain?,Remaining = 48 - 37 = 11. Answer: 11.
Fix the punctuation: 'Lets eat Grandma',"Let's eat, Grandma. Answer: Let's eat, Grandma."
What is the law of conservation of mass?,"In a closed system, mass is conserved during a chemical reaction; mass of reactants equals mass of products. Answer: mass conserved."
Explain what a function does in programming.,A function groups reusable code to perform a task; it can take inputs (parameters) and return outputs. Answer: reusable code block.
Fix the punctuation: 'Lets eat Grandma',"Let's eat, Grandma. Answer: Let's eat, Grandma."
176 stickers are shared equally among 8 students. How many does each student get?,Each gets = 176 ÷ 8 = 22. Answer: 22.
What does a hash map provide on average?,"Average O(1) insert, lookup, and delete via hashing. Answer: O(1) average operations."
Explain difference between list and tuple in Python.,"List is mutable; tuple is immutable. Example: lists can append, tuples cannot. Answer: mutability difference."
A class has 32 boys and 6 girls. How many students are there in total?,Total = 32 + 6 = 38. Answer: 38.
Find the LCM of 112 and 26.,112 = 2 × 2 × 2 × 2 × 7; 26 = 2 × 13. LCM = 1456. Answer: 1456.
There were 49 apples in a basket. 25 were eaten. How many remain?,Remaining = 49 - 25 = 24. Answer: 24.
What was the Renaissance? One sentence.,"A cultural and intellectual revival starting in 14th‑century Italy that emphasized art, science, and humanism. Answer: European cultural revival."
Why is the printing press significant?,"It enabled mass production of books, spreading literacy and ideas rapidly across Europe. Answer: mass knowledge spread."
A box has 9 rows of markers with 28 in each row. How many markers are there?,Total = 9 × 28 = 252. Answer: 252.
A class has 50 boys and 29 girls. How many students are there in total?,Total = 50 + 29 = 79. Answer: 79.
What does a hash map provide on average?,"Average O(1) insert, lookup, and delete via hashing. Answer: O(1) average operations."
What is Big-O time for binary search?,Binary search runs in O(log n) time on a sorted array. Answer: O(log n).
What was the Renaissance? One sentence.,"A cultural and intellectual revival starting in 14th‑century Italy that emphasized art, science, and humanism. Answer: European cultural revival."
What is a catalyst?,"A catalyst increases reaction rate by lowering activation energy without being consumed. Answer: speeds up reaction, not consumed."
Differentiate speed and velocity briefly.,"Speed is scalar (magnitude only); velocity is vector (magnitude and direction). Example: 10 m/s east is velocity; 10 m/s is speed. Answer: speed=scalar, velocity=vector."
What does a hash map provide on average?,"Average O(1) insert, lookup, and delete via hashing. Answer: O(1) average operations."
Write the prime factorization of 313.,313 = 313. Answer: 313.
What is the law of conservation of mass?,"In a closed system, mass is conserved during a chemical reaction; mass of reactants equals mass of products. Answer: mass conserved."
What was the Renaissance? One sentence.,"A cultural and intellectual revival starting in 14th‑century Italy that emphasized art, science, and humanism. Answer: European cultural revival."
Why is the printing press significant?,"It enabled mass production of books, spreading literacy and ideas rapidly across Europe. Answer: mass knowledge spread."
Find the GCD of 141 and 160.,"Using the Euclidean algorithm, GCD(141, 160) = 1. Answer: 1."
What does a hash map provide on average?,"Average O(1) insert, lookup, and delete via hashing. Answer: O(1) average operations."
Find the GCD of 75 and 291.,"Using the Euclidean algorithm, GCD(75, 291) = 3. Answer: 3."
There were 27 apples in a basket. 6 were eaten. How many remain?,Remaining = 27 - 6 = 21. Answer: 21.
A class has 42 boys and 3 girls. How many students are there in total?,Total = 42 + 3 = 45. Answer: 45.
525 stickers are shared equally among 35 students. How many does each student get?,Each gets = 525 ÷ 35 = 15. Answer: 15.
Fix the punctuation: 'Lets eat Grandma',"Let's eat, Grandma. Answer: Let's eat, Grandma."
Explain difference between list and tuple in Python.,"List is mutable; tuple is immutable. Example: lists can append, tuples cannot. Answer: mutability difference."
What does a hash map provide on average?,"Average O(1) insert, lookup, and delete via hashing. Answer: O(1) average operations."
A class has 22 boys and 38 girls. How many students are there in total?,Total = 22 + 38 = 60. Answer: 60.
Find the GCD of 82 and 27.,"Using the Euclidean algorithm, GCD(82, 27) = 1. Answer: 1."
133 stickers are shared equally among 7 students. How many does each student get?,Each gets = 133 ÷ 7 = 19. Answer: 19.
957 stickers are shared equally among 29 students. How many does each student get?,Each gets = 957 ÷ 29 = 33. Answer: 33.
Fix the punctuation: 'Lets eat Grandma',"Let's eat, Grandma. Answer: Let's eat, Grandma."
Define molar mass.,"Molar mass is the mass of one mole of a substance, in g/mol. Example: H₂O ≈ 18 g/mol. Answer: mass per mole."
Write the prime factorization of 240.,240 = 2 × 2 × 2 × 2 × 3 × 5. Answer: 2 × 2 × 2 × 2 × 3 × 5.
Write the prime factorization of 367.,367 = 367. Answer: 367.
A box has 39 rows of markers with 33 in each row. How many markers are there?,Total = 39 × 33 = 1287. Answer: 1287.
Find the GCD of 204 and 30.,"Using the Euclidean algorithm, GCD(204, 30) = 6. Answer: 6."
Find the GCD of 156 and 110.,"Using the Euclidean algorithm, GCD(156, 110) = 2. Answer: 2."
Explain refraction in simple words.,Refraction is the bending of light as it passes between media with different optical density due to speed change. Answer: bending due to speed change.
What does a hash map provide on average?,"Average O(1) insert, lookup, and delete via hashing. Answer: O(1) average operations."
Find the LCM of 129 and 193.,129 = 3 × 43; 193 = 193. LCM = 24897. Answer: 24897.
Rewrite the sentence in active voice: 'The ball was thrown by John.',John threw the ball. Answer: John threw the ball.
What is the law of conservation of mass?,"In a closed system, mass is conserved during a chemical reaction; mass of reactants equals mass of products. Answer: mass conserved."
What was the Renaissance? One sentence.,"A cultural and intellectual revival starting in 14th‑century Italy that emphasized art, science, and humanism. Answer: European cultural revival."
Why is the printing press significant?,"It enabled mass production of books, spreading literacy and ideas rapidly across Europe. Answer: mass knowledge spread."
Solve for x: 12x + -18 = 7.,12x = 7 - -18 ⇒ x = (7 - -18)/12 = 2.0833333333333335. Answer: 2.0833333333333335.
Solve for x: 2x + 0 = 16.,2x = 16 - 0 ⇒ x = (16 - 0)/2 = 8.0. Answer: 8.0.
Summarize in one sentence: 'Photosynthesis is how plants use sunlight to make food...',"Photosynthesis is the process by which plants convert sunlight, water, and carbon dioxide into glucose and oxygen. Answer: concise summary."
Summarize in one sentence: 'Photosynthesis is how plants use sunlight to make food...',"Photosynthesis is the process by which plants convert sunlight, water, and carbon dioxide into glucose and oxygen. Answer: concise summary."
A class has 28 boys and 20 girls. How many students are there in total?,Total = 28 + 20 = 48. Answer: 48.
Rewrite the sentence in active voice: 'The ball was thrown by John.',John threw the ball. Answer: John threw the ball.
Explain difference between list and tuple in Python.,"List is mutable; tuple is immutable. Example: lists can append, tuples cannot. Answer: mutability difference."
Why is the printing press significant?,"It enabled mass production of books, spreading literacy and ideas rapidly across Europe. Answer: mass knowledge spread."
175 stickers are shared equally among 25 students. How many does each student get?,Each gets = 175 ÷ 25 = 7. Answer: 7.
Find the GCD of 225 and 207.,"Using the Euclidean algorithm, GCD(225, 207) = 9. Answer: 9."
What was the Renaissance? One sentence.,"A cultural and intellectual revival starting in 14th‑century Italy that emphasized art, science, and humanism. Answer: European cultural revival."
Fix the punctuation: 'Lets eat Grandma',"Let's eat, Grandma. Answer: Let's eat, Grandma."
A box has 23 rows of markers with 16 in each row. How many markers are there?,Total = 23 × 16 = 368. Answer: 368.
Differentiate speed and velocity briefly.,"Speed is scalar (magnitude only); velocity is vector (magnitude and direction). Example: 10 m/s east is velocity; 10 m/s is speed. Answer: speed=scalar, velocity=vector."
What was the Renaissance? One sentence.,"A cultural and intellectual revival starting in 14th‑century Italy that emphasized art, science, and humanism. Answer: European cultural revival."
What was the Renaissance? One sentence.,"A cultural and intellectual revival starting in 14th‑century Italy that emphasized art, science, and humanism. Answer: European cultural revival."
What does a hash map provide on average?,"Average O(1) insert, lookup, and delete via hashing. Answer: O(1) average operations."
There were 43 apples in a basket. 11 were eaten. How many remain?,Remaining = 43 - 11 = 32. Answer: 32.
Find the GCD of 133 and 103.,"Using the Euclidean algorithm, GCD(133, 103) = 1. Answer: 1."
State Ohm's law and give a simple calculation.,"Ohm's law: V = I R. If I = 2 A and R = 5 Ω, then V = 10 V. Answer: V = IR."
78 stickers are shared equally among 6 students. How many does each student get?,Each gets = 78 ÷ 6 = 13. Answer: 13.
Summarize in one sentence: 'Photosynthesis is how plants use sunlight to make food...',"Photosynthesis is the process by which plants convert sunlight, water, and carbon dioxide into glucose and oxygen. Answer: concise summary."
Why is the printing press significant?,"It enabled mass production of books, spreading literacy and ideas rapidly across Europe. Answer: mass knowledge spread."
A box has 38 rows of markers with 43 in each row. How many markers are there?,Total = 38 × 43 = 1634. Answer: 1634.
242 stickers are shared equally among 22 students. How many does each student get?,Each gets = 242 ÷ 22 = 11. Answer: 11.
Solve for x: 8x + 20 = -1.,8x = -1 - 20 ⇒ x = (-1 - 20)/8 = -2.625. Answer: -2.625.
What is Big-O time for binary search?,Binary search runs in O(log n) time on a sorted array. Answer: O(log n).
What is Big-O time for binary search?,Binary search runs in O(log n) time on a sorted array. Answer: O(log n).
Explain what a function does in programming.,A function groups reusable code to perform a task; it can take inputs (parameters) and return outputs. Answer: reusable code block.
Rewrite the sentence in active voice: 'The ball was thrown by John.',John threw the ball. Answer: John threw the ball.
Write the prime factorization of 166.,166 = 2 × 83. Answer: 2 × 83.
Convert 1480 m to centimeters.,1480 m × 100 = 148000 cm. Answer: 148000 cm.
Why is the printing press significant?,"It enabled mass production of books, spreading literacy and ideas rapidly across Europe. Answer: mass knowledge spread."
Summarize in one sentence: 'Photosynthesis is how plants use sunlight to make food...',"Photosynthesis is the process by which plants convert sunlight, water, and carbon dioxide into glucose and oxygen. Answer: concise summary."
What was the Renaissance? One sentence.,"A cultural and intellectual revival starting in 14th‑century Italy that emphasized art, science, and humanism. Answer: European cultural revival."
Summarize in one sentence: 'Photosynthesis is how plants use sunlight to make food...',"Photosynthesis is the process by which plants convert sunlight, water, and carbon dioxide into glucose and oxygen. Answer: concise summary."
308 stickers are shared equally among 14 students. How many does each student get?,Each gets = 308 ÷ 14 = 22. Answer: 22.
What was the Renaissance? One sentence.,"A cultural and intellectual revival starting in 14th‑century Italy that emphasized art, science, and humanism. Answer: European cultural revival."
Solve for x: 2x + 1 = -15.,2x = -15 - 1 ⇒ x = (-15 - 1)/2 = -8.0. Answer: -8.0.
What was the Renaissance? One sentence.,"A cultural and intellectual revival starting in 14th‑century Italy that emphasized art, science, and humanism. Answer: European cultural revival."
Find the GCD of 226 and 226.,"Using the Euclidean algorithm, GCD(226, 226) = 226. Answer: 226."
What was the Renaissance? One sentence.,"A cultural and intellectual revival starting in 14th‑century Italy that emphasized art, science, and humanism. Answer: European cultural revival."
What does a hash map provide on average?,"Average O(1) insert, lookup, and delete via hashing. Answer: O(1) average operations."
Explain what a function does in programming.,A function groups reusable code to perform a task; it can take inputs (parameters) and return outputs. Answer: reusable code block.
Fix the punctuation: 'Lets eat Grandma',"Let's eat, Grandma. Answer: Let's eat, Grandma."
A box has 40 rows of markers with 5 in each row. How many markers are there?,Total = 40 × 5 = 200. Answer: 200.
Write the prime factorization of 68.,68 = 2 × 2 × 17. Answer: 2 × 2 × 17.
Why is the printing press significant?,"It enabled mass production of books, spreading literacy and ideas rapidly across Europe. Answer: mass knowledge spread."
What does a hash map provide on average?,"Average O(1) insert, lookup, and delete via hashing. Answer: O(1) average operations."
There were 44 apples in a basket. 40 were eaten. How many remain?,Remaining = 44 - 40 = 4. Answer: 4.
What is Big-O time for binary search?,Binary search runs in O(log n) time on a sorted array. Answer: O(log n).
What was the Renaissance? One sentence.,"A cultural and intellectual revival starting in 14th‑century Italy that emphasized art, science, and humanism. Answer: European cultural revival."
What does a hash map provide on average?,"Average O(1) insert, lookup, and delete via hashing. Answer: O(1) average operations."
2024 stickers are shared equally among 46 students. How many does each student get?,Each gets = 2024 ÷ 46 = 44. Answer: 44.
Differentiate speed and velocity briefly.,"Speed is scalar (magnitude only); velocity is vector (magnitude and direction). Example: 10 m/s east is velocity; 10 m/s is speed. Answer: speed=scalar, velocity=vector."
Explain what a function does in programming.,A function groups reusable code to perform a task; it can take inputs (parameters) and return outputs. Answer: reusable code block.
A class has 23 boys and 10 girls. How many students are there in total?,Total = 23 + 10 = 33. Answer: 33.
A box has 44 rows of markers with 29 in each row. How many markers are there?,Total = 44 × 29 = 1276. Answer: 1276.
Write the prime factorization of 178.,178 = 2 × 89. Answer: 2 × 89.
What does conservation of energy mean?,"Energy cannot be created or destroyed, only transformed between forms; total energy in an isolated system remains constant. Answer: energy conserved."
Explain what a function does in programming.,A function groups reusable code to perform a task; it can take inputs (parameters) and return outputs. Answer: reusable code block.
What does conservation of energy mean?,"Energy cannot be created or destroyed, only transformed between forms; total energy in an isolated system remains constant. Answer: energy conserved."
State Ohm's law and give a simple calculation.,"Ohm's law: V = I R. If I = 2 A and R = 5 Ω, then V = 10 V. Answer: V = IR."
Write the prime factorization of 71.,71 = 71. Answer: 71.
What was the Renaissance? One sentence.,"A cultural and intellectual revival starting in 14th‑century Italy that emphasized art, science, and humanism. Answer: European cultural revival."
There were 41 apples in a basket. 23 were eaten. How many remain?,Remaining = 41 - 23 = 18. Answer: 18.
Why is the printing press significant?,"It enabled mass production of books, spreading literacy and ideas rapidly across Europe. Answer: mass knowledge spread."
State Ohm's law and give a simple calculation.,"Ohm's law: V = I R. If I = 2 A and R = 5 Ω, then V = 10 V. Answer: V = IR."
State Ohm's law and give a simple calculation.,"Ohm's law: V = I R. If I = 2 A and R = 5 Ω, then V = 10 V. Answer: V = IR."
120 stickers are shared equally among 30 students. How many does each student get?,Each gets = 120 ÷ 30 = 4. Answer: 4.
Explain difference between list and tuple in Python.,"List is mutable; tuple is immutable. Example: lists can append, tuples cannot. Answer: mutability difference."
Summarize in one sentence: 'Photosynthesis is how plants use sunlight to make food...',"Photosynthesis is the process by which plants convert sunlight, water, and carbon dioxide into glucose and oxygen. Answer: concise summary."
Explain what a function does in programming.,A function groups reusable code to perform a task; it can take inputs (parameters) and return outputs. Answer: reusable code block.
Define molar mass.,"Molar mass is the mass of one mole of a substance, in g/mol. Example: H₂O ≈ 18 g/mol. Answer: mass per mole."
Explain refraction in simple words.,Refraction is the bending of light as it passes between media with different optical density due to speed change. Answer: bending due to speed change.
Rewrite the sentence in active voice: 'The ball was thrown by John.',John threw the ball. Answer: John threw the ball.
Explain what a function does in programming.,A function groups reusable code to perform a task; it can take inputs (parameters) and return outputs. Answer: reusable code block.
Fix the punctuation: 'Lets eat Grandma',"Let's eat, Grandma. Answer: Let's eat, Grandma."
Summarize in one sentence: 'Photosynthesis is how plants use sunlight to make food...',"Photosynthesis is the process by which plants convert sunlight, water, and carbon dioxide into glucose and oxygen. Answer: concise summary."
Why is the printing press significant?,"It enabled mass production of books, spreading literacy and ideas rapidly across Europe. Answer: mass knowledge spread."
What does conservation of energy mean?,"Energy cannot be created or destroyed, only transformed between forms; total energy in an isolated system remains constant. Answer: energy conserved."
What was the Renaissance? One sentence.,"A cultural and intellectual revival starting in 14th‑century Italy that emphasized art, science, and humanism. Answer: European cultural revival."
What is Big-O time for binary search?,Binary search runs in O(log n) time on a sorted array. Answer: O(log n).
A class has 32 boys and 25 girls. How many students are there in total?,Total = 32 + 25 = 57. Answer: 57.
A box has 35 rows of markers with 9 in each row. How many markers are there?,Total = 35 × 9 = 315. Answer: 315.
Find the GCD of 141 and 232.,"Using the Euclidean algorithm, GCD(141, 232) = 1. Answer: 1."
What was the Renaissance? One sentence.,"A cultural and intellectual revival starting in 14th‑century Italy that emphasized art, science, and humanism. Answer: European cultural revival."
Rewrite the sentence in active voice: 'The ball was thrown by John.',John threw the ball. Answer: John threw the ball.
What is a catalyst?,"A catalyst increases reaction rate by lowering activation energy without being consumed. Answer: speeds up reaction, not consumed."
What is Big-O time for binary search?,Binary search runs in O(log n) time on a sorted array. Answer: O(log n).
Rewrite the sentence in active voice: 'The ball was thrown by John.',John threw the ball. Answer: John threw the ball.
Summarize in one sentence: 'Photosynthesis is how plants use sunlight to make food...',"Photosynthesis is the process by which plants convert sunlight, water, and carbon dioxide into glucose and oxygen. Answer: concise summary."
Explain difference between list and tuple in Python.,"List is mutable; tuple is immutable. Example: lists can append, tuples cannot. Answer: mutability difference."
Rewrite the sentence in active voice: 'The ball was thrown by John.',John threw the ball. Answer: John threw the ball.
Explain difference between list and tuple in Python.,"List is mutable; tuple is immutable. Example: lists can append, tuples cannot. Answer: mutability difference."
Write the prime factorization of 70.,70 = 2 × 5 × 7. Answer: 2 × 5 × 7.
There were 43 apples in a basket. 23 were eaten. How many remain?,Remaining = 43 - 23 = 20. Answer: 20.
Explain Newton's first law with an example.,Newton's first law (law of inertia) states an object remains at rest or moves at constant velocity unless acted on by a net external force. Example: A puck on frictionless ice glides at constant speed. Answer: Law of inertia.
Explain what a function does in programming.,A function groups reusable code to perform a task; it can take inputs (parameters) and return outputs. Answer: reusable code block.
500 stickers are shared equally among 10 students. How many does each student get?,Each gets = 500 ÷ 10 = 50. Answer: 50.
Summarize in one sentence: 'Photosynthesis is how plants use sunlight to make food...',"Photosynthesis is the process by which plants convert sunlight, water, and carbon dioxide into glucose and oxygen. Answer: concise summary."
Find the LCM of 6 and 67.,6 = 2 × 3; 67 = 67. LCM = 402. Answer: 402.
State Ohm's law and give a simple calculation.,"Ohm's law: V = I R. If I = 2 A and R = 5 Ω, then V = 10 V. Answer: V = IR."
Why is the printing press significant?,"It enabled mass production of books, spreading literacy and ideas rapidly across Europe. Answer: mass knowledge spread."
Write the prime factorization of 141.,141 = 3 × 47. Answer: 3 × 47.
What is Big-O time for binary search?,Binary search runs in O(log n) time on a sorted array. Answer: O(log n).
Find the GCD of 216 and 236.,"Using the Euclidean algorithm, GCD(216, 236) = 4. Answer: 4."
Find the LCM of 129 and 154.,129 = 3 × 43; 154 = 2 × 7 × 11. LCM = 19866. Answer: 19866.
What was the Renaissance? One sentence.,"A cultural and intellectual revival starting in 14th‑century Italy that emphasized art, science, and humanism. Answer: European cultural revival."
There were 38 apples in a basket. 34 were eaten. How many remain?,Remaining = 38 - 34 = 4. Answer: 4.
220 stickers are shared equally among 11 students. How many does each student get?,Each gets = 220 ÷ 11 = 20. Answer: 20.
Find 15% of 230.,15% of 230 = (15/100)×230 = 34.5. Answer: 34.5.
Why is the printing press significant?,"It enabled mass production of books, spreading literacy and ideas rapidly across Europe. Answer: mass knowledge spread."
Differentiate speed and velocity briefly.,"Speed is scalar (magnitude only); velocity is vector (magnitude and direction). Example: 10 m/s east is velocity; 10 m/s is speed. Answer: speed=scalar, velocity=vector."
Why is the printing press significant?,"It enabled mass production of books, spreading literacy and ideas rapidly across Europe. Answer: mass knowledge spread."
Find 35% of 328.,35% of 328 = (35/100)×328 = 114.8. Answer: 114.8.
What was the Renaissance? One sentence.,"A cultural and intellectual revival starting in 14th‑century Italy that emphasized art, science, and humanism. Answer: European cultural revival."
Fix the punctuation: 'Lets eat Grandma',"Let's eat, Grandma. Answer: Let's eat, Grandma."
Convert 6339 g to kilograms.,6339 g ÷ 1000 = 6.339 kg. Answer: 6.339 kg.
What is Big-O time for binary search?,Binary search runs in O(log n) time on a sorted array. Answer: O(log n).
What is Big-O time for binary search?,Binary search runs in O(log n) time on a sorted array. Answer: O(log n).
Explain difference between list and tuple in Python.,"List is mutable; tuple is immutable. Example: lists can append, tuples cannot. Answer: mutability difference."
A class has 44 boys and 42 girls. How many students are there in total?,Total = 44 + 42 = 86. Answer: 86.
Why is the printing press significant?,"It enabled mass production of books, spreading literacy and ideas rapidly across Europe. Answer: mass knowledge spread."
Explain Newton's first law with an example.,Newton's first law (law of inertia) states an object remains at rest or moves at constant velocity unless acted on by a net external force. Example: A puck on frictionless ice glides at constant speed. Answer: Law of inertia.
What does a hash map provide on average?,"Average O(1) insert, lookup, and delete via hashing. Answer: O(1) average operations."
585 stickers are shared equally among 13 students. How many does each student get?,Each gets = 585 ÷ 13 = 45. Answer: 45.
There were 42 apples in a basket. 32 were eaten. How many remain?,Remaining = 42 - 32 = 10. Answer: 10.
Differentiate speed and velocity briefly.,"Speed is scalar (magnitude only); velocity is vector (magnitude and direction). Example: 10 m/s east is velocity; 10 m/s is speed. Answer: speed=scalar, velocity=vector."
A box has 31 rows of markers with 4 in each row. How many markers are there?,Total = 31 × 4 = 124. Answer: 124.
Explain Newton's first law with an example.,Newton's first law (law of inertia) states an object remains at rest or moves at constant velocity unless acted on by a net external force. Example: A puck on frictionless ice glides at constant speed. Answer: Law of inertia.
Explain Newton's first law with an example.,Newton's first law (law of inertia) states an object remains at rest or moves at constant velocity unless acted on by a net external force. Example: A puck on frictionless ice glides at constant speed. Answer: Law of inertia.
What does a hash map provide on average?,"Average O(1) insert, lookup, and delete via hashing. Answer: O(1) average operations."
Why is the printing press significant?,"It enabled mass production of books, spreading literacy and ideas rapidly across Europe. Answer: mass knowledge spread."
Why is the printing press significant?,"It enabled mass production of books, spreading literacy and ideas rapidly across Europe. Answer: mass knowledge spread."
What is Big-O time for binary search?,Binary search runs in O(log n) time on a sorted array. Answer: O(log n).
A box has 14 rows of markers with 20 in each row. How many markers are there?,Total = 14 × 20 = 280. Answer: 280.
Convert 5439 g to kilograms.,5439 g ÷ 1000 = 5.439 kg. Answer: 5.439 kg.
Write the prime factorization of 243.,243 = 3 × 3 × 3 × 3 × 3. Answer: 3 × 3 × 3 × 3 × 3.
Summarize in one sentence: 'Photosynthesis is how plants use sunlight to make food...',"Photosynthesis is the process by which plants convert sunlight, water, and carbon dioxide into glucose and oxygen. Answer: concise summary."
Fix the punctuation: 'Lets eat Grandma',"Let's eat, Grandma. Answer: Let's eat, Grandma."
Explain difference between list and tuple in Python.,"List is mutable; tuple is immutable. Example: lists can append, tuples cannot. Answer: mutability difference."
Summarize in one sentence: 'Photosynthesis is how plants use sunlight to make food...',"Photosynthesis is the process by which plants convert sunlight, water, and carbon dioxide into glucose and oxygen. Answer: concise summary."
Fix the punctuation: 'Lets eat Grandma',"Let's eat, Grandma. Answer: Let's eat, Grandma."
Why is the printing press significant?,"It enabled mass production of books, spreading literacy and ideas rapidly across Europe. Answer: mass knowledge spread."
Convert 6956 cm to meters.,6956 cm ÷ 100 = 69.56 m. Answer: 69.56 m.
Summarize in one sentence: 'Photosynthesis is how plants use sunlight to make food...',"Photosynthesis is the process by which plants convert sunlight, water, and carbon dioxide into glucose and oxygen. Answer: concise summary."
Define molar mass.,"Molar mass is the mass of one mole of a substance, in g/mol. Example: H₂O ≈ 18 g/mol. Answer: mass per mole."
What does a hash map provide on average?,"Average O(1) insert, lookup, and delete via hashing. Answer: O(1) average operations."
Find the LCM of 85 and 171.,85 = 5 × 17; 171 = 3 × 3 × 19. LCM = 14535. Answer: 14535.
What does a hash map provide on average?,"Average O(1) insert, lookup, and delete via hashing. Answer: O(1) average operations."
Summarize in one sentence: 'Photosynthesis is how plants use sunlight to make food...',"Photosynthesis is the process by which plants convert sunlight, water, and carbon dioxide into glucose and oxygen. Answer: concise summary."
348 stickers are shared equally among 29 students. How many does each student get?,Each gets = 348 ÷ 29 = 12. Answer: 12.
Explain what a function does in programming.,A function groups reusable code to perform a task; it can take inputs (parameters) and return outputs. Answer: reusable code block.
Convert 5777 m to centimeters.,5777 m × 100 = 577700 cm. Answer: 577700 cm.
Fix the punctuation: 'Lets eat Grandma',"Let's eat, Grandma. Answer: Let's eat, Grandma."
30 stickers are shared equally among 5 students. How many does each student get?,Each gets = 30 ÷ 5 = 6. Answer: 6.
Explain difference between list and tuple in Python.,"List is mutable; tuple is immutable. Example: lists can append, tuples cannot. Answer: mutability difference."
Find the GCD of 226 and 19.,"Using the Euclidean algorithm, GCD(226, 19) = 1. Answer: 1."
Differentiate speed and velocity briefly.,"Speed is scalar (magnitude only); velocity is vector (magnitude and direction). Example: 10 m/s east is velocity; 10 m/s is speed. Answer: speed=scalar, velocity=vector."
Define an acid and a base (Arrhenius).,"Arrhenius acid produces H⁺ in water; base produces OH⁻ in water. Example: HCl (acid), NaOH (base). Answer: H⁺ vs OH⁻ producers."
Explain what a function does in programming.,A function groups reusable code to perform a task; it can take inputs (parameters) and return outputs. Answer: reusable code block.
What was the Renaissance? One sentence.,"A cultural and intellectual revival starting in 14th‑century Italy that emphasized art, science, and humanism. Answer: European cultural revival."
What was the Renaissance? One sentence.,"A cultural and intellectual revival starting in 14th‑century Italy that emphasized art, science, and humanism. Answer: European cultural revival."
A box has 30 rows of markers with 25 in each row. How many markers are there?,Total = 30 × 25 = 750. Answer: 750.
Rewrite the sentence in active voice: 'The ball was thrown by John.',John threw the ball. Answer: John threw the ball.
What was the Renaissance? One sentence.,"A cultural and intellectual revival starting in 14th‑century Italy that emphasized art, science, and humanism. Answer: European cultural revival."
Why is the printing press significant?,"It enabled mass production of books, spreading literacy and ideas rapidly across Europe. Answer: mass knowledge spread."
Fix the punctuation: 'Lets eat Grandma',"Let's eat, Grandma. Answer: Let's eat, Grandma."
A class has 19 boys and 17 girls. How many students are there in total?,Total = 19 + 17 = 36. Answer: 36.
Convert 3049 g to kilograms.,3049 g ÷ 1000 = 3.049 kg. Answer: 3.049 kg.
Why is the printing press significant?,"It enabled mass production of books, spreading literacy and ideas rapidly across Europe. Answer: mass knowledge spread."
What was the Renaissance? One sentence.,"A cultural and intellectual revival starting in 14th‑century Italy that emphasized art, science, and humanism. Answer: European cultural revival."
What does a hash map provide on average?,"Average O(1) insert, lookup, and delete via hashing. Answer: O(1) average operations."
A box has 30 rows of markers with 15 in each row. How many markers are there?,Total = 30 × 15 = 450. Answer: 450.
A class has 33 boys and 14 girls. How many students are there in total?,Total = 33 + 14 = 47. Answer: 47.
Differentiate speed and velocity briefly.,"Speed is scalar (magnitude only); velocity is vector (magnitude and direction). Example: 10 m/s east is velocity; 10 m/s is speed. Answer: speed=scalar, velocity=vector."
Rewrite the sentence in active voice: 'The ball was thrown by John.',John threw the ball. Answer: John threw the ball.
A box has 30 rows of markers with 7 in each row. How many markers are there?,Total = 30 × 7 = 210. Answer: 210.
A class has 24 boys and 47 girls. How many students are there in total?,Total = 24 + 47 = 71. Answer: 71.
Why is the printing press significant?,"It enabled mass production of books, spreading literacy and ideas rapidly across Europe. Answer: mass knowledge spread."
Explain difference between list and tuple in Python.,"List is mutable; tuple is immutable. Example: lists can append, tuples cannot. Answer: mutability difference."
There were 47 apples in a basket. 46 were eaten. How many remain?,Remaining = 47 - 46 = 1. Answer: 1.
Explain difference between list and tuple in Python.,"List is mutable; tuple is immutable. Example: lists can append, tuples cannot. Answer: mutability difference."
Find the GCD of 73 and 123.,"Using the Euclidean algorithm, GCD(73, 123) = 1. Answer: 1."
Rewrite the sentence in active voice: 'The ball was thrown by John.',John threw the ball. Answer: John threw the ball.
What does a hash map provide on average?,"Average O(1) insert, lookup, and delete via hashing. Answer: O(1) average operations."
Summarize in one sentence: 'Photosynthesis is how plants use sunlight to make food...',"Photosynthesis is the process by which plants convert sunlight, water, and carbon dioxide into glucose and oxygen. Answer: concise summary."
Differentiate speed and velocity briefly.,"Speed is scalar (magnitude only); velocity is vector (magnitude and direction). Example: 10 m/s east is velocity; 10 m/s is speed. Answer: speed=scalar, velocity=vector."
Write the prime factorization of 223.,223 = 223. Answer: 223.
1536 stickers are shared equally among 48 students. How many does each student get?,Each gets = 1536 ÷ 48 = 32. Answer: 32.
Summarize in one sentence: 'Photosynthesis is how plants use sunlight to make food...',"Photosynthesis is the process by which plants convert sunlight, water, and carbon dioxide into glucose and oxygen. Answer: concise summary."
Find the GCD of 164 and 39.,"Using the Euclidean algorithm, GCD(164, 39) = 1. Answer: 1."
Fix the punctuation: 'Lets eat Grandma',"Let's eat, Grandma. Answer: Let's eat, Grandma."
There were 35 apples in a basket. 24 were eaten. How many remain?,Remaining = 35 - 24 = 11. Answer: 11.
What was the Renaissance? One sentence.,"A cultural and intellectual revival starting in 14th‑century Italy that emphasized art, science, and humanism. Answer: European cultural revival."
What is the law of conservation of mass?,"In a closed system, mass is conserved during a chemical reaction; mass of reactants equals mass of products. Answer: mass conserved."
What was the Renaissance? One sentence.,"A cultural and intellectual revival starting in 14th‑century Italy that emphasized art, science, and humanism. Answer: European cultural revival."
Find 18% of 128.,18% of 128 = (18/100)×128 = 23.04. Answer: 23.04.
State Ohm's law and give a simple calculation.,"Ohm's law: V = I R. If I = 2 A and R = 5 Ω, then V = 10 V. Answer: V = IR."
Explain difference between list and tuple in Python.,"List is mutable; tuple is immutable. Example: lists can append, tuples cannot. Answer: mutability difference."
What does a hash map provide on average?,"Average O(1) insert, lookup, and delete via hashing. Answer: O(1) average operations."
Write the prime factorization of 120.,120 = 2 × 2 × 2 × 3 × 5. Answer: 2 × 2 × 2 × 3 × 5.
There were 37 apples in a basket. 19 were eaten. How many remain?,Remaining = 37 - 19 = 18. Answer: 18.
A class has 21 boys and 41 girls. How many students are there in total?,Total = 21 + 41 = 62. Answer: 62.
What was the Renaissance? One sentence.,"A cultural and intellectual revival starting in 14th‑century Italy that emphasized art, science, and humanism. Answer: European cultural revival."
What was the Renaissance? One sentence.,"A cultural and intellectual revival starting in 14th‑century Italy that emphasized art, science, and humanism. Answer: European cultural revival."
Define an acid and a base (Arrhenius).,"Arrhenius acid produces H⁺ in water; base produces OH⁻ in water. Example: HCl (acid), NaOH (base). Answer: H⁺ vs OH⁻ producers."
What was the Renaissance? One sentence.,"A cultural and intellectual revival starting in 14th‑century Italy that emphasized art, science, and humanism. Answer: European cultural revival."
Find the LCM of 13 and 166.,13 = 13; 166 = 2 × 83. LCM = 2158. Answer: 2158.
Why is the printing press significant?,"It enabled mass production of books, spreading literacy and ideas rapidly across Europe. Answer: mass knowledge spread."
570 stickers are shared equally among 15 students. How many does each student get?,Each gets = 570 ÷ 15 = 38. Answer: 38.
What was the Renaissance? One sentence.,"A cultural and intellectual revival starting in 14th‑century Italy that emphasized art, science, and humanism. Answer: European cultural revival."
Summarize in one sentence: 'Photosynthesis is how plants use sunlight to make food...',"Photosynthesis is the process by which plants convert sunlight, water, and carbon dioxide into glucose and oxygen. Answer: concise summary."
Why is the printing press significant?,"It enabled mass production of books, spreading literacy and ideas rapidly across Europe. Answer: mass knowledge spread."
There were 32 apples in a basket. 21 were eaten. How many remain?,Remaining = 32 - 21 = 11. Answer: 11.
567 stickers are shared equally among 27 students. How many does each student get?,Each gets = 567 ÷ 27 = 21. Answer: 21.
Convert 982 cm to meters.,982 cm ÷ 100 = 9.82 m. Answer: 9.82 m.
Fix the punctuation: 'Lets eat Grandma',"Let's eat, Grandma. Answer: Let's eat, Grandma."
Fix the punctuation: 'Lets eat Grandma',"Let's eat, Grandma. Answer: Let's eat, Grandma."
Define an acid and a base (Arrhenius).,"Arrhenius acid produces H⁺ in water; base produces OH⁻ in water. Example: HCl (acid), NaOH (base). Answer: H⁺ vs OH⁻ producers."
What was the Renaissance? One sentence.,"A cultural and intellectual revival starting in 14th‑century Italy that emphasized art, science, and humanism. Answer: European cultural revival."
What does a hash map provide on average?,"Average O(1) insert, lookup, and delete via hashing. Answer: O(1) average operations."
There were 27 apples in a basket. 24 were eaten. How many remain?,Remaining = 27 - 24 = 3. Answer: 3.
What is Big-O time for binary search?,Binary search runs in O(log n) time on a sorted array. Answer: O(log n).
Explain difference between list and tuple in Python.,"List is mutable; tuple is immutable. Example: lists can append, tuples cannot. Answer: mutability difference."
Rewrite the sentence in active voice: 'The ball was thrown by John.',John threw the ball. Answer: John threw the ball.
Explain what a function does in programming.,A function groups reusable code to perform a task; it can take inputs (parameters) and return outputs. Answer: reusable code block.
State Ohm's law and give a simple calculation.,"Ohm's law: V = I R. If I = 2 A and R = 5 Ω, then V = 10 V. Answer: V = IR."
Find the LCM of 76 and 100.,76 = 2 × 2 × 19; 100 = 2 × 2 × 5 × 5. LCM = 1900. Answer: 1900.
Why is the printing press significant?,"It enabled mass production of books, spreading literacy and ideas rapidly across Europe. Answer: mass knowledge spread."
State Ohm's law and give a simple calculation.,"Ohm's law: V = I R. If I = 2 A and R = 5 Ω, then V = 10 V. Answer: V = IR."
What does a hash map provide on average?,"Average O(1) insert, lookup, and delete via hashing. Answer: O(1) average operations."
State Ohm's law and give a simple calculation.,"Ohm's law: V = I R. If I = 2 A and R = 5 Ω, then V = 10 V. Answer: V = IR."
Summarize in one sentence: 'Photosynthesis is how plants use sunlight to make food...',"Photosynthesis is the process by which plants convert sunlight, water, and carbon dioxide into glucose and oxygen. Answer: concise summary."
Fix the punctuation: 'Lets eat Grandma',"Let's eat, Grandma. Answer: Let's eat, Grandma."
Explain what a function does in programming.,A function groups reusable code to perform a task; it can take inputs (parameters) and return outputs. Answer: reusable code block.
Find the LCM of 102 and 131.,102 = 2 × 3 × 17; 131 = 131. LCM = 13362. Answer: 13362.
Rewrite the sentence in active voice: 'The ball was thrown by John.',John threw the ball. Answer: John threw the ball.
Define an acid and a base (Arrhenius).,"Arrhenius acid produces H⁺ in water; base produces OH⁻ in water. Example: HCl (acid), NaOH (base). Answer: H⁺ vs OH⁻ producers."
Find the LCM of 74 and 128.,74 = 2 × 37; 128 = 2 × 2 × 2 × 2 × 2 × 2 × 2. LCM = 4736. Answer: 4736.
Why is the printing press significant?,"It enabled mass production of books, spreading literacy and ideas rapidly across Europe. Answer: mass knowledge spread."
What is Big-O time for binary search?,Binary search runs in O(log n) time on a sorted array. Answer: O(log n).
Solve for x: 3x + -4 = 3.,3x = 3 - -4 ⇒ x = (3 - -4)/3 = 2.3333333333333335. Answer: 2.3333333333333335.
Fix the punctuation: 'Lets eat Grandma',"Let's eat, Grandma. Answer: Let's eat, Grandma."
Solve for x: 1x + 16 = 15.,1x = 15 - 16 ⇒ x = (15 - 16)/1 = -1.0. Answer: -1.0.
Define an acid and a base (Arrhenius).,"Arrhenius acid produces H⁺ in water; base produces OH⁻ in water. Example: HCl (acid), NaOH (base). Answer: H⁺ vs OH⁻ producers."
Why is the printing press significant?,"It enabled mass production of books, spreading literacy and ideas rapidly across Europe. Answer: mass knowledge spread."
Solve for x: 9x + 8 = 15.,9x = 15 - 8 ⇒ x = (15 - 8)/9 = 0.7777777777777778. Answer: 0.7777777777777778.
What is Big-O time for binary search?,Binary search runs in O(log n) time on a sorted array. Answer: O(log n).
Differentiate speed and velocity briefly.,"Speed is scalar (magnitude only); velocity is vector (magnitude and direction). Example: 10 m/s east is velocity; 10 m/s is speed. Answer: speed=scalar, velocity=vector."
Fix the punctuation: 'Lets eat Grandma',"Let's eat, Grandma. Answer: Let's eat, Grandma."
What does a hash map provide on average?,"Average O(1) insert, lookup, and delete via hashing. Answer: O(1) average operations."
What does conservation of energy mean?,"Energy cannot be created or destroyed, only transformed between forms; total energy in an isolated system remains constant. Answer: energy conserved."
Why is the printing press significant?,"It enabled mass production of books, spreading literacy and ideas rapidly across Europe. Answer: mass knowledge spread."
What was the Renaissance? One sentence.,"A cultural and intellectual revival starting in 14th‑century Italy that emphasized art, science, and humanism. Answer: European cultural revival."
Find the LCM of 37 and 184.,37 = 37; 184 = 2 × 2 × 2 × 23. LCM = 6808. Answer: 6808.
Explain what a function does in programming.,A function groups reusable code to perform a task; it can take inputs (parameters) and return outputs. Answer: reusable code block.
Why is the printing press significant?,"It enabled mass production of books, spreading literacy and ideas rapidly across Europe. Answer: mass knowledge spread."
Define molar mass.,"Molar mass is the mass of one mole of a substance, in g/mol. Example: H₂O ≈ 18 g/mol. Answer: mass per mole."
Define an acid and a base (Arrhenius).,"Arrhenius acid produces H⁺ in water; base produces OH⁻ in water. Example: HCl (acid), NaOH (base). Answer: H⁺ vs OH⁻ producers."
Why is the printing press significant?,"It enabled mass production of books, spreading literacy and ideas rapidly across Europe. Answer: mass knowledge spread."
What is the law of conservation of mass?,"In a closed system, mass is conserved during a chemical reaction; mass of reactants equals mass of products. Answer: mass conserved."
Why is the printing press significant?,"It enabled mass production of books, spreading literacy and ideas rapidly across Europe. Answer: mass knowledge spread."
Why is the printing press significant?,"It enabled mass production of books, spreading literacy and ideas rapidly across Europe. Answer: mass knowledge spread."
Why is the printing press significant?,"It enabled mass production of books, spreading literacy and ideas rapidly across Europe. Answer: mass knowledge spread."
798 stickers are shared equally among 38 students. How many does each student get?,Each gets = 798 ÷ 38 = 21. Answer: 21.
Write the prime factorization of 189.,189 = 3 × 3 × 3 × 7. Answer: 3 × 3 × 3 × 7.
A box has 9 rows of markers with 28 in each row. How many markers are there?,Total = 9 × 28 = 252. Answer: 252.
A class has 46 boys and 42 girls. How many students are there in total?,Total = 46 + 42 = 88. Answer: 88.
Why is the printing press significant?,"It enabled mass production of books, spreading literacy and ideas rapidly across Europe. Answer: mass knowledge spread."
Explain difference between list and tuple in Python.,"List is mutable; tuple is immutable. Example: lists can append, tuples cannot. Answer: mutability difference."
195 stickers are shared equally among 5 students. How many does each student get?,Each gets = 195 ÷ 5 = 39. Answer: 39.
Define molar mass.,"Molar mass is the mass of one mole of a substance, in g/mol. Example: H₂O ≈ 18 g/mol. Answer: mass per mole."
1968 stickers are shared equally among 48 students. How many does each student get?,Each gets = 1968 ÷ 48 = 41. Answer: 41.
What does conservation of energy mean?,"Energy cannot be created or destroyed, only transformed between forms; total energy in an isolated system remains constant. Answer: energy conserved."
Find 15% of 106.,15% of 106 = (15/100)×106 = 15.9. Answer: 15.9.
Solve for x: 6x + 6 = -11.,6x = -11 - 6 ⇒ x = (-11 - 6)/6 = -2.8333333333333335. Answer: -2.8333333333333335.
Summarize in one sentence: 'Photosynthesis is how plants use sunlight to make food...',"Photosynthesis is the process by which plants convert sunlight, water, and carbon dioxide into glucose and oxygen. Answer: concise summary."
What is the law of conservation of mass?,"In a closed system, mass is conserved during a chemical reaction; mass of reactants equals mass of products. Answer: mass conserved."
Why is the printing press significant?,"It enabled mass production of books, spreading literacy and ideas rapidly across Europe. Answer: mass knowledge spread."
There were 48 apples in a basket. 5 were eaten. How many remain?,Remaining = 48 - 5 = 43. Answer: 43.
What was the Renaissance? One sentence.,"A cultural and intellectual revival starting in 14th‑century Italy that emphasized art, science, and humanism. Answer: European cultural revival."
Why is the printing press significant?,"It enabled mass production of books, spreading literacy and ideas rapidly across Europe. Answer: mass knowledge spread."
1120 stickers are shared equally among 32 students. How many does each student get?,Each gets = 1120 ÷ 32 = 35. Answer: 35.
Explain difference between list and tuple in Python.,"List is mutable; tuple is immutable. Example: lists can append, tuples cannot. Answer: mutability difference."
Summarize in one sentence: 'Photosynthesis is how plants use sunlight to make food...',"Photosynthesis is the process by which plants convert sunlight, water, and carbon dioxide into glucose and oxygen. Answer: concise summary."
What does a hash map provide on average?,"Average O(1) insert, lookup, and delete via hashing. Answer: O(1) average operations."
A box has 48 rows of markers with 45 in each row. How many markers are there?,Total = 48 × 45 = 2160. Answer: 2160.
Why is the printing press significant?,"It enabled mass production of books, spreading literacy and ideas rapidly across Europe. Answer: mass knowledge spread."
What does conservation of energy mean?,"Energy cannot be created or destroyed, only transformed between forms; total energy in an isolated system remains constant. Answer: energy conserved."
What does a hash map provide on average?,"Average O(1) insert, lookup, and delete via hashing. Answer: O(1) average operations."
Explain refraction in simple words.,Refraction is the bending of light as it passes between media with different optical density due to speed change. Answer: bending due to speed change.
Explain difference between list and tuple in Python.,"List is mutable; tuple is immutable. Example: lists can append, tuples cannot. Answer: mutability difference."
A box has 47 rows of markers with 33 in each row. How many markers are there?,Total = 47 × 33 = 1551. Answer: 1551.
Fix the punctuation: 'Lets eat Grandma',"Let's eat, Grandma. Answer: Let's eat, Grandma."
Why is the printing press significant?,"It enabled mass production of books, spreading literacy and ideas rapidly across Europe. Answer: mass knowledge spread."
What is Big-O time for binary search?,Binary search runs in O(log n) time on a sorted array. Answer: O(log n).
Why is the printing press significant?,"It enabled mass production of books, spreading literacy and ideas rapidly across Europe. Answer: mass knowledge spread."
Fix the punctuation: 'Lets eat Grandma',"Let's eat, Grandma. Answer: Let's eat, Grandma."
Explain refraction in simple words.,Refraction is the bending of light as it passes between media with different optical density due to speed change. Answer: bending due to speed change.
Write the prime factorization of 385.,385 = 5 × 7 × 11. Answer: 5 × 7 × 11.
Write the prime factorization of 246.,246 = 2 × 3 × 41. Answer: 2 × 3 × 41.
882 stickers are shared equally among 18 students. How many does each student get?,Each gets = 882 ÷ 18 = 49. Answer: 49.
What does conservation of energy mean?,"Energy cannot be created or destroyed, only transformed between forms; total energy in an isolated system remains constant. Answer: energy conserved."
Why is the printing press significant?,"It enabled mass production of books, spreading literacy and ideas rapidly across Europe. Answer: mass knowledge spread."
Why is the printing press significant?,"It enabled mass production of books, spreading literacy and ideas rapidly across Europe. Answer: mass knowledge spread."
Differentiate speed and velocity briefly.,"Speed is scalar (magnitude only); velocity is vector (magnitude and direction). Example: 10 m/s east is velocity; 10 m/s is speed. Answer: speed=scalar, velocity=vector."
What was the Renaissance? One sentence.,"A cultural and intellectual revival starting in 14th‑century Italy that emphasized art, science, and humanism. Answer: European cultural revival."
Explain Newton's first law with an example.,Newton's first law (law of inertia) states an object remains at rest or moves at constant velocity unless acted on by a net external force. Example: A puck on frictionless ice glides at constant speed. Answer: Law of inertia.
There were 35 apples in a basket. 16 were eaten. How many remain?,Remaining = 35 - 16 = 19. Answer: 19.
Find the LCM of 107 and 86.,107 = 107; 86 = 2 × 43. LCM = 9202. Answer: 9202.
There were 32 apples in a basket. 8 were eaten. How many remain?,Remaining = 32 - 8 = 24. Answer: 24.
Find 25% of 130.,25% of 130 = (25/100)×130 = 32.5. Answer: 32.5.
There were 32 apples in a basket. 32 were eaten. How many remain?,Remaining = 32 - 32 = 0. Answer: 0.
What does a hash map provide on average?,"Average O(1) insert, lookup, and delete via hashing. Answer: O(1) average operations."
What is Big-O time for binary search?,Binary search runs in O(log n) time on a sorted array. Answer: O(log n).
Convert 9407 cm to meters.,9407 cm ÷ 100 = 94.07 m. Answer: 94.07 m.
What was the Renaissance? One sentence.,"A cultural and intellectual revival starting in 14th‑century Italy that emphasized art, science, and humanism. Answer: European cultural revival."
What is the law of conservation of mass?,"In a closed system, mass is conserved during a chemical reaction; mass of reactants equals mass of products. Answer: mass conserved."
Explain Newton's first law with an example.,Newton's first law (law of inertia) states an object remains at rest or moves at constant velocity unless acted on by a net external force. Example: A puck on frictionless ice glides at constant speed. Answer: Law of inertia.
Fix the punctuation: 'Lets eat Grandma',"Let's eat, Grandma. Answer: Let's eat, Grandma."
Explain refraction in simple words.,Refraction is the bending of light as it passes between media with different optical density due to speed change. Answer: bending due to speed change.
Find the LCM of 78 and 147.,78 = 2 × 3 × 13; 147 = 3 × 7 × 7. LCM = 3822. Answer: 3822.
What was the Renaissance? One sentence.,"A cultural and intellectual revival starting in 14th‑century Italy that emphasized art, science, and humanism. Answer: European cultural revival."
What does a hash map provide on average?,"Average O(1) insert, lookup, and delete via hashing. Answer: O(1) average operations."
Summarize in one sentence: 'Photosynthesis is how plants use sunlight to make food...',"Photosynthesis is the process by which plants convert sunlight, water, and carbon dioxide into glucose and oxygen. Answer: concise summary."
Why is the printing press significant?,"It enabled mass production of books, spreading literacy and ideas rapidly across Europe. Answer: mass knowledge spread."
Define molar mass.,"Molar mass is the mass of one mole of a substance, in g/mol. Example: H₂O ≈ 18 g/mol. Answer: mass per mole."
Fix the punctuation: 'Lets eat Grandma',"Let's eat, Grandma. Answer: Let's eat, Grandma."
Differentiate speed and velocity briefly.,"Speed is scalar (magnitude only); velocity is vector (magnitude and direction). Example: 10 m/s east is velocity; 10 m/s is speed. Answer: speed=scalar, velocity=vector."
Explain difference between list and tuple in Python.,"List is mutable; tuple is immutable. Example: lists can append, tuples cannot. Answer: mutability difference."
A box has 31 rows of markers with 43 in each row. How many markers are there?,Total = 31 × 43 = 1333. Answer: 1333.
A box has 13 rows of markers with 2 in each row. How many markers are there?,Total = 13 × 2 = 26. Answer: 26.
Explain difference between list and tuple in Python.,"List is mutable; tuple is immutable. Example: lists can append, tuples cannot. Answer: mutability difference."
What is the law of conservation of mass?,"In a closed system, mass is conserved during a chemical reaction; mass of reactants equals mass of products. Answer: mass conserved."
Summarize in one sentence: 'Photosynthesis is how plants use sunlight to make food...',"Photosynthesis is the process by which plants convert sunlight, water, and carbon dioxide into glucose and oxygen. Answer: concise summary."
What is Big-O time for binary search?,Binary search runs in O(log n) time on a sorted array. Answer: O(log n).
Summarize in one sentence: 'Photosynthesis is how plants use sunlight to make food...',"Photosynthesis is the process by which plants convert sunlight, water, and carbon dioxide into glucose and oxygen. Answer: concise summary."
Find the GCD of 73 and 246.,"Using the Euclidean algorithm, GCD(73, 246) = 1. Answer: 1."
Explain difference between list and tuple in Python.,"List is mutable; tuple is immutable. Example: lists can append, tuples cannot. Answer: mutability difference."
Write the prime factorization of 216.,216 = 2 × 2 × 2 × 3 × 3 × 3. Answer: 2 × 2 × 2 × 3 × 3 × 3.
What is a catalyst?,"A catalyst increases reaction rate by lowering activation energy without being consumed. Answer: speeds up reaction, not consumed."
What does a hash map provide on average?,"Average O(1) insert, lookup, and delete via hashing. Answer: O(1) average operations."
What is Big-O time for binary search?,Binary search runs in O(log n) time on a sorted array. Answer: O(log n).
What does a hash map provide on average?,"Average O(1) insert, lookup, and delete via hashing. Answer: O(1) average operations."
A class has 17 boys and 5 girls. How many students are there in total?,Total = 17 + 5 = 22. Answer: 22.
Fix the punctuation: 'Lets eat Grandma',"Let's eat, Grandma. Answer: Let's eat, Grandma."
What is the law of conservation of mass?,"In a closed system, mass is conserved during a chemical reaction; mass of reactants equals mass of products. Answer: mass conserved."
A box has 34 rows of markers with 47 in each row. How many markers are there?,Total = 34 × 47 = 1598. Answer: 1598.
A box has 9 rows of markers with 42 in each row. How many markers are there?,Total = 9 × 42 = 378. Answer: 378.
Explain difference between list and tuple in Python.,"List is mutable; tuple is immutable. Example: lists can append, tuples cannot. Answer: mutability difference."
State Ohm's law and give a simple calculation.,"Ohm's law: V = I R. If I = 2 A and R = 5 Ω, then V = 10 V. Answer: V = IR."
Rewrite the sentence in active voice: 'The ball was thrown by John.',John threw the ball. Answer: John threw the ball.
Summarize in one sentence: 'Photosynthesis is how plants use sunlight to make food...',"Photosynthesis is the process by which plants convert sunlight, water, and carbon dioxide into glucose and oxygen. Answer: concise summary."
Why is the printing press significant?,"It enabled mass production of books, spreading literacy and ideas rapidly across Europe. Answer: mass knowledge spread."
Summarize in one sentence: 'Photosynthesis is how plants use sunlight to make food...',"Photosynthesis is the process by which plants convert sunlight, water, and carbon dioxide into glucose and oxygen. Answer: concise summary."
Why is the printing press significant?,"It enabled mass production of books, spreading literacy and ideas rapidly across Europe. Answer: mass knowledge spread."
What was the Renaissance? One sentence.,"A cultural and intellectual revival starting in 14th‑century Italy that emphasized art, science, and humanism. Answer: European cultural revival."
Differentiate speed and velocity briefly.,"Speed is scalar (magnitude only); velocity is vector (magnitude and direction). Example: 10 m/s east is velocity; 10 m/s is speed. Answer: speed=scalar, velocity=vector."
Why is the printing press significant?,"It enabled mass production of books, spreading literacy and ideas rapidly across Europe. Answer: mass knowledge spread."
Why is the printing press significant?,"It enabled mass production of books, spreading literacy and ideas rapidly across Europe. Answer: mass knowledge spread."
Find 5% of 107.,5% of 107 = (5/100)×107 = 5.35. Answer: 5.35.
What was the Renaissance? One sentence.,"A cultural and intellectual revival starting in 14th‑century Italy that emphasized art, science, and humanism. Answer: European cultural revival."
What was the Renaissance? One sentence.,"A cultural and intellectual revival starting in 14th‑century Italy that emphasized art, science, and humanism. Answer: European cultural revival."
Define an acid and a base (Arrhenius).,"Arrhenius acid produces H⁺ in water; base produces OH⁻ in water. Example: HCl (acid), NaOH (base). Answer: H⁺ vs OH⁻ producers."
Why is the printing press significant?,"It enabled mass production of books, spreading literacy and ideas rapidly across Europe. Answer: mass knowledge spread."
Convert 3366 m to centimeters.,3366 m × 100 = 336600 cm. Answer: 336600 cm.
Why is the printing press significant?,"It enabled mass production of books, spreading literacy and ideas rapidly across Europe. Answer: mass knowledge spread."
Find 5% of 278.,5% of 278 = (5/100)×278 = 13.9. Answer: 13.9.
Rewrite the sentence in active voice: 'The ball was thrown by John.',John threw the ball. Answer: John threw the ball.
Why is the printing press significant?,"It enabled mass production of books, spreading literacy and ideas rapidly across Europe. Answer: mass knowledge spread."
Summarize in one sentence: 'Photosynthesis is how plants use sunlight to make food...',"Photosynthesis is the process by which plants convert sunlight, water, and carbon dioxide into glucose and oxygen. Answer: concise summary."
Find 50% of 286.,50% of 286 = (50/100)×286 = 143.0. Answer: 143.0.
What is Big-O time for binary search?,Binary search runs in O(log n) time on a sorted array. Answer: O(log n).
Fix the punctuation: 'Lets eat Grandma',"Let's eat, Grandma. Answer: Let's eat, Grandma."
Convert 3571 m to centimeters.,3571 m × 100 = 357100 cm. Answer: 357100 cm.
Find the LCM of 110 and 90.,110 = 2 × 5 × 11; 90 = 2 × 3 × 3 × 5. LCM = 990. Answer: 990.
A class has 6 boys and 36 girls. How many students are there in total?,Total = 6 + 36 = 42. Answer: 42.
Solve for x: 1x + -2 = 6.,1x = 6 - -2 ⇒ x = (6 - -2)/1 = 8.0. Answer: 8.0.
State Ohm's law and give a simple calculation.,"Ohm's law: V = I R. If I = 2 A and R = 5 Ω, then V = 10 V. Answer: V = IR."
2064 stickers are shared equally among 48 students. How many does each student get?,Each gets = 2064 ÷ 48 = 43. Answer: 43.
Explain what a function does in programming.,A function groups reusable code to perform a task; it can take inputs (parameters) and return outputs. Answer: reusable code block.
Fix the punctuation: 'Lets eat Grandma',"Let's eat, Grandma. Answer: Let's eat, Grandma."
Rewrite the sentence in active voice: 'The ball was thrown by John.',John threw the ball. Answer: John threw the ball.
There were 44 apples in a basket. 36 were eaten. How many remain?,Remaining = 44 - 36 = 8. Answer: 8.
There were 24 apples in a basket. 9 were eaten. How many remain?,Remaining = 24 - 9 = 15. Answer: 15.
Why is the printing press significant?,"It enabled mass production of books, spreading literacy and ideas rapidly across Europe. Answer: mass knowledge spread."
What was the Renaissance? One sentence.,"A cultural and intellectual revival starting in 14th‑century Italy that emphasized art, science, and humanism. Answer: European cultural revival."
A class has 16 boys and 2 girls. How many students are there in total?,Total = 16 + 2 = 18. Answer: 18.
Explain what a function does in programming.,A function groups reusable code to perform a task; it can take inputs (parameters) and return outputs. Answer: reusable code block.
1728 stickers are shared equally among 48 students. How many does each student get?,Each gets = 1728 ÷ 48 = 36. Answer: 36.
Why is the printing press significant?,"It enabled mass production of books, spreading literacy and ideas rapidly across Europe. Answer: mass knowledge spread."
What does conservation of energy mean?,"Energy cannot be created or destroyed, only transformed between forms; total energy in an isolated system remains constant. Answer: energy conserved."
Fix the punctuation: 'Lets eat Grandma',"Let's eat, Grandma. Answer: Let's eat, Grandma."
Explain refraction in simple words.,Refraction is the bending of light as it passes between media with different optical density due to speed change. Answer: bending due to speed change.
Differentiate speed and velocity briefly.,"Speed is scalar (magnitude only); velocity is vector (magnitude and direction). Example: 10 m/s east is velocity; 10 m/s is speed. Answer: speed=scalar, velocity=vector."
Convert 6869 m to centimeters.,6869 m × 100 = 686900 cm. Answer: 686900 cm.
Find the GCD of 107 and 36.,"Using the Euclidean algorithm, GCD(107, 36) = 1. Answer: 1."
Find 30% of 67.,30% of 67 = (30/100)×67 = 20.1. Answer: 20.1.
What was the Renaissance? One sentence.,"A cultural and intellectual revival starting in 14th‑century Italy that emphasized art, science, and humanism. Answer: European cultural revival."
Explain Newton's first law with an example.,Newton's first law (law of inertia) states an object remains at rest or moves at constant velocity unless acted on by a net external force. Example: A puck on frictionless ice glides at constant speed. Answer: Law of inertia.
Fix the punctuation: 'Lets eat Grandma',"Let's eat, Grandma. Answer: Let's eat, Grandma."
Define molar mass.,"Molar mass is the mass of one mole of a substance, in g/mol. Example: H₂O ≈ 18 g/mol. Answer: mass per mole."
Explain Newton's first law with an example.,Newton's first law (law of inertia) states an object remains at rest or moves at constant velocity unless acted on by a net external force. Example: A puck on frictionless ice glides at constant speed. Answer: Law of inertia.
Define molar mass.,"Molar mass is the mass of one mole of a substance, in g/mol. Example: H₂O ≈ 18 g/mol. Answer: mass per mole."
Explain difference between list and tuple in Python.,"List is mutable; tuple is immutable. Example: lists can append, tuples cannot. Answer: mutability difference."
A box has 38 rows of markers with 22 in each row. How many markers are there?,Total = 38 × 22 = 836. Answer: 836.
Explain refraction in simple words.,Refraction is the bending of light as it passes between media with different optical density due to speed change. Answer: bending due to speed change.
Define molar mass.,"Molar mass is the mass of one mole of a substance, in g/mol. Example: H₂O ≈ 18 g/mol. Answer: mass per mole."
What is the law of conservation of mass?,"In a closed system, mass is conserved during a chemical reaction; mass of reactants equals mass of products. Answer: mass conserved."
What does a hash map provide on average?,"Average O(1) insert, lookup, and delete via hashing. Answer: O(1) average operations."
Find 12% of 352.,12% of 352 = (12/100)×352 = 42.24. Answer: 42.24.
1305 stickers are shared equally among 45 students. How many does each student get?,Each gets = 1305 ÷ 45 = 29. Answer: 29.
Write the prime factorization of 349.,349 = 349. Answer: 349.
A box has 26 rows of markers with 35 in each row. How many markers are there?,Total = 26 × 35 = 910. Answer: 910.
There were 28 apples in a basket. 28 were eaten. How many remain?,Remaining = 28 - 28 = 0. Answer: 0.
Explain what a function does in programming.,A function groups reusable code to perform a task; it can take inputs (parameters) and return outputs. Answer: reusable code block.
Define molar mass.,"Molar mass is the mass of one mole of a substance, in g/mol. Example: H₂O ≈ 18 g/mol. Answer: mass per mole."
Rewrite the sentence in active voice: 'The ball was thrown by John.',John threw the ball. Answer: John threw the ball.
Explain refraction in simple words.,Refraction is the bending of light as it passes between media with different optical density due to speed change. Answer: bending due to speed change.
A class has 11 boys and 31 girls. How many students are there in total?,Total = 11 + 31 = 42. Answer: 42.
Why is the printing press significant?,"It enabled mass production of books, spreading literacy and ideas rapidly across Europe. Answer: mass knowledge spread."
Summarize in one sentence: 'Photosynthesis is how plants use sunlight to make food...',"Photosynthesis is the process by which plants convert sunlight, water, and carbon dioxide into glucose and oxygen. Answer: concise summary."
What was the Renaissance? One sentence.,"A cultural and intellectual revival starting in 14th‑century Italy that emphasized art, science, and humanism. Answer: European cultural revival."
Rewrite the sentence in active voice: 'The ball was thrown by John.',John threw the ball. Answer: John threw the ball.
Explain difference between list and tuple in Python.,"List is mutable; tuple is immutable. Example: lists can append, tuples cannot. Answer: mutability difference."
What is Big-O time for binary search?,Binary search runs in O(log n) time on a sorted array. Answer: O(log n).
Fix the punctuation: 'Lets eat Grandma',"Let's eat, Grandma. Answer: Let's eat, Grandma."
Find 5% of 147.,5% of 147 = (5/100)×147 = 7.35. Answer: 7.35.
Explain what a function does in programming.,A function groups reusable code to perform a task; it can take inputs (parameters) and return outputs. Answer: reusable code block.
A class has 40 boys and 40 girls. How many students are there in total?,Total = 40 + 40 = 80. Answer: 80.
Find the GCD of 288 and 113.,"Using the Euclidean algorithm, GCD(288, 113) = 1. Answer: 1."
Rewrite the sentence in active voice: 'The ball was thrown by John.',John threw the ball. Answer: John threw the ball.
What does a hash map provide on average?,"Average O(1) insert, lookup, and delete via hashing. Answer: O(1) average operations."
Find the GCD of 99 and 62.,"Using the Euclidean algorithm, GCD(99, 62) = 1. Answer: 1."
There were 50 apples in a basket. 32 were eaten. How many remain?,Remaining = 50 - 32 = 18. Answer: 18.
There were 47 apples in a basket. 40 were eaten. How many remain?,Remaining = 47 - 40 = 7. Answer: 7.
Rewrite the sentence in active voice: 'The ball was thrown by John.',John threw the ball. Answer: John threw the ball.
Why is the printing press significant?,"It enabled mass production of books, spreading literacy and ideas rapidly across Europe. Answer: mass knowledge spread."
Explain what a function does in programming.,A function groups reusable code to perform a task; it can take inputs (parameters) and return outputs. Answer: reusable code block.
Summarize in one sentence: 'Photosynthesis is how plants use sunlight to make food...',"Photosynthesis is the process by which plants convert sunlight, water, and carbon dioxide into glucose and oxygen. Answer: concise summary."
A box has 24 rows of markers with 21 in each row. How many markers are there?,Total = 24 × 21 = 504. Answer: 504.
Explain what a function does in programming.,A function groups reusable code to perform a task; it can take inputs (parameters) and return outputs. Answer: reusable code block.
Rewrite the sentence in active voice: 'The ball was thrown by John.',John threw the ball. Answer: John threw the ball.
A box has 32 rows of markers with 50 in each row. How many markers are there?,Total = 32 × 50 = 1600. Answer: 1600.
Define an acid and a base (Arrhenius).,"Arrhenius acid produces H⁺ in water; base produces OH⁻ in water. Example: HCl (acid), NaOH (base). Answer: H⁺ vs OH⁻ producers."
Explain what a function does in programming.,A function groups reusable code to perform a task; it can take inputs (parameters) and return outputs. Answer: reusable code block.
Find 12% of 163.,12% of 163 = (12/100)×163 = 19.56. Answer: 19.56.
Write the prime factorization of 303.,303 = 3 × 101. Answer: 3 × 101.
Why is the printing press significant?,"It enabled mass production of books, spreading literacy and ideas rapidly across Europe. Answer: mass knowledge spread."
Explain difference between list and tuple in Python.,"List is mutable; tuple is immutable. Example: lists can append, tuples cannot. Answer: mutability difference."
Define an acid and a base (Arrhenius).,"Arrhenius acid produces H⁺ in water; base produces OH⁻ in water. Example: HCl (acid), NaOH (base). Answer: H⁺ vs OH⁻ producers."
What is the law of conservation of mass?,"In a closed system, mass is conserved during a chemical reaction; mass of reactants equals mass of products. Answer: mass conserved."
What was the Renaissance? One sentence.,"A cultural and intellectual revival starting in 14th‑century Italy that emphasized art, science, and humanism. Answer: European cultural revival."
Summarize in one sentence: 'Photosynthesis is how plants use sunlight to make food...',"Photosynthesis is the process by which plants convert sunlight, water, and carbon dioxide into glucose and oxygen. Answer: concise summary."
A box has 45 rows of markers with 23 in each row. How many markers are there?,Total = 45 × 23 = 1035. Answer: 1035.
Summarize in one sentence: 'Photosynthesis is how plants use sunlight to make food...',"Photosynthesis is the process by which plants convert sunlight, water, and carbon dioxide into glucose and oxygen. Answer: concise summary."
1617 stickers are shared equally among 49 students. How many does each student get?,Each gets = 1617 ÷ 49 = 33. Answer: 33.
Define an acid and a base (Arrhenius).,"Arrhenius acid produces H⁺ in water; base produces OH⁻ in water. Example: HCl (acid), NaOH (base). Answer: H⁺ vs OH⁻ producers."
State Ohm's law and give a simple calculation.,"Ohm's law: V = I R. If I = 2 A and R = 5 Ω, then V = 10 V. Answer: V = IR."
There were 36 apples in a basket. 33 were eaten. How many remain?,Remaining = 36 - 33 = 3. Answer: 3.
What was the Renaissance? One sentence.,"A cultural and intellectual revival starting in 14th‑century Italy that emphasized art, science, and humanism. Answer: European cultural revival."
What was the Renaissance? One sentence.,"A cultural and intellectual revival starting in 14th‑century Italy that emphasized art, science, and humanism. Answer: European cultural revival."
Convert 795 cm to meters.,795 cm ÷ 100 = 7.95 m. Answer: 7.95 m.
Rewrite the sentence in active voice: 'The ball was thrown by John.',John threw the ball. Answer: John threw the ball.
There were 16 apples in a basket. 6 were eaten. How many remain?,Remaining = 16 - 6 = 10. Answer: 10.
Find the GCD of 260 and 235.,"Using the Euclidean algorithm, GCD(260, 235) = 5. Answer: 5."
What is Big-O time for binary search?,Binary search runs in O(log n) time on a sorted array. Answer: O(log n).
Why is the printing press significant?,"It enabled mass production of books, spreading literacy and ideas rapidly across Europe. Answer: mass knowledge spread."
A class has 33 boys and 3 girls. How many students are there in total?,Total = 33 + 3 = 36. Answer: 36.
Why is the printing press significant?,"It enabled mass production of books, spreading literacy and ideas rapidly across Europe. Answer: mass knowledge spread."
Find the LCM of 137 and 186.,137 = 137; 186 = 2 × 3 × 31. LCM = 25482. Answer: 25482.
What does a hash map provide on average?,"Average O(1) insert, lookup, and delete via hashing. Answer: O(1) average operations."
Find 25% of 395.,25% of 395 = (25/100)×395 = 98.75. Answer: 98.75.
Differentiate speed and velocity briefly.,"Speed is scalar (magnitude only); velocity is vector (magnitude and direction). Example: 10 m/s east is velocity; 10 m/s is speed. Answer: speed=scalar, velocity=vector."
Find 15% of 126.,15% of 126 = (15/100)×126 = 18.9. Answer: 18.9.
Define molar mass.,"Molar mass is the mass of one mole of a substance, in g/mol. Example: H₂O ≈ 18 g/mol. Answer: mass per mole."
What does a hash map provide on average?,"Average O(1) insert, lookup, and delete via hashing. Answer: O(1) average operations."
Explain what a function does in programming.,A function groups reusable code to perform a task; it can take inputs (parameters) and return outputs. Answer: reusable code block.
Write the prime factorization of 227.,227 = 227. Answer: 227.
Summarize in one sentence: 'Photosynthesis is how plants use sunlight to make food...',"Photosynthesis is the process by which plants convert sunlight, water, and carbon dioxide into glucose and oxygen. Answer: concise summary."
What does conservation of energy mean?,"Energy cannot be created or destroyed, only transformed between forms; total energy in an isolated system remains constant. Answer: energy conserved."
What is Big-O time for binary search?,Binary search runs in O(log n) time on a sorted array. Answer: O(log n).
A class has 43 boys and 50 girls. How many students are there in total?,Total = 43 + 50 = 93. Answer: 93.
Solve for x: 7x + 4 = 15.,7x = 15 - 4 ⇒ x = (15 - 4)/7 = 1.5714285714285714. Answer: 1.5714285714285714.
Rewrite the sentence in active voice: 'The ball was thrown by John.',John threw the ball. Answer: John threw the ball.
There were 46 apples in a basket. 2 were eaten. How many remain?,Remaining = 46 - 2 = 44. Answer: 44.
Solve for x: 7x + 1 = 16.,7x = 16 - 1 ⇒ x = (16 - 1)/7 = 2.142857142857143. Answer: 2.142857142857143.
Find 15% of 71.,15% of 71 = (15/100)×71 = 10.65. Answer: 10.65.
What is a catalyst?,"A catalyst increases reaction rate by lowering activation energy without being consumed. Answer: speeds up reaction, not consumed."
What is Big-O time for binary search?,Binary search runs in O(log n) time on a sorted array. Answer: O(log n).
Convert 4594 m to centimeters.,4594 m × 100 = 459400 cm. Answer: 459400 cm.
What was the Renaissance? One sentence.,"A cultural and intellectual revival starting in 14th‑century Italy that emphasized art, science, and humanism. Answer: European cultural revival."
Define an acid and a base (Arrhenius).,"Arrhenius acid produces H⁺ in water; base produces OH⁻ in water. Example: HCl (acid), NaOH (base). Answer: H⁺ vs OH⁻ producers."
Find the GCD of 75 and 205.,"Using the Euclidean algorithm, GCD(75, 205) = 5. Answer: 5."
Write the prime factorization of 103.,103 = 103. Answer: 103.
What was the Renaissance? One sentence.,"A cultural and intellectual revival starting in 14th‑century Italy that emphasized art, science, and humanism. Answer: European cultural revival."
Why is the printing press significant?,"It enabled mass production of books, spreading literacy and ideas rapidly across Europe. Answer: mass knowledge spread."
828 stickers are shared equally among 36 students. How many does each student get?,Each gets = 828 ÷ 36 = 23. Answer: 23.
A class has 10 boys and 46 girls. How many students are there in total?,Total = 10 + 46 = 56. Answer: 56.
Why is the printing press significant?,"It enabled mass production of books, spreading literacy and ideas rapidly across Europe. Answer: mass knowledge spread."
Find the LCM of 113 and 61.,113 = 113; 61 = 61. LCM = 6893. Answer: 6893.
Write the prime factorization of 329.,329 = 7 × 47. Answer: 7 × 47.
Why is the printing press significant?,"It enabled mass production of books, spreading literacy and ideas rapidly across Europe. Answer: mass knowledge spread."
What is Big-O time for binary search?,Binary search runs in O(log n) time on a sorted array. Answer: O(log n).
570 stickers are shared equally among 19 students. How many does each student get?,Each gets = 570 ÷ 19 = 30. Answer: 30.
Define an acid and a base (Arrhenius).,"Arrhenius acid produces H⁺ in water; base produces OH⁻ in water. Example: HCl (acid), NaOH (base). Answer: H⁺ vs OH⁻ producers."
Why is the printing press significant?,"It enabled mass production of books, spreading literacy and ideas rapidly across Europe. Answer: mass knowledge spread."
Rewrite the sentence in active voice: 'The ball was thrown by John.',John threw the ball. Answer: John threw the ball.
1716 stickers are shared equally among 39 students. How many does each student get?,Each gets = 1716 ÷ 39 = 44. Answer: 44.
Find 15% of 201.,15% of 201 = (15/100)×201 = 30.15. Answer: 30.15.
A box has 6 rows of markers with 7 in each row. How many markers are there?,Total = 6 × 7 = 42. Answer: 42.
What is the law of conservation of mass?,"In a closed system, mass is conserved during a chemical reaction; mass of reactants equals mass of products. Answer: mass conserved."
462 stickers are shared equally among 42 students. How many does each student get?,Each gets = 462 ÷ 42 = 11. Answer: 11.
What does a hash map provide on average?,"Average O(1) insert, lookup, and delete via hashing. Answer: O(1) average operations."
Find the LCM of 3 and 80.,3 = 3; 80 = 2 × 2 × 2 × 2 × 5. LCM = 240. Answer: 240.
Fix the punctuation: 'Lets eat Grandma',"Let's eat, Grandma. Answer: Let's eat, Grandma."
What is Big-O time for binary search?,Binary search runs in O(log n) time on a sorted array. Answer: O(log n).
Differentiate speed and velocity briefly.,"Speed is scalar (magnitude only); velocity is vector (magnitude and direction). Example: 10 m/s east is velocity; 10 m/s is speed. Answer: speed=scalar, velocity=vector."
What is the law of conservation of mass?,"In a closed system, mass is conserved during a chemical reaction; mass of reactants equals mass of products. Answer: mass conserved."
Summarize in one sentence: 'Photosynthesis is how plants use sunlight to make food...',"Photosynthesis is the process by which plants convert sunlight, water, and carbon dioxide into glucose and oxygen. Answer: concise summary."
Why is the printing press significant?,"It enabled mass production of books, spreading literacy and ideas rapidly across Europe. Answer: mass knowledge spread."
Find the LCM of 24 and 92.,24 = 2 × 2 × 2 × 3; 92 = 2 × 2 × 23. LCM = 552. Answer: 552.
What was the Renaissance? One sentence.,"A cultural and intellectual revival starting in 14th‑century Italy that emphasized art, science, and humanism. Answer: European cultural revival."
Why is the printing press significant?,"It enabled mass production of books, spreading literacy and ideas rapidly across Europe. Answer: mass knowledge spread."
Rewrite the sentence in active voice: 'The ball was thrown by John.',John threw the ball. Answer: John threw the ball.
Explain what a function does in programming.,A function groups reusable code to perform a task; it can take inputs (parameters) and return outputs. Answer: reusable code block.
Rewrite the sentence in active voice: 'The ball was thrown by John.',John threw the ball. Answer: John threw the ball.
There were 37 apples in a basket. 17 were eaten. How many remain?,Remaining = 37 - 17 = 20. Answer: 20.
There were 26 apples in a basket. 12 were eaten. How many remain?,Remaining = 26 - 12 = 14. Answer: 14.
What does a hash map provide on average?,"Average O(1) insert, lookup, and delete via hashing. Answer: O(1) average operations."
Explain what a function does in programming.,A function groups reusable code to perform a task; it can take inputs (parameters) and return outputs. Answer: reusable code block.
Differentiate speed and velocity briefly.,"Speed is scalar (magnitude only); velocity is vector (magnitude and direction). Example: 10 m/s east is velocity; 10 m/s is speed. Answer: speed=scalar, velocity=vector."
What is the law of conservation of mass?,"In a closed system, mass is conserved during a chemical reaction; mass of reactants equals mass of products. Answer: mass conserved."
Explain what a function does in programming.,A function groups reusable code to perform a task; it can take inputs (parameters) and return outputs. Answer: reusable code block.
Explain what a function does in programming.,A function groups reusable code to perform a task; it can take inputs (parameters) and return outputs. Answer: reusable code block.
Write the prime factorization of 148.,148 = 2 × 2 × 37. Answer: 2 × 2 × 37.
What is a catalyst?,"A catalyst increases reaction rate by lowering activation energy without being consumed. Answer: speeds up reaction, not consumed."
What was the Renaissance? One sentence.,"A cultural and intellectual revival starting in 14th‑century Italy that emphasized art, science, and humanism. Answer: European cultural revival."
Rewrite the sentence in active voice: 'The ball was thrown by John.',John threw the ball. Answer: John threw the ball.
Explain refraction in simple words.,Refraction is the bending of light as it passes between media with different optical density due to speed change. Answer: bending due to speed change.
Solve for x: 6x + 19 = 4.,6x = 4 - 19 ⇒ x = (4 - 19)/6 = -2.5. Answer: -2.5.
Explain what a function does in programming.,A function groups reusable code to perform a task; it can take inputs (parameters) and return outputs. Answer: reusable code block.
Explain what a function does in programming.,A function groups reusable code to perform a task; it can take inputs (parameters) and return outputs. Answer: reusable code block.
A box has 40 rows of markers with 10 in each row. How many markers are there?,Total = 40 × 10 = 400. Answer: 400.
Explain difference between list and tuple in Python.,"List is mutable; tuple is immutable. Example: lists can append, tuples cannot. Answer: mutability difference."
Fix the punctuation: 'Lets eat Grandma',"Let's eat, Grandma. Answer: Let's eat, Grandma."
What is the law of conservation of mass?,"In a closed system, mass is conserved during a chemical reaction; mass of reactants equals mass of products. Answer: mass conserved."
What does a hash map provide on average?,"Average O(1) insert, lookup, and delete via hashing. Answer: O(1) average operations."
1932 stickers are shared equally among 46 students. How many does each student get?,Each gets = 1932 ÷ 46 = 42. Answer: 42.
What was the Renaissance? One sentence.,"A cultural and intellectual revival starting in 14th‑century Italy that emphasized art, science, and humanism. Answer: European cultural revival."
Explain what a function does in programming.,A function groups reusable code to perform a task; it can take inputs (parameters) and return outputs. Answer: reusable code block.
Explain what a function does in programming.,A function groups reusable code to perform a task; it can take inputs (parameters) and return outputs. Answer: reusable code block.
What is Big-O time for binary search?,Binary search runs in O(log n) time on a sorted array. Answer: O(log n).
What was the Renaissance? One sentence.,"A cultural and intellectual revival starting in 14th‑century Italy that emphasized art, science, and humanism. Answer: European cultural revival."
What was the Renaissance? One sentence.,"A cultural and intellectual revival starting in 14th‑century Italy that emphasized art, science, and humanism. Answer: European cultural revival."
111 stickers are shared equally among 37 students. How many does each student get?,Each gets = 111 ÷ 37 = 3. Answer: 3.
A box has 15 rows of markers with 30 in each row. How many markers are there?,Total = 15 × 30 = 450. Answer: 450.
168 stickers are shared equally among 6 students. How many does each student get?,Each gets = 168 ÷ 6 = 28. Answer: 28.
Explain refraction in simple words.,Refraction is the bending of light as it passes between media with different optical density due to speed change. Answer: bending due to speed change.
Explain refraction in simple words.,Refraction is the bending of light as it passes between media with different optical density due to speed change. Answer: bending due to speed change.
517 stickers are shared equally among 11 students. How many does each student get?,Each gets = 517 ÷ 11 = 47. Answer: 47.
Rewrite the sentence in active voice: 'The ball was thrown by John.',John threw the ball. Answer: John threw the ball.
Summarize in one sentence: 'Photosynthesis is how plants use sunlight to make food...',"Photosynthesis is the process by which plants convert sunlight, water, and carbon dioxide into glucose and oxygen. Answer: concise summary."
Summarize in one sentence: 'Photosynthesis is how plants use sunlight to make food...',"Photosynthesis is the process by which plants convert sunlight, water, and carbon dioxide into glucose and oxygen. Answer: concise summary."
Summarize in one sentence: 'Photosynthesis is how plants use sunlight to make food...',"Photosynthesis is the process by which plants convert sunlight, water, and carbon dioxide into glucose and oxygen. Answer: concise summary."
Why is the printing press significant?,"It enabled mass production of books, spreading literacy and ideas rapidly across Europe. Answer: mass knowledge spread."
What was the Renaissance? One sentence.,"A cultural and intellectual revival starting in 14th‑century Italy that emphasized art, science, and humanism. Answer: European cultural revival."
What is Big-O time for binary search?,Binary search runs in O(log n) time on a sorted array. Answer: O(log n).
Find the GCD of 183 and 87.,"Using the Euclidean algorithm, GCD(183, 87) = 3. Answer: 3."
164 stickers are shared equally among 41 students. How many does each student get?,Each gets = 164 ÷ 41 = 4. Answer: 4.
Explain what a function does in programming.,A function groups reusable code to perform a task; it can take inputs (parameters) and return outputs. Answer: reusable code block.
Find the LCM of 27 and 68.,27 = 3 × 3 × 3; 68 = 2 × 2 × 17. LCM = 1836. Answer: 1836.
Define molar mass.,"Molar mass is the mass of one mole of a substance, in g/mol. Example: H₂O ≈ 18 g/mol. Answer: mass per mole."
There were 37 apples in a basket. 35 were eaten. How many remain?,Remaining = 37 - 35 = 2. Answer: 2.
Fix the punctuation: 'Lets eat Grandma',"Let's eat, Grandma. Answer: Let's eat, Grandma."
Fix the punctuation: 'Lets eat Grandma',"Let's eat, Grandma. Answer: Let's eat, Grandma."
There were 46 apples in a basket. 39 were eaten. How many remain?,Remaining = 46 - 39 = 7. Answer: 7.
What is Big-O time for binary search?,Binary search runs in O(log n) time on a sorted array. Answer: O(log n).
Rewrite the sentence in active voice: 'The ball was thrown by John.',John threw the ball. Answer: John threw the ball.
Explain what a function does in programming.,A function groups reusable code to perform a task; it can take inputs (parameters) and return outputs. Answer: reusable code block.
Find the LCM of 188 and 38.,188 = 2 × 2 × 47; 38 = 2 × 19. LCM = 3572. Answer: 3572.
What does a hash map provide on average?,"Average O(1) insert, lookup, and delete via hashing. Answer: O(1) average operations."
Explain what a function does in programming.,A function groups reusable code to perform a task; it can take inputs (parameters) and return outputs. Answer: reusable code block.
Define molar mass.,"Molar mass is the mass of one mole of a substance, in g/mol. Example: H₂O ≈ 18 g/mol. Answer: mass per mole."
Fix the punctuation: 'Lets eat Grandma',"Let's eat, Grandma. Answer: Let's eat, Grandma."
Rewrite the sentence in active voice: 'The ball was thrown by John.',John threw the ball. Answer: John threw the ball.
Summarize in one sentence: 'Photosynthesis is how plants use sunlight to make food...',"Photosynthesis is the process by which plants convert sunlight, water, and carbon dioxide into glucose and oxygen. Answer: concise summary."
A class has 30 boys and 22 girls. How many students are there in total?,Total = 30 + 22 = 52. Answer: 52.
What is Big-O time for binary search?,Binary search runs in O(log n) time on a sorted array. Answer: O(log n).
A box has 9 rows of markers with 3 in each row. How many markers are there?,Total = 9 × 3 = 27. Answer: 27.
There were 45 apples in a basket. 8 were eaten. How many remain?,Remaining = 45 - 8 = 37. Answer: 37.
There were 35 apples in a basket. 17 were eaten. How many remain?,Remaining = 35 - 17 = 18. Answer: 18.
What was the Renaissance? One sentence.,"A cultural and intellectual revival starting in 14th‑century Italy that emphasized art, science, and humanism. Answer: European cultural revival."
Explain what a function does in programming.,A function groups reusable code to perform a task; it can take inputs (parameters) and return outputs. Answer: reusable code block.
Rewrite the sentence in active voice: 'The ball was thrown by John.',John threw the ball. Answer: John threw the ball.
Summarize in one sentence: 'Photosynthesis is how plants use sunlight to make food...',"Photosynthesis is the process by which plants convert sunlight, water, and carbon dioxide into glucose and oxygen. Answer: concise summary."
State Ohm's law and give a simple calculation.,"Ohm's law: V = I R. If I = 2 A and R = 5 Ω, then V = 10 V. Answer: V = IR."
1276 stickers are shared equally among 44 students. How many does each student get?,Each gets = 1276 ÷ 44 = 29. Answer: 29.
Convert 3233 g to kilograms.,3233 g ÷ 1000 = 3.233 kg. Answer: 3.233 kg.
Why is the printing press significant?,"It enabled mass production of books, spreading literacy and ideas rapidly across Europe. Answer: mass knowledge spread."
Rewrite the sentence in active voice: 'The ball was thrown by John.',John threw the ball. Answer: John threw the ball.
A box has 15 rows of markers with 15 in each row. How many markers are there?,Total = 15 × 15 = 225. Answer: 225.
A class has 6 boys and 38 girls. How many students are there in total?,Total = 6 + 38 = 44. Answer: 44.
What was the Renaissance? One sentence.,"A cultural and intellectual revival starting in 14th‑century Italy that emphasized art, science, and humanism. Answer: European cultural revival."
What does a hash map provide on average?,"Average O(1) insert, lookup, and delete via hashing. Answer: O(1) average operations."
What is a catalyst?,"A catalyst increases reaction rate by lowering activation energy without being consumed. Answer: speeds up reaction, not consumed."
Write the prime factorization of 363.,363 = 3 × 11 × 11. Answer: 3 × 11 × 11.
Summarize in one sentence: 'Photosynthesis is how plants use sunlight to make food...',"Photosynthesis is the process by which plants convert sunlight, water, and carbon dioxide into glucose and oxygen. Answer: concise summary."
880 stickers are shared equally among 22 students. How many does each student get?,Each gets = 880 ÷ 22 = 40. Answer: 40.
Why is the printing press significant?,"It enabled mass production of books, spreading literacy and ideas rapidly across Europe. Answer: mass knowledge spread."
What was the Renaissance? One sentence.,"A cultural and intellectual revival starting in 14th‑century Italy that emphasized art, science, and humanism. Answer: European cultural revival."
What does a hash map provide on average?,"Average O(1) insert, lookup, and delete via hashing. Answer: O(1) average operations."
Summarize in one sentence: 'Photosynthesis is how plants use sunlight to make food...',"Photosynthesis is the process by which plants convert sunlight, water, and carbon dioxide into glucose and oxygen. Answer: concise summary."
Explain refraction in simple words.,Refraction is the bending of light as it passes between media with different optical density due to speed change. Answer: bending due to speed change.
What was the Renaissance? One sentence.,"A cultural and intellectual revival starting in 14th‑century Italy that emphasized art, science, and humanism. Answer: European cultural revival."
A class has 10 boys and 22 girls. How many students are there in total?,Total = 10 + 22 = 32. Answer: 32.
Explain refraction in simple words.,Refraction is the bending of light as it passes between media with different optical density due to speed change. Answer: bending due to speed change.
Find the GCD of 193 and 74.,"Using the Euclidean algorithm, GCD(193, 74) = 1. Answer: 1."
Why is the printing press significant?,"It enabled mass production of books, spreading literacy and ideas rapidly across Europe. Answer: mass knowledge spread."
Summarize in one sentence: 'Photosynthesis is how plants use sunlight to make food...',"Photosynthesis is the process by which plants convert sunlight, water, and carbon dioxide into glucose and oxygen. Answer: concise summary."
What is the law of conservation of mass?,"In a closed system, mass is conserved during a chemical reaction; mass of reactants equals mass of products. Answer: mass conserved."
Rewrite the sentence in active voice: 'The ball was thrown by John.',John threw the ball. Answer: John threw the ball.
Summarize in one sentence: 'Photosynthesis is how plants use sunlight to make food...',"Photosynthesis is the process by which plants convert sunlight, water, and carbon dioxide into glucose and oxygen. Answer: concise summary."
What was the Renaissance? One sentence.,"A cultural and intellectual revival starting in 14th‑century Italy that emphasized art, science, and humanism. Answer: European cultural revival."
What was the Renaissance? One sentence.,"A cultural and intellectual revival starting in 14th‑century Italy that emphasized art, science, and humanism. Answer: European cultural revival."
Fix the punctuation: 'Lets eat Grandma',"Let's eat, Grandma. Answer: Let's eat, Grandma."
State Ohm's law and give a simple calculation.,"Ohm's law: V = I R. If I = 2 A and R = 5 Ω, then V = 10 V. Answer: V = IR."
Explain what a function does in programming.,A function groups reusable code to perform a task; it can take inputs (parameters) and return outputs. Answer: reusable code block.
What was the Renaissance? One sentence.,"A cultural and intellectual revival starting in 14th‑century Italy that emphasized art, science, and humanism. Answer: European cultural revival."
What is Big-O time for binary search?,Binary search runs in O(log n) time on a sorted array. Answer: O(log n).
Rewrite the sentence in active voice: 'The ball was thrown by John.',John threw the ball. Answer: John threw the ball.
What is the law of conservation of mass?,"In a closed system, mass is conserved during a chemical reaction; mass of reactants equals mass of products. Answer: mass conserved."
Why is the printing press significant?,"It enabled mass production of books, spreading literacy and ideas rapidly across Europe. Answer: mass knowledge spread."
Summarize in one sentence: 'Photosynthesis is how plants use sunlight to make food...',"Photosynthesis is the process by which plants convert sunlight, water, and carbon dioxide into glucose and oxygen. Answer: concise summary."
Fix the punctuation: 'Lets eat Grandma',"Let's eat, Grandma. Answer: Let's eat, Grandma."
There were 33 apples in a basket. 30 were eaten. How many remain?,Remaining = 33 - 30 = 3. Answer: 3.
Find 15% of 65.,15% of 65 = (15/100)×65 = 9.75. Answer: 9.75.
What is Big-O time for binary search?,Binary search runs in O(log n) time on a sorted array. Answer: O(log n).
Explain difference between list and tuple in Python.,"List is mutable; tuple is immutable. Example: lists can append, tuples cannot. Answer: mutability difference."
Why is the printing press significant?,"It enabled mass production of books, spreading literacy and ideas rapidly across Europe. Answer: mass knowledge spread."
What is a catalyst?,"A catalyst increases reaction rate by lowering activation energy without being consumed. Answer: speeds up reaction, not consumed."
Why is the printing press significant?,"It enabled mass production of books, spreading literacy and ideas rapidly across Europe. Answer: mass knowledge spread."
What was the Renaissance? One sentence.,"A cultural and intellectual revival starting in 14th‑century Italy that emphasized art, science, and humanism. Answer: European cultural revival."
What was the Renaissance? One sentence.,"A cultural and intellectual revival starting in 14th‑century Italy that emphasized art, science, and humanism. Answer: European cultural revival."
What does a hash map provide on average?,"Average O(1) insert, lookup, and delete via hashing. Answer: O(1) average operations."
What was the Renaissance? One sentence.,"A cultural and intellectual revival starting in 14th‑century Italy that emphasized art, science, and humanism. Answer: European cultural revival."
There were 36 apples in a basket. 30 were eaten. How many remain?,Remaining = 36 - 30 = 6. Answer: 6.
Rewrite the sentence in active voice: 'The ball was thrown by John.',John threw the ball. Answer: John threw the ball.
There were 50 apples in a basket. 43 were eaten. How many remain?,Remaining = 50 - 43 = 7. Answer: 7.
What is Big-O time for binary search?,Binary search runs in O(log n) time on a sorted array. Answer: O(log n).
Fix the punctuation: 'Lets eat Grandma',"Let's eat, Grandma. Answer: Let's eat, Grandma."
What is Big-O time for binary search?,Binary search runs in O(log n) time on a sorted array. Answer: O(log n).
Rewrite the sentence in active voice: 'The ball was thrown by John.',John threw the ball. Answer: John threw the ball.
What does conservation of energy mean?,"Energy cannot be created or destroyed, only transformed between forms; total energy in an isolated system remains constant. Answer: energy conserved."
A box has 39 rows of markers with 46 in each row. How many markers are there?,Total = 39 × 46 = 1794. Answer: 1794.
1722 stickers are shared equally among 41 students. How many does each student get?,Each gets = 1722 ÷ 41 = 42. Answer: 42.
State Ohm's law and give a simple calculation.,"Ohm's law: V = I R. If I = 2 A and R = 5 Ω, then V = 10 V. Answer: V = IR."
What does conservation of energy mean?,"Energy cannot be created or destroyed, only transformed between forms; total energy in an isolated system remains constant. Answer: energy conserved."
Find 35% of 229.,35% of 229 = (35/100)×229 = 80.15. Answer: 80.15.
Explain difference between list and tuple in Python.,"List is mutable; tuple is immutable. Example: lists can append, tuples cannot. Answer: mutability difference."
What does a hash map provide on average?,"Average O(1) insert, lookup, and delete via hashing. Answer: O(1) average operations."
What does a hash map provide on average?,"Average O(1) insert, lookup, and delete via hashing. Answer: O(1) average operations."
What was the Renaissance? One sentence.,"A cultural and intellectual revival starting in 14th‑century Italy that emphasized art, science, and humanism. Answer: European cultural revival."
What is the law of conservation of mass?,"In a closed system, mass is conserved during a chemical reaction; mass of reactants equals mass of products. Answer: mass conserved."
Write the prime factorization of 355.,355 = 5 × 71. Answer: 5 × 71.
State Ohm's law and give a simple calculation.,"Ohm's law: V = I R. If I = 2 A and R = 5 Ω, then V = 10 V. Answer: V = IR."
State Ohm's law and give a simple calculation.,"Ohm's law: V = I R. If I = 2 A and R = 5 Ω, then V = 10 V. Answer: V = IR."
374 stickers are shared equally among 22 students. How many does each student get?,Each gets = 374 ÷ 22 = 17. Answer: 17.
Rewrite the sentence in active voice: 'The ball was thrown by John.',John threw the ball. Answer: John threw the ball.
Why is the printing press significant?,"It enabled mass production of books, spreading literacy and ideas rapidly across Europe. Answer: mass knowledge spread."
728 stickers are shared equally among 28 students. How many does each student get?,Each gets = 728 ÷ 28 = 26. Answer: 26.
Convert 1526 g to kilograms.,1526 g ÷ 1000 = 1.526 kg. Answer: 1.526 kg.
Why is the printing press significant?,"It enabled mass production of books, spreading literacy and ideas rapidly across Europe. Answer: mass knowledge spread."
775 stickers are shared equally among 25 students. How many does each student get?,Each gets = 775 ÷ 25 = 31. Answer: 31.
What is Big-O time for binary search?,Binary search runs in O(log n) time on a sorted array. Answer: O(log n).
336 stickers are shared equally among 7 students. How many does each student get?,Each gets = 336 ÷ 7 = 48. Answer: 48.
A box has 44 rows of markers with 46 in each row. How many markers are there?,Total = 44 × 46 = 2024. Answer: 2024.
Find 15% of 253.,15% of 253 = (15/100)×253 = 37.95. Answer: 37.95.
Rewrite the sentence in active voice: 'The ball was thrown by John.',John threw the ball. Answer: John threw the ball.
Fix the punctuation: 'Lets eat Grandma',"Let's eat, Grandma. Answer: Let's eat, Grandma."
What does a hash map provide on average?,"Average O(1) insert, lookup, and delete via hashing. Answer: O(1) average operations."
Explain difference between list and tuple in Python.,"List is mutable; tuple is immutable. Example: lists can append, tuples cannot. Answer: mutability difference."
Why is the printing press significant?,"It enabled mass production of books, spreading literacy and ideas rapidly across Europe. Answer: mass knowledge spread."
What is Big-O time for binary search?,Binary search runs in O(log n) time on a sorted array. Answer: O(log n).
Find the LCM of 162 and 119.,162 = 2 × 3 × 3 × 3 × 3; 119 = 7 × 17. LCM = 19278. Answer: 19278.
Find the LCM of 42 and 114.,42 = 2 × 3 × 7; 114 = 2 × 3 × 19. LCM = 798. Answer: 798.
Rewrite the sentence in active voice: 'The ball was thrown by John.',John threw the ball. Answer: John threw the ball.
Rewrite the sentence in active voice: 'The ball was thrown by John.',John threw the ball. Answer: John threw the ball.
A box has 10 rows of markers with 43 in each row. How many markers are there?,Total = 10 × 43 = 430. Answer: 430.
Explain refraction in simple words.,Refraction is the bending of light as it passes between media with different optical density due to speed change. Answer: bending due to speed change.
Convert 5906 g to kilograms.,5906 g ÷ 1000 = 5.906 kg. Answer: 5.906 kg.
Write the prime factorization of 360.,360 = 2 × 2 × 2 × 3 × 3 × 5. Answer: 2 × 2 × 2 × 3 × 3 × 5.
60 stickers are shared equally among 12 students. How many does each student get?,Each gets = 60 ÷ 12 = 5. Answer: 5.
There were 48 apples in a basket. 21 were eaten. How many remain?,Remaining = 48 - 21 = 27. Answer: 27.
Summarize in one sentence: 'Photosynthesis is how plants use sunlight to make food...',"Photosynthesis is the process by which plants convert sunlight, water, and carbon dioxide into glucose and oxygen. Answer: concise summary."
Convert 1560 cm to meters.,1560 cm ÷ 100 = 15.6 m. Answer: 15.6 m.
What is a catalyst?,"A catalyst increases reaction rate by lowering activation energy without being consumed. Answer: speeds up reaction, not consumed."
Find the GCD of 117 and 267.,"Using the Euclidean algorithm, GCD(117, 267) = 3. Answer: 3."
A class has 30 boys and 2 girls. How many students are there in total?,Total = 30 + 2 = 32. Answer: 32.
207 stickers are shared equally among 23 students. How many does each student get?,Each gets = 207 ÷ 23 = 9. Answer: 9.
A class has 10 boys and 32 girls. How many students are there in total?,Total = 10 + 32 = 42. Answer: 42.
What is the law of conservation of mass?,"In a closed system, mass is conserved during a chemical reaction; mass of reactants equals mass of products. Answer: mass conserved."
Convert 1679 cm to meters.,1679 cm ÷ 100 = 16.79 m. Answer: 16.79 m.
What does a hash map provide on average?,"Average O(1) insert, lookup, and delete via hashing. Answer: O(1) average operations."
Explain difference between list and tuple in Python.,"List is mutable; tuple is immutable. Example: lists can append, tuples cannot. Answer: mutability difference."
Rewrite the sentence in active voice: 'The ball was thrown by John.',John threw the ball. Answer: John threw the ball.
A class has 45 boys and 11 girls. How many students are there in total?,Total = 45 + 11 = 56. Answer: 56.
What was the Renaissance? One sentence.,"A cultural and intellectual revival starting in 14th‑century Italy that emphasized art, science, and humanism. Answer: European cultural revival."
What was the Renaissance? One sentence.,"A cultural and intellectual revival starting in 14th‑century Italy that emphasized art, science, and humanism. Answer: European cultural revival."
Fix the punctuation: 'Lets eat Grandma',"Let's eat, Grandma. Answer: Let's eat, Grandma."
There were 42 apples in a basket. 15 were eaten. How many remain?,Remaining = 42 - 15 = 27. Answer: 27.
Summarize in one sentence: 'Photosynthesis is how plants use sunlight to make food...',"Photosynthesis is the process by which plants convert sunlight, water, and carbon dioxide into glucose and oxygen. Answer: concise summary."
A class has 30 boys and 15 girls. How many students are there in total?,Total = 30 + 15 = 45. Answer: 45.
Find the GCD of 65 and 198.,"Using the Euclidean algorithm, GCD(65, 198) = 1. Answer: 1."
Explain what a function does in programming.,A function groups reusable code to perform a task; it can take inputs (parameters) and return outputs. Answer: reusable code block.
Explain difference between list and tuple in Python.,"List is mutable; tuple is immutable. Example: lists can append, tuples cannot. Answer: mutability difference."
Explain refraction in simple words.,Refraction is the bending of light as it passes between media with different optical density due to speed change. Answer: bending due to speed change.
A box has 7 rows of markers with 17 in each row. How many markers are there?,Total = 7 × 17 = 119. Answer: 119.
A box has 3 rows of markers with 44 in each row. How many markers are there?,Total = 3 × 44 = 132. Answer: 132.
Define molar mass.,"Molar mass is the mass of one mole of a substance, in g/mol. Example: H₂O ≈ 18 g/mol. Answer: mass per mole."
What was the Renaissance? One sentence.,"A cultural and intellectual revival starting in 14th‑century Italy that emphasized art, science, and humanism. Answer: European cultural revival."
A class has 27 boys and 20 girls. How many students are there in total?,Total = 27 + 20 = 47. Answer: 47.
What is a catalyst?,"A catalyst increases reaction rate by lowering activation energy without being consumed. Answer: speeds up reaction, not consumed."
Rewrite the sentence in active voice: 'The ball was thrown by John.',John threw the ball. Answer: John threw the ball.
What is a catalyst?,"A catalyst increases reaction rate by lowering activation energy without being consumed. Answer: speeds up reaction, not consumed."
A class has 40 boys and 6 girls. How many students are there in total?,Total = 40 + 6 = 46. Answer: 46.
What does a hash map provide on average?,"Average O(1) insert, lookup, and delete via hashing. Answer: O(1) average operations."
What is the law of conservation of mass?,"In a closed system, mass is conserved during a chemical reaction; mass of reactants equals mass of products. Answer: mass conserved."
Why is the printing press significant?,"It enabled mass production of books, spreading literacy and ideas rapidly across Europe. Answer: mass knowledge spread."
Explain difference between list and tuple in Python.,"List is mutable; tuple is immutable. Example: lists can append, tuples cannot. Answer: mutability difference."
Rewrite the sentence in active voice: 'The ball was thrown by John.',John threw the ball. Answer: John threw the ball.
Find 5% of 84.,5% of 84 = (5/100)×84 = 4.2. Answer: 4.2.
Explain difference between list and tuple in Python.,"List is mutable; tuple is immutable. Example: lists can append, tuples cannot. Answer: mutability difference."
Find the LCM of 103 and 131.,103 = 103; 131 = 131. LCM = 13493. Answer: 13493.
Explain what a function does in programming.,A function groups reusable code to perform a task; it can take inputs (parameters) and return outputs. Answer: reusable code block.
Summarize in one sentence: 'Photosynthesis is how plants use sunlight to make food...',"Photosynthesis is the process by which plants convert sunlight, water, and carbon dioxide into glucose and oxygen. Answer: concise summary."
Rewrite the sentence in active voice: 'The ball was thrown by John.',John threw the ball. Answer: John threw the ball.
There were 36 apples in a basket. 36 were eaten. How many remain?,Remaining = 36 - 36 = 0. Answer: 0.
What is Big-O time for binary search?,Binary search runs in O(log n) time on a sorted array. Answer: O(log n).
What is Big-O time for binary search?,Binary search runs in O(log n) time on a sorted array. Answer: O(log n).
What was the Renaissance? One sentence.,"A cultural and intellectual revival starting in 14th‑century Italy that emphasized art, science, and humanism. Answer: European cultural revival."
Define molar mass.,"Molar mass is the mass of one mole of a substance, in g/mol. Example: H₂O ≈ 18 g/mol. Answer: mass per mole."
Explain what a function does in programming.,A function groups reusable code to perform a task; it can take inputs (parameters) and return outputs. Answer: reusable code block.
What was the Renaissance? One sentence.,"A cultural and intellectual revival starting in 14th‑century Italy that emphasized art, science, and humanism. Answer: European cultural revival."
Explain what a function does in programming.,A function groups reusable code to perform a task; it can take inputs (parameters) and return outputs. Answer: reusable code block.
There were 17 apples in a basket. 5 were eaten. How many remain?,Remaining = 17 - 5 = 12. Answer: 12.
Solve for x: 2x + 9 = 19.,2x = 19 - 9 ⇒ x = (19 - 9)/2 = 5.0. Answer: 5.0.
What was the Renaissance? One sentence.,"A cultural and intellectual revival starting in 14th‑century Italy that emphasized art, science, and humanism. Answer: European cultural revival."
Explain difference between list and tuple in Python.,"List is mutable; tuple is immutable. Example: lists can append, tuples cannot. Answer: mutability difference."
Find the LCM of 183 and 37.,183 = 3 × 61; 37 = 37. LCM = 6771. Answer: 6771.
24 stickers are shared equally among 2 students. How many does each student get?,Each gets = 24 ÷ 2 = 12. Answer: 12.
What does a hash map provide on average?,"Average O(1) insert, lookup, and delete via hashing. Answer: O(1) average operations."
Define an acid and a base (Arrhenius).,"Arrhenius acid produces H⁺ in water; base produces OH⁻ in water. Example: HCl (acid), NaOH (base). Answer: H⁺ vs OH⁻ producers."
Explain refraction in simple words.,Refraction is the bending of light as it passes between media with different optical density due to speed change. Answer: bending due to speed change.
A box has 9 rows of markers with 3 in each row. How many markers are there?,Total = 9 × 3 = 27. Answer: 27.
Fix the punctuation: 'Lets eat Grandma',"Let's eat, Grandma. Answer: Let's eat, Grandma."
What was the Renaissance? One sentence.,"A cultural and intellectual revival starting in 14th‑century Italy that emphasized art, science, and humanism. Answer: European cultural revival."
What is Big-O time for binary search?,Binary search runs in O(log n) time on a sorted array. Answer: O(log n).
Fix the punctuation: 'Lets eat Grandma',"Let's eat, Grandma. Answer: Let's eat, Grandma."
Why is the printing press significant?,"It enabled mass production of books, spreading literacy and ideas rapidly across Europe. Answer: mass knowledge spread."
Solve for x: 10x + -10 = 3.,10x = 3 - -10 ⇒ x = (3 - -10)/10 = 1.3. Answer: 1.3.
Explain refraction in simple words.,Refraction is the bending of light as it passes between media with different optical density due to speed change. Answer: bending due to speed change.
Find 10% of 395.,10% of 395 = (10/100)×395 = 39.5. Answer: 39.5.
Define molar mass.,"Molar mass is the mass of one mole of a substance, in g/mol. Example: H₂O ≈ 18 g/mol. Answer: mass per mole."
Find the LCM of 5 and 64.,5 = 5; 64 = 2 × 2 × 2 × 2 × 2 × 2. LCM = 320. Answer: 320.
Solve for x: 6x + 4 = -11.,6x = -11 - 4 ⇒ x = (-11 - 4)/6 = -2.5. Answer: -2.5.
Explain Newton's first law with an example.,Newton's first law (law of inertia) states an object remains at rest or moves at constant velocity unless acted on by a net external force. Example: A puck on frictionless ice glides at constant speed. Answer: Law of inertia.
Why is the printing press significant?,"It enabled mass production of books, spreading literacy and ideas rapidly across Europe. Answer: mass knowledge spread."
Define an acid and a base (Arrhenius).,"Arrhenius acid produces H⁺ in water; base produces OH⁻ in water. Example: HCl (acid), NaOH (base). Answer: H⁺ vs OH⁻ producers."
What is the law of conservation of mass?,"In a closed system, mass is conserved during a chemical reaction; mass of reactants equals mass of products. Answer: mass conserved."
A class has 22 boys and 19 girls. How many students are there in total?,Total = 22 + 19 = 41. Answer: 41.
Why is the printing press significant?,"It enabled mass production of books, spreading literacy and ideas rapidly across Europe. Answer: mass knowledge spread."
Find 5% of 394.,5% of 394 = (5/100)×394 = 19.7. Answer: 19.7.
What does conservation of energy mean?,"Energy cannot be created or destroyed, only transformed between forms; total energy in an isolated system remains constant. Answer: energy conserved."
What was the Renaissance? One sentence.,"A cultural and intellectual revival starting in 14th‑century Italy that emphasized art, science, and humanism. Answer: European cultural revival."
Rewrite the sentence in active voice: 'The ball was thrown by John.',John threw the ball. Answer: John threw the ball.
Fix the punctuation: 'Lets eat Grandma',"Let's eat, Grandma. Answer: Let's eat, Grandma."
What does a hash map provide on average?,"Average O(1) insert, lookup, and delete via hashing. Answer: O(1) average operations."
Find 5% of 283.,5% of 283 = (5/100)×283 = 14.15. Answer: 14.15.
Explain difference between list and tuple in Python.,"List is mutable; tuple is immutable. Example: lists can append, tuples cannot. Answer: mutability difference."
What does a hash map provide on average?,"Average O(1) insert, lookup, and delete via hashing. Answer: O(1) average operations."
697 stickers are shared equally among 41 students. How many does each student get?,Each gets = 697 ÷ 41 = 17. Answer: 17.
Explain what a function does in programming.,A function groups reusable code to perform a task; it can take inputs (parameters) and return outputs. Answer: reusable code block.
Define molar mass.,"Molar mass is the mass of one mole of a substance, in g/mol. Example: H₂O ≈ 18 g/mol. Answer: mass per mole."
State Ohm's law and give a simple calculation.,"Ohm's law: V = I R. If I = 2 A and R = 5 Ω, then V = 10 V. Answer: V = IR."
Solve for x: 1x + -6 = 14.,1x = 14 - -6 ⇒ x = (14 - -6)/1 = 20.0. Answer: 20.0.
What is Big-O time for binary search?,Binary search runs in O(log n) time on a sorted array. Answer: O(log n).
What is Big-O time for binary search?,Binary search runs in O(log n) time on a sorted array. Answer: O(log n).
A box has 26 rows of markers with 49 in each row. How many markers are there?,Total = 26 × 49 = 1274. Answer: 1274.
Find the GCD of 273 and 123.,"Using the Euclidean algorithm, GCD(273, 123) = 3. Answer: 3."
Fix the punctuation: 'Lets eat Grandma',"Let's eat, Grandma. Answer: Let's eat, Grandma."
Find the GCD of 145 and 49.,"Using the Euclidean algorithm, GCD(145, 49) = 1. Answer: 1."
Find the GCD of 268 and 213.,"Using the Euclidean algorithm, GCD(268, 213) = 1. Answer: 1."
A class has 25 boys and 31 girls. How many students are there in total?,Total = 25 + 31 = 56. Answer: 56.
What was the Renaissance? One sentence.,"A cultural and intellectual revival starting in 14th‑century Italy that emphasized art, science, and humanism. Answer: European cultural revival."
What was the Renaissance? One sentence.,"A cultural and intellectual revival starting in 14th‑century Italy that emphasized art, science, and humanism. Answer: European cultural revival."
A class has 27 boys and 6 girls. How many students are there in total?,Total = 27 + 6 = 33. Answer: 33.
Summarize in one sentence: 'Photosynthesis is how plants use sunlight to make food...',"Photosynthesis is the process by which plants convert sunlight, water, and carbon dioxide into glucose and oxygen. Answer: concise summary."
What does conservation of energy mean?,"Energy cannot be created or destroyed, only transformed between forms; total energy in an isolated system remains constant. Answer: energy conserved."
What does a hash map provide on average?,"Average O(1) insert, lookup, and delete via hashing. Answer: O(1) average operations."
Explain what a function does in programming.,A function groups reusable code to perform a task; it can take inputs (parameters) and return outputs. Answer: reusable code block.
A box has 49 rows of markers with 22 in each row. How many markers are there?,Total = 49 × 22 = 1078. Answer: 1078.
Fix the punctuation: 'Lets eat Grandma',"Let's eat, Grandma. Answer: Let's eat, Grandma."
Differentiate speed and velocity briefly.,"Speed is scalar (magnitude only); velocity is vector (magnitude and direction). Example: 10 m/s east is velocity; 10 m/s is speed. Answer: speed=scalar, velocity=vector."
State Ohm's law and give a simple calculation.,"Ohm's law: V = I R. If I = 2 A and R = 5 Ω, then V = 10 V. Answer: V = IR."
What was the Renaissance? One sentence.,"A cultural and intellectual revival starting in 14th‑century Italy that emphasized art, science, and humanism. Answer: European cultural revival."
Differentiate speed and velocity briefly.,"Speed is scalar (magnitude only); velocity is vector (magnitude and direction). Example: 10 m/s east is velocity; 10 m/s is speed. Answer: speed=scalar, velocity=vector."
What is a catalyst?,"A catalyst increases reaction rate by lowering activation energy without being consumed. Answer: speeds up reaction, not consumed."
Fix the punctuation: 'Lets eat Grandma',"Let's eat, Grandma. Answer: Let's eat, Grandma."
Rewrite the sentence in active voice: 'The ball was thrown by John.',John threw the ball. Answer: John threw the ball.
Why is the printing press significant?,"It enabled mass production of books, spreading literacy and ideas rapidly across Europe. Answer: mass knowledge spread."
What is a catalyst?,"A catalyst increases reaction rate by lowering activation energy without being consumed. Answer: speeds up reaction, not consumed."
Explain what a function does in programming.,A function groups reusable code to perform a task; it can take inputs (parameters) and return outputs. Answer: reusable code block.
What is Big-O time for binary search?,Binary search runs in O(log n) time on a sorted array. Answer: O(log n).
Find the GCD of 157 and 22.,"Using the Euclidean algorithm, GCD(157, 22) = 1. Answer: 1."
Define an acid and a base (Arrhenius).,"Arrhenius acid produces H⁺ in water; base produces OH⁻ in water. Example: HCl (acid), NaOH (base). Answer: H⁺ vs OH⁻ producers."
Differentiate speed and velocity briefly.,"Speed is scalar (magnitude only); velocity is vector (magnitude and direction). Example: 10 m/s east is velocity; 10 m/s is speed. Answer: speed=scalar, velocity=vector."
408 stickers are shared equally among 17 students. How many does each student get?,Each gets = 408 ÷ 17 = 24. Answer: 24.
What was the Renaissance? One sentence.,"A cultural and intellectual revival starting in 14th‑century Italy that emphasized art, science, and humanism. Answer: European cultural revival."
There were 21 apples in a basket. 18 were eaten. How many remain?,Remaining = 21 - 18 = 3. Answer: 3.
Solve for x: 8x + 15 = 15.,8x = 15 - 15 ⇒ x = (15 - 15)/8 = 0.0. Answer: 0.0.
Differentiate speed and velocity briefly.,"Speed is scalar (magnitude only); velocity is vector (magnitude and direction). Example: 10 m/s east is velocity; 10 m/s is speed. Answer: speed=scalar, velocity=vector."
Rewrite the sentence in active voice: 'The ball was thrown by John.',John threw the ball. Answer: John threw the ball.
Differentiate speed and velocity briefly.,"Speed is scalar (magnitude only); velocity is vector (magnitude and direction). Example: 10 m/s east is velocity; 10 m/s is speed. Answer: speed=scalar, velocity=vector."
Find the LCM of 58 and 35.,58 = 2 × 29; 35 = 5 × 7. LCM = 2030. Answer: 2030.
What is the law of conservation of mass?,"In a closed system, mass is conserved during a chemical reaction; mass of reactants equals mass of products. Answer: mass conserved."
What is Big-O time for binary search?,Binary search runs in O(log n) time on a sorted array. Answer: O(log n).
Why is the printing press significant?,"It enabled mass production of books, spreading literacy and ideas rapidly across Europe. Answer: mass knowledge spread."
Find the LCM of 18 and 52.,18 = 2 × 3 × 3; 52 = 2 × 2 × 13. LCM = 468. Answer: 468.
A class has 30 boys and 10 girls. How many students are there in total?,Total = 30 + 10 = 40. Answer: 40.
What is Big-O time for binary search?,Binary search runs in O(log n) time on a sorted array. Answer: O(log n).
Solve for x: 1x + -10 = 16.,1x = 16 - -10 ⇒ x = (16 - -10)/1 = 26.0. Answer: 26.0.
Summarize in one sentence: 'Photosynthesis is how plants use sunlight to make food...',"Photosynthesis is the process by which plants convert sunlight, water, and carbon dioxide into glucose and oxygen. Answer: concise summary."
Fix the punctuation: 'Lets eat Grandma',"Let's eat, Grandma. Answer: Let's eat, Grandma."
Solve for x: 11x + 7 = -9.,11x = -9 - 7 ⇒ x = (-9 - 7)/11 = -1.4545454545454546. Answer: -1.4545454545454546.
Explain difference between list and tuple in Python.,"List is mutable; tuple is immutable. Example: lists can append, tuples cannot. Answer: mutability difference."
Explain refraction in simple words.,Refraction is the bending of light as it passes between media with different optical density due to speed change. Answer: bending due to speed change.
Explain what a function does in programming.,A function groups reusable code to perform a task; it can take inputs (parameters) and return outputs. Answer: reusable code block.
Explain Newton's first law with an example.,Newton's first law (law of inertia) states an object remains at rest or moves at constant velocity unless acted on by a net external force. Example: A puck on frictionless ice glides at constant speed. Answer: Law of inertia.
What was the Renaissance? One sentence.,"A cultural and intellectual revival starting in 14th‑century Italy that emphasized art, science, and humanism. Answer: European cultural revival."
660 stickers are shared equally among 20 students. How many does each student get?,Each gets = 660 ÷ 20 = 33. Answer: 33.
Why is the printing press significant?,"It enabled mass production of books, spreading literacy and ideas rapidly across Europe. Answer: mass knowledge spread."
Find the LCM of 73 and 100.,73 = 73; 100 = 2 × 2 × 5 × 5. LCM = 7300. Answer: 7300.
What is the law of conservation of mass?,"In a closed system, mass is conserved during a chemical reaction; mass of reactants equals mass of products. Answer: mass conserved."
Define molar mass.,"Molar mass is the mass of one mole of a substance, in g/mol. Example: H₂O ≈ 18 g/mol. Answer: mass per mole."
Define molar mass.,"Molar mass is the mass of one mole of a substance, in g/mol. Example: H₂O ≈ 18 g/mol. Answer: mass per mole."
Solve for x: 12x + 2 = 10.,12x = 10 - 2 ⇒ x = (10 - 2)/12 = 0.6666666666666666. Answer: 0.6666666666666666.
Why is the printing press significant?,"It enabled mass production of books, spreading literacy and ideas rapidly across Europe. Answer: mass knowledge spread."
What does a hash map provide on average?,"Average O(1) insert, lookup, and delete via hashing. Answer: O(1) average operations."
Fix the punctuation: 'Lets eat Grandma',"Let's eat, Grandma. Answer: Let's eat, Grandma."
Explain Newton's first law with an example.,Newton's first law (law of inertia) states an object remains at rest or moves at constant velocity unless acted on by a net external force. Example: A puck on frictionless ice glides at constant speed. Answer: Law of inertia.
Explain difference between list and tuple in Python.,"List is mutable; tuple is immutable. Example: lists can append, tuples cannot. Answer: mutability difference."
Write the prime factorization of 49.,49 = 7 × 7. Answer: 7 × 7.
Summarize in one sentence: 'Photosynthesis is how plants use sunlight to make food...',"Photosynthesis is the process by which plants convert sunlight, water, and carbon dioxide into glucose and oxygen. Answer: concise summary."
Explain difference between list and tuple in Python.,"List is mutable; tuple is immutable. Example: lists can append, tuples cannot. Answer: mutability difference."
Differentiate speed and velocity briefly.,"Speed is scalar (magnitude only); velocity is vector (magnitude and direction). Example: 10 m/s east is velocity; 10 m/s is speed. Answer: speed=scalar, velocity=vector."
What does conservation of energy mean?,"Energy cannot be created or destroyed, only transformed between forms; total energy in an isolated system remains constant. Answer: energy conserved."
What is Big-O time for binary search?,Binary search runs in O(log n) time on a sorted array. Answer: O(log n).
What is the law of conservation of mass?,"In a closed system, mass is conserved during a chemical reaction; mass of reactants equals mass of products. Answer: mass conserved."
Explain difference between list and tuple in Python.,"List is mutable; tuple is immutable. Example: lists can append, tuples cannot. Answer: mutability difference."
What does conservation of energy mean?,"Energy cannot be created or destroyed, only transformed between forms; total energy in an isolated system remains constant. Answer: energy conserved."
Why is the printing press significant?,"It enabled mass production of books, spreading literacy and ideas rapidly across Europe. Answer: mass knowledge spread."
A class has 46 boys and 24 girls. How many students are there in total?,Total = 46 + 24 = 70. Answer: 70.
There were 46 apples in a basket. 24 were eaten. How many remain?,Remaining = 46 - 24 = 22. Answer: 22.
What was the Renaissance? One sentence.,"A cultural and intellectual revival starting in 14th‑century Italy that emphasized art, science, and humanism. Answer: European cultural revival."
Summarize in one sentence: 'Photosynthesis is how plants use sunlight to make food...',"Photosynthesis is the process by which plants convert sunlight, water, and carbon dioxide into glucose and oxygen. Answer: concise summary."
Explain difference between list and tuple in Python.,"List is mutable; tuple is immutable. Example: lists can append, tuples cannot. Answer: mutability difference."
Rewrite the sentence in active voice: 'The ball was thrown by John.',John threw the ball. Answer: John threw the ball.
Find the LCM of 61 and 156.,61 = 61; 156 = 2 × 2 × 3 × 13. LCM = 9516. Answer: 9516.
Explain Newton's first law with an example.,Newton's first law (law of inertia) states an object remains at rest or moves at constant velocity unless acted on by a net external force. Example: A puck on frictionless ice glides at constant speed. Answer: Law of inertia.
Why is the printing press significant?,"It enabled mass production of books, spreading literacy and ideas rapidly across Europe. Answer: mass knowledge spread."
Write the prime factorization of 334.,334 = 2 × 167. Answer: 2 × 167.
State Ohm's law and give a simple calculation.,"Ohm's law: V = I R. If I = 2 A and R = 5 Ω, then V = 10 V. Answer: V = IR."
Explain difference between list and tuple in Python.,"List is mutable; tuple is immutable. Example: lists can append, tuples cannot. Answer: mutability difference."
What is Big-O time for binary search?,Binary search runs in O(log n) time on a sorted array. Answer: O(log n).
Find the GCD of 74 and 58.,"Using the Euclidean algorithm, GCD(74, 58) = 2. Answer: 2."
Why is the printing press significant?,"It enabled mass production of books, spreading literacy and ideas rapidly across Europe. Answer: mass knowledge spread."
Write the prime factorization of 380.,380 = 2 × 2 × 5 × 19. Answer: 2 × 2 × 5 × 19.
A class has 27 boys and 39 girls. How many students are there in total?,Total = 27 + 39 = 66. Answer: 66.
What does a hash map provide on average?,"Average O(1) insert, lookup, and delete via hashing. Answer: O(1) average operations."
Explain difference between list and tuple in Python.,"List is mutable; tuple is immutable. Example: lists can append, tuples cannot. Answer: mutability difference."
What is the law of conservation of mass?,"In a closed system, mass is conserved during a chemical reaction; mass of reactants equals mass of products. Answer: mass conserved."
A box has 33 rows of markers with 43 in each row. How many markers are there?,Total = 33 × 43 = 1419. Answer: 1419.
Define molar mass.,"Molar mass is the mass of one mole of a substance, in g/mol. Example: H₂O ≈ 18 g/mol. Answer: mass per mole."
There were 41 apples in a basket. 24 were eaten. How many remain?,Remaining = 41 - 24 = 17. Answer: 17.
507 stickers are shared equally among 39 students. How many does each student get?,Each gets = 507 ÷ 39 = 13. Answer: 13.
What does a hash map provide on average?,"Average O(1) insert, lookup, and delete via hashing. Answer: O(1) average operations."
State Ohm's law and give a simple calculation.,"Ohm's law: V = I R. If I = 2 A and R = 5 Ω, then V = 10 V. Answer: V = IR."
92 stickers are shared equally among 2 students. How many does each student get?,Each gets = 92 ÷ 2 = 46. Answer: 46.
What was the Renaissance? One sentence.,"A cultural and intellectual revival starting in 14th‑century Italy that emphasized art, science, and humanism. Answer: European cultural revival."
Define an acid and a base (Arrhenius).,"Arrhenius acid produces H⁺ in water; base produces OH⁻ in water. Example: HCl (acid), NaOH (base). Answer: H⁺ vs OH⁻ producers."
What was the Renaissance? One sentence.,"A cultural and intellectual revival starting in 14th‑century Italy that emphasized art, science, and humanism. Answer: European cultural revival."
304 stickers are shared equally among 38 students. How many does each student get?,Each gets = 304 ÷ 38 = 8. Answer: 8.
Define an acid and a base (Arrhenius).,"Arrhenius acid produces H⁺ in water; base produces OH⁻ in water. Example: HCl (acid), NaOH (base). Answer: H⁺ vs OH⁻ producers."
A box has 6 rows of markers with 17 in each row. How many markers are there?,Total = 6 × 17 = 102. Answer: 102.
Explain difference between list and tuple in Python.,"List is mutable; tuple is immutable. Example: lists can append, tuples cannot. Answer: mutability difference."
A box has 7 rows of markers with 47 in each row. How many markers are there?,Total = 7 × 47 = 329. Answer: 329.
Rewrite the sentence in active voice: 'The ball was thrown by John.',John threw the ball. Answer: John threw the ball.
Explain difference between list and tuple in Python.,"List is mutable; tuple is immutable. Example: lists can append, tuples cannot. Answer: mutability difference."
Differentiate speed and velocity briefly.,"Speed is scalar (magnitude only); velocity is vector (magnitude and direction). Example: 10 m/s east is velocity; 10 m/s is speed. Answer: speed=scalar, velocity=vector."
What does a hash map provide on average?,"Average O(1) insert, lookup, and delete via hashing. Answer: O(1) average operations."
Convert 21 cm to meters.,21 cm ÷ 100 = 0.21 m. Answer: 0.21 m.
Fix the punctuation: 'Lets eat Grandma',"Let's eat, Grandma. Answer: Let's eat, Grandma."
336 stickers are shared equally among 28 students. How many does each student get?,Each gets = 336 ÷ 28 = 12. Answer: 12.
Fix the punctuation: 'Lets eat Grandma',"Let's eat, Grandma. Answer: Let's eat, Grandma."
Explain what a function does in programming.,A function groups reusable code to perform a task; it can take inputs (parameters) and return outputs. Answer: reusable code block.
Solve for x: 10x + -6 = -10.,10x = -10 - -6 ⇒ x = (-10 - -6)/10 = -0.4. Answer: -0.4.
Rewrite the sentence in active voice: 'The ball was thrown by John.',John threw the ball. Answer: John threw the ball.
Write the prime factorization of 30.,30 = 2 × 3 × 5. Answer: 2 × 3 × 5.
What does a hash map provide on average?,"Average O(1) insert, lookup, and delete via hashing. Answer: O(1) average operations."
Find the LCM of 89 and 45.,89 = 89; 45 = 3 × 3 × 5. LCM = 4005. Answer: 4005.
Rewrite the sentence in active voice: 'The ball was thrown by John.',John threw the ball. Answer: John threw the ball.
A class has 6 boys and 37 girls. How many students are there in total?,Total = 6 + 37 = 43. Answer: 43.
Explain what a function does in programming.,A function groups reusable code to perform a task; it can take inputs (parameters) and return outputs. Answer: reusable code block.
There were 29 apples in a basket. 3 were eaten. How many remain?,Remaining = 29 - 3 = 26. Answer: 26.
Why is the printing press significant?,"It enabled mass production of books, spreading literacy and ideas rapidly across Europe. Answer: mass knowledge spread."
Explain Newton's first law with an example.,Newton's first law (law of inertia) states an object remains at rest or moves at constant velocity unless acted on by a net external force. Example: A puck on frictionless ice glides at constant speed. Answer: Law of inertia.
Write the prime factorization of 125.,125 = 5 × 5 × 5. Answer: 5 × 5 × 5.
What is the law of conservation of mass?,"In a closed system, mass is conserved during a chemical reaction; mass of reactants equals mass of products. Answer: mass conserved."
A box has 37 rows of markers with 48 in each row. How many markers are there?,Total = 37 × 48 = 1776. Answer: 1776.
There were 21 apples in a basket. 20 were eaten. How many remain?,Remaining = 21 - 20 = 1. Answer: 1.
Find the LCM of 102 and 148.,102 = 2 × 3 × 17; 148 = 2 × 2 × 37. LCM = 7548. Answer: 7548.
Why is the printing press significant?,"It enabled mass production of books, spreading literacy and ideas rapidly across Europe. Answer: mass knowledge spread."
Explain Newton's first law with an example.,Newton's first law (law of inertia) states an object remains at rest or moves at constant velocity unless acted on by a net external force. Example: A puck on frictionless ice glides at constant speed. Answer: Law of inertia.
What is Big-O time for binary search?,Binary search runs in O(log n) time on a sorted array. Answer: O(log n).
Rewrite the sentence in active voice: 'The ball was thrown by John.',John threw the ball. Answer: John threw the ball.
Explain what a function does in programming.,A function groups reusable code to perform a task; it can take inputs (parameters) and return outputs. Answer: reusable code block.
Differentiate speed and velocity briefly.,"Speed is scalar (magnitude only); velocity is vector (magnitude and direction). Example: 10 m/s east is velocity; 10 m/s is speed. Answer: speed=scalar, velocity=vector."
Find the GCD of 89 and 151.,"Using the Euclidean algorithm, GCD(89, 151) = 1. Answer: 1."
Solve for x: 2x + -1 = 5.,2x = 5 - -1 ⇒ x = (5 - -1)/2 = 3.0. Answer: 3.0.
Fix the punctuation: 'Lets eat Grandma',"Let's eat, Grandma. Answer: Let's eat, Grandma."
126 stickers are shared equally among 18 students. How many does each student get?,Each gets = 126 ÷ 18 = 7. Answer: 7.
Define an acid and a base (Arrhenius).,"Arrhenius acid produces H⁺ in water; base produces OH⁻ in water. Example: HCl (acid), NaOH (base). Answer: H⁺ vs OH⁻ producers."
Fix the punctuation: 'Lets eat Grandma',"Let's eat, Grandma. Answer: Let's eat, Grandma."
What is a catalyst?,"A catalyst increases reaction rate by lowering activation energy without being consumed. Answer: speeds up reaction, not consumed."
Write the prime factorization of 245.,245 = 5 × 7 × 7. Answer: 5 × 7 × 7.
Fix the punctuation: 'Lets eat Grandma',"Let's eat, Grandma. Answer: Let's eat, Grandma."
Explain refraction in simple words.,Refraction is the bending of light as it passes between media with different optical density due to speed change. Answer: bending due to speed change.
What was the Renaissance? One sentence.,"A cultural and intellectual revival starting in 14th‑century Italy that emphasized art, science, and humanism. Answer: European cultural revival."
Differentiate speed and velocity briefly.,"Speed is scalar (magnitude only); velocity is vector (magnitude and direction). Example: 10 m/s east is velocity; 10 m/s is speed. Answer: speed=scalar, velocity=vector."
Convert 5633 m to centimeters.,5633 m × 100 = 563300 cm. Answer: 563300 cm.
Summarize in one sentence: 'Photosynthesis is how plants use sunlight to make food...',"Photosynthesis is the process by which plants convert sunlight, water, and carbon dioxide into glucose and oxygen. Answer: concise summary."
Define molar mass.,"Molar mass is the mass of one mole of a substance, in g/mol. Example: H₂O ≈ 18 g/mol. Answer: mass per mole."
Solve for x: 9x + 6 = 14.,9x = 14 - 6 ⇒ x = (14 - 6)/9 = 0.8888888888888888. Answer: 0.8888888888888888.
There were 38 apples in a basket. 32 were eaten. How many remain?,Remaining = 38 - 32 = 6. Answer: 6.
Fix the punctuation: 'Lets eat Grandma',"Let's eat, Grandma. Answer: Let's eat, Grandma."
Solve for x: 12x + -18 = 12.,12x = 12 - -18 ⇒ x = (12 - -18)/12 = 2.5. Answer: 2.5.
What was the Renaissance? One sentence.,"A cultural and intellectual revival starting in 14th‑century Italy that emphasized art, science, and humanism. Answer: European cultural revival."
Solve for x: 3x + -10 = -7.,3x = -7 - -10 ⇒ x = (-7 - -10)/3 = 1.0. Answer: 1.0.
State Ohm's law and give a simple calculation.,"Ohm's law: V = I R. If I = 2 A and R = 5 Ω, then V = 10 V. Answer: V = IR."
Solve for x: 2x + 7 = -8.,2x = -8 - 7 ⇒ x = (-8 - 7)/2 = -7.5. Answer: -7.5.
A box has 11 rows of markers with 40 in each row. How many markers are there?,Total = 11 × 40 = 440. Answer: 440.
What is Big-O time for binary search?,Binary search runs in O(log n) time on a sorted array. Answer: O(log n).
Solve for x: 9x + 5 = 15.,9x = 15 - 5 ⇒ x = (15 - 5)/9 = 1.1111111111111112. Answer: 1.1111111111111112.
What does a hash map provide on average?,"Average O(1) insert, lookup, and delete via hashing. Answer: O(1) average operations."
Why is the printing press significant?,"It enabled mass production of books, spreading literacy and ideas rapidly across Europe. Answer: mass knowledge spread."
Convert 9627 m to centimeters.,9627 m × 100 = 962700 cm. Answer: 962700 cm.
Rewrite the sentence in active voice: 'The ball was thrown by John.',John threw the ball. Answer: John threw the ball.
Rewrite the sentence in active voice: 'The ball was thrown by John.',John threw the ball. Answer: John threw the ball.
Differentiate speed and velocity briefly.,"Speed is scalar (magnitude only); velocity is vector (magnitude and direction). Example: 10 m/s east is velocity; 10 m/s is speed. Answer: speed=scalar, velocity=vector."
Find 18% of 101.,18% of 101 = (18/100)×101 = 18.18. Answer: 18.18.
Why is the printing press significant?,"It enabled mass production of books, spreading literacy and ideas rapidly across Europe. Answer: mass knowledge spread."
Fix the punctuation: 'Lets eat Grandma',"Let's eat, Grandma. Answer: Let's eat, Grandma."
Summarize in one sentence: 'Photosynthesis is how plants use sunlight to make food...',"Photosynthesis is the process by which plants convert sunlight, water, and carbon dioxide into glucose and oxygen. Answer: concise summary."
Summarize in one sentence: 'Photosynthesis is how plants use sunlight to make food...',"Photosynthesis is the process by which plants convert sunlight, water, and carbon dioxide into glucose and oxygen. Answer: concise summary."
Why is the printing press significant?,"It enabled mass production of books, spreading literacy and ideas rapidly across Europe. Answer: mass knowledge spread."
Find the GCD of 143 and 208.,"Using the Euclidean algorithm, GCD(143, 208) = 13. Answer: 13."
What is the law of conservation of mass?,"In a closed system, mass is conserved during a chemical reaction; mass of reactants equals mass of products. Answer: mass conserved."
Solve for x: 6x + -5 = -17.,6x = -17 - -5 ⇒ x = (-17 - -5)/6 = -2.0. Answer: -2.0.
A box has 32 rows of markers with 19 in each row. How many markers are there?,Total = 32 × 19 = 608. Answer: 608.
Write the prime factorization of 175.,175 = 5 × 5 × 7. Answer: 5 × 5 × 7.
What does a hash map provide on average?,"Average O(1) insert, lookup, and delete via hashing. Answer: O(1) average operations."
Summarize in one sentence: 'Photosynthesis is how plants use sunlight to make food...',"Photosynthesis is the process by which plants convert sunlight, water, and carbon dioxide into glucose and oxygen. Answer: concise summary."
There were 16 apples in a basket. 8 were eaten. How many remain?,Remaining = 16 - 8 = 8. Answer: 8.
Explain what a function does in programming.,A function groups reusable code to perform a task; it can take inputs (parameters) and return outputs. Answer: reusable code block.
What does a hash map provide on average?,"Average O(1) insert, lookup, and delete via hashing. Answer: O(1) average operations."
A class has 28 boys and 40 girls. How many students are there in total?,Total = 28 + 40 = 68. Answer: 68.
What is a catalyst?,"A catalyst increases reaction rate by lowering activation energy without being consumed. Answer: speeds up reaction, not consumed."
What is the law of conservation of mass?,"In a closed system, mass is conserved during a chemical reaction; mass of reactants equals mass of products. Answer: mass conserved."
A box has 33 rows of markers with 50 in each row. How many markers are there?,Total = 33 × 50 = 1650. Answer: 1650.
Find 10% of 131.,10% of 131 = (10/100)×131 = 13.1. Answer: 13.1.
Explain what a function does in programming.,A function groups reusable code to perform a task; it can take inputs (parameters) and return outputs. Answer: reusable code block.
Define molar mass.,"Molar mass is the mass of one mole of a substance, in g/mol. Example: H₂O ≈ 18 g/mol. Answer: mass per mole."
What was the Renaissance? One sentence.,"A cultural and intellectual revival starting in 14th‑century Italy that emphasized art, science, and humanism. Answer: European cultural revival."
What does conservation of energy mean?,"Energy cannot be created or destroyed, only transformed between forms; total energy in an isolated system remains constant. Answer: energy conserved."
Explain Newton's first law with an example.,Newton's first law (law of inertia) states an object remains at rest or moves at constant velocity unless acted on by a net external force. Example: A puck on frictionless ice glides at constant speed. Answer: Law of inertia.
Explain Newton's first law with an example.,Newton's first law (law of inertia) states an object remains at rest or moves at constant velocity unless acted on by a net external force. Example: A puck on frictionless ice glides at constant speed. Answer: Law of inertia.
Rewrite the sentence in active voice: 'The ball was thrown by John.',John threw the ball. Answer: John threw the ball.
Explain difference between list and tuple in Python.,"List is mutable; tuple is immutable. Example: lists can append, tuples cannot. Answer: mutability difference."
What does a hash map provide on average?,"Average O(1) insert, lookup, and delete via hashing. Answer: O(1) average operations."
Summarize in one sentence: 'Photosynthesis is how plants use sunlight to make food...',"Photosynthesis is the process by which plants convert sunlight, water, and carbon dioxide into glucose and oxygen. Answer: concise summary."
Summarize in one sentence: 'Photosynthesis is how plants use sunlight to make food...',"Photosynthesis is the process by which plants convert sunlight, water, and carbon dioxide into glucose and oxygen. Answer: concise summary."
Convert 501 cm to meters.,501 cm ÷ 100 = 5.01 m. Answer: 5.01 m.
Explain what a function does in programming.,A function groups reusable code to perform a task; it can take inputs (parameters) and return outputs. Answer: reusable code block.
Why is the printing press significant?,"It enabled mass production of books, spreading literacy and ideas rapidly across Europe. Answer: mass knowledge spread."
What is a catalyst?,"A catalyst increases reaction rate by lowering activation energy without being consumed. Answer: speeds up reaction, not consumed."
Why is the printing press significant?,"It enabled mass production of books, spreading literacy and ideas rapidly across Europe. Answer: mass knowledge spread."
Explain difference between list and tuple in Python.,"List is mutable; tuple is immutable. Example: lists can append, tuples cannot. Answer: mutability difference."
What is Big-O time for binary search?,Binary search runs in O(log n) time on a sorted array. Answer: O(log n).
What is Big-O time for binary search?,Binary search runs in O(log n) time on a sorted array. Answer: O(log n).
Rewrite the sentence in active voice: 'The ball was thrown by John.',John threw the ball. Answer: John threw the ball.
What does conservation of energy mean?,"Energy cannot be created or destroyed, only transformed between forms; total energy in an isolated system remains constant. Answer: energy conserved."
What does conservation of energy mean?,"Energy cannot be created or destroyed, only transformed between forms; total energy in an isolated system remains constant. Answer: energy conserved."
285 stickers are shared equally among 15 students. How many does each student get?,Each gets = 285 ÷ 15 = 19. Answer: 19.
What was the Renaissance? One sentence.,"A cultural and intellectual revival starting in 14th‑century Italy that emphasized art, science, and humanism. Answer: European cultural revival."
There were 32 apples in a basket. 2 were eaten. How many remain?,Remaining = 32 - 2 = 30. Answer: 30.
A class has 13 boys and 40 girls. How many students are there in total?,Total = 13 + 40 = 53. Answer: 53.
Explain refraction in simple words.,Refraction is the bending of light as it passes between media with different optical density due to speed change. Answer: bending due to speed change.
Why is the printing press significant?,"It enabled mass production of books, spreading literacy and ideas rapidly across Europe. Answer: mass knowledge spread."
A box has 47 rows of markers with 43 in each row. How many markers are there?,Total = 47 × 43 = 2021. Answer: 2021.
Fix the punctuation: 'Lets eat Grandma',"Let's eat, Grandma. Answer: Let's eat, Grandma."
Explain what a function does in programming.,A function groups reusable code to perform a task; it can take inputs (parameters) and return outputs. Answer: reusable code block.
Explain difference between list and tuple in Python.,"List is mutable; tuple is immutable. Example: lists can append, tuples cannot. Answer: mutability difference."
Fix the punctuation: 'Lets eat Grandma',"Let's eat, Grandma. Answer: Let's eat, Grandma."
1435 stickers are shared equally among 35 students. How many does each student get?,Each gets = 1435 ÷ 35 = 41. Answer: 41.
What was the Renaissance? One sentence.,"A cultural and intellectual revival starting in 14th‑century Italy that emphasized art, science, and humanism. Answer: European cultural revival."
Find 20% of 389.,20% of 389 = (20/100)×389 = 77.8. Answer: 77.8.
Why is the printing press significant?,"It enabled mass production of books, spreading literacy and ideas rapidly across Europe. Answer: mass knowledge spread."
What is Big-O time for binary search?,Binary search runs in O(log n) time on a sorted array. Answer: O(log n).
Rewrite the sentence in active voice: 'The ball was thrown by John.',John threw the ball. Answer: John threw the ball.
What does a hash map provide on average?,"Average O(1) insert, lookup, and delete via hashing. Answer: O(1) average operations."
A box has 22 rows of markers with 19 in each row. How many markers are there?,Total = 22 × 19 = 418. Answer: 418.
A box has 47 rows of markers with 43 in each row. How many markers are there?,Total = 47 × 43 = 2021. Answer: 2021.
State Ohm's law and give a simple calculation.,"Ohm's law: V = I R. If I = 2 A and R = 5 Ω, then V = 10 V. Answer: V = IR."
What was the Renaissance? One sentence.,"A cultural and intellectual revival starting in 14th‑century Italy that emphasized art, science, and humanism. Answer: European cultural revival."
Find 50% of 256.,50% of 256 = (50/100)×256 = 128.0. Answer: 128.0.
Explain difference between list and tuple in Python.,"List is mutable; tuple is immutable. Example: lists can append, tuples cannot. Answer: mutability difference."
129 stickers are shared equally among 3 students. How many does each student get?,Each gets = 129 ÷ 3 = 43. Answer: 43.
What does a hash map provide on average?,"Average O(1) insert, lookup, and delete via hashing. Answer: O(1) average operations."
Fix the punctuation: 'Lets eat Grandma',"Let's eat, Grandma. Answer: Let's eat, Grandma."
Summarize in one sentence: 'Photosynthesis is how plants use sunlight to make food...',"Photosynthesis is the process by which plants convert sunlight, water, and carbon dioxide into glucose and oxygen. Answer: concise summary."
Find 15% of 342.,15% of 342 = (15/100)×342 = 51.3. Answer: 51.3.
Explain difference between list and tuple in Python.,"List is mutable; tuple is immutable. Example: lists can append, tuples cannot. Answer: mutability difference."
1512 stickers are shared equally among 36 students. How many does each student get?,Each gets = 1512 ÷ 36 = 42. Answer: 42.
A box has 24 rows of markers with 34 in each row. How many markers are there?,Total = 24 × 34 = 816. Answer: 816.
Define molar mass.,"Molar mass is the mass of one mole of a substance, in g/mol. Example: H₂O ≈ 18 g/mol. Answer: mass per mole."
Explain refraction in simple words.,Refraction is the bending of light as it passes between media with different optical density due to speed change. Answer: bending due to speed change.
Solve for x: 3x + -4 = 15.,3x = 15 - -4 ⇒ x = (15 - -4)/3 = 6.333333333333333. Answer: 6.333333333333333.
Define an acid and a base (Arrhenius).,"Arrhenius acid produces H⁺ in water; base produces OH⁻ in water. Example: HCl (acid), NaOH (base). Answer: H⁺ vs OH⁻ producers."
A box has 7 rows of markers with 16 in each row. How many markers are there?,Total = 7 × 16 = 112. Answer: 112.
Explain refraction in simple words.,Refraction is the bending of light as it passes between media with different optical density due to speed change. Answer: bending due to speed change.
Fix the punctuation: 'Lets eat Grandma',"Let's eat, Grandma. Answer: Let's eat, Grandma."
What does a hash map provide on average?,"Average O(1) insert, lookup, and delete via hashing. Answer: O(1) average operations."
Why is the printing press significant?,"It enabled mass production of books, spreading literacy and ideas rapidly across Europe. Answer: mass knowledge spread."
Rewrite the sentence in active voice: 'The ball was thrown by John.',John threw the ball. Answer: John threw the ball.
Rewrite the sentence in active voice: 'The ball was thrown by John.',John threw the ball. Answer: John threw the ball.
A class has 39 boys and 39 girls. How many students are there in total?,Total = 39 + 39 = 78. Answer: 78.
Rewrite the sentence in active voice: 'The ball was thrown by John.',John threw the ball. Answer: John threw the ball.
What was the Renaissance? One sentence.,"A cultural and intellectual revival starting in 14th‑century Italy that emphasized art, science, and humanism. Answer: European cultural revival."
A box has 26 rows of markers with 35 in each row. How many markers are there?,Total = 26 × 35 = 910. Answer: 910.
Rewrite the sentence in active voice: 'The ball was thrown by John.',John threw the ball. Answer: John threw the ball.
State Ohm's law and give a simple calculation.,"Ohm's law: V = I R. If I = 2 A and R = 5 Ω, then V = 10 V. Answer: V = IR."
Define an acid and a base (Arrhenius).,"Arrhenius acid produces H⁺ in water; base produces OH⁻ in water. Example: HCl (acid), NaOH (base). Answer: H⁺ vs OH⁻ producers."
Summarize in one sentence: 'Photosynthesis is how plants use sunlight to make food...',"Photosynthesis is the process by which plants convert sunlight, water, and carbon dioxide into glucose and oxygen. Answer: concise summary."
Rewrite the sentence in active voice: 'The ball was thrown by John.',John threw the ball. Answer: John threw the ball.
Explain difference between list and tuple in Python.,"List is mutable; tuple is immutable. Example: lists can append, tuples cannot. Answer: mutability difference."
Solve for x: 6x + 20 = -9.,6x = -9 - 20 ⇒ x = (-9 - 20)/6 = -4.833333333333333. Answer: -4.833333333333333.
What is Big-O time for binary search?,Binary search runs in O(log n) time on a sorted array. Answer: O(log n).
Solve for x: 5x + -7 = -10.,5x = -10 - -7 ⇒ x = (-10 - -7)/5 = -0.6. Answer: -0.6.
What was the Renaissance? One sentence.,"A cultural and intellectual revival starting in 14th‑century Italy that emphasized art, science, and humanism. Answer: European cultural revival."
Rewrite the sentence in active voice: 'The ball was thrown by John.',John threw the ball. Answer: John threw the ball.
What is the law of conservation of mass?,"In a closed system, mass is conserved during a chemical reaction; mass of reactants equals mass of products. Answer: mass conserved."
783 stickers are shared equally among 29 students. How many does each student get?,Each gets = 783 ÷ 29 = 27. Answer: 27.
Fix the punctuation: 'Lets eat Grandma',"Let's eat, Grandma. Answer: Let's eat, Grandma."
Find the LCM of 138 and 53.,138 = 2 × 3 × 23; 53 = 53. LCM = 7314. Answer: 7314.
A box has 25 rows of markers with 2 in each row. How many markers are there?,Total = 25 × 2 = 50. Answer: 50.
What was the Renaissance? One sentence.,"A cultural and intellectual revival starting in 14th‑century Italy that emphasized art, science, and humanism. Answer: European cultural revival."
Convert 68 m to centimeters.,68 m × 100 = 6800 cm. Answer: 6800 cm.
A box has 17 rows of markers with 16 in each row. How many markers are there?,Total = 17 × 16 = 272. Answer: 272.
Explain difference between list and tuple in Python.,"List is mutable; tuple is immutable. Example: lists can append, tuples cannot. Answer: mutability difference."
Solve for x: 9x + 17 = -1.,9x = -1 - 17 ⇒ x = (-1 - 17)/9 = -2.0. Answer: -2.0.
Differentiate speed and velocity briefly.,"Speed is scalar (magnitude only); velocity is vector (magnitude and direction). Example: 10 m/s east is velocity; 10 m/s is speed. Answer: speed=scalar, velocity=vector."
Write the prime factorization of 168.,168 = 2 × 2 × 2 × 3 × 7. Answer: 2 × 2 × 2 × 3 × 7.
Summarize in one sentence: 'Photosynthesis is how plants use sunlight to make food...',"Photosynthesis is the process by which plants convert sunlight, water, and carbon dioxide into glucose and oxygen. Answer: concise summary."
Why is the printing press significant?,"It enabled mass production of books, spreading literacy and ideas rapidly across Europe. Answer: mass knowledge spread."
Summarize in one sentence: 'Photosynthesis is how plants use sunlight to make food...',"Photosynthesis is the process by which plants convert sunlight, water, and carbon dioxide into glucose and oxygen. Answer: concise summary."
Define an acid and a base (Arrhenius).,"Arrhenius acid produces H⁺ in water; base produces OH⁻ in water. Example: HCl (acid), NaOH (base). Answer: H⁺ vs OH⁻ producers."
Fix the punctuation: 'Lets eat Grandma',"Let's eat, Grandma. Answer: Let's eat, Grandma."
State Ohm's law and give a simple calculation.,"Ohm's law: V = I R. If I = 2 A and R = 5 Ω, then V = 10 V. Answer: V = IR."
Rewrite the sentence in active voice: 'The ball was thrown by John.',John threw the ball. Answer: John threw the ball.
What does conservation of energy mean?,"Energy cannot be created or destroyed, only transformed between forms; total energy in an isolated system remains constant. Answer: energy conserved."
A class has 10 boys and 15 girls. How many students are there in total?,Total = 10 + 15 = 25. Answer: 25.
What was the Renaissance? One sentence.,"A cultural and intellectual revival starting in 14th‑century Italy that emphasized art, science, and humanism. Answer: European cultural revival."
Write the prime factorization of 384.,384 = 2 × 2 × 2 × 2 × 2 × 2 × 2 × 3. Answer: 2 × 2 × 2 × 2 × 2 × 2 × 2 × 3.
A box has 4 rows of markers with 26 in each row. How many markers are there?,Total = 4 × 26 = 104. Answer: 104.
What was the Renaissance? One sentence.,"A cultural and intellectual revival starting in 14th‑century Italy that emphasized art, science, and humanism. Answer: European cultural revival."
What was the Renaissance? One sentence.,"A cultural and intellectual revival starting in 14th‑century Italy that emphasized art, science, and humanism. Answer: European cultural revival."
A class has 8 boys and 43 girls. How many students are there in total?,Total = 8 + 43 = 51. Answer: 51.
Convert 1898 g to kilograms.,1898 g ÷ 1000 = 1.898 kg. Answer: 1.898 kg.
Fix the punctuation: 'Lets eat Grandma',"Let's eat, Grandma. Answer: Let's eat, Grandma."
Find 30% of 179.,30% of 179 = (30/100)×179 = 53.7. Answer: 53.7.
A class has 11 boys and 15 girls. How many students are there in total?,Total = 11 + 15 = 26. Answer: 26.
Explain what a function does in programming.,A function groups reusable code to perform a task; it can take inputs (parameters) and return outputs. Answer: reusable code block.
A box has 8 rows of markers with 44 in each row. How many markers are there?,Total = 8 × 44 = 352. Answer: 352.
What was the Renaissance? One sentence.,"A cultural and intellectual revival starting in 14th‑century Italy that emphasized art, science, and humanism. Answer: European cultural revival."
Rewrite the sentence in active voice: 'The ball was thrown by John.',John threw the ball. Answer: John threw the ball.
What was the Renaissance? One sentence.,"A cultural and intellectual revival starting in 14th‑century Italy that emphasized art, science, and humanism. Answer: European cultural revival."
What is Big-O time for binary search?,Binary search runs in O(log n) time on a sorted array. Answer: O(log n).
Solve for x: 4x + 18 = -8.,4x = -8 - 18 ⇒ x = (-8 - 18)/4 = -6.5. Answer: -6.5.
Explain difference between list and tuple in Python.,"List is mutable; tuple is immutable. Example: lists can append, tuples cannot. Answer: mutability difference."
Explain what a function does in programming.,A function groups reusable code to perform a task; it can take inputs (parameters) and return outputs. Answer: reusable code block.
Explain difference between list and tuple in Python.,"List is mutable; tuple is immutable. Example: lists can append, tuples cannot. Answer: mutability difference."
Find 15% of 304.,15% of 304 = (15/100)×304 = 45.6. Answer: 45.6.
There were 32 apples in a basket. 23 were eaten. How many remain?,Remaining = 32 - 23 = 9. Answer: 9.
Find the LCM of 173 and 24.,173 = 173; 24 = 2 × 2 × 2 × 3. LCM = 4152. Answer: 4152.
Find 30% of 392.,30% of 392 = (30/100)×392 = 117.6. Answer: 117.6.
Differentiate speed and velocity briefly.,"Speed is scalar (magnitude only); velocity is vector (magnitude and direction). Example: 10 m/s east is velocity; 10 m/s is speed. Answer: speed=scalar, velocity=vector."
What was the Renaissance? One sentence.,"A cultural and intellectual revival starting in 14th‑century Italy that emphasized art, science, and humanism. Answer: European cultural revival."
A box has 48 rows of markers with 8 in each row. How many markers are there?,Total = 48 × 8 = 384. Answer: 384.
A box has 16 rows of markers with 31 in each row. How many markers are there?,Total = 16 × 31 = 496. Answer: 496.
Explain what a function does in programming.,A function groups reusable code to perform a task; it can take inputs (parameters) and return outputs. Answer: reusable code block.
Find the LCM of 46 and 12.,46 = 2 × 23; 12 = 2 × 2 × 3. LCM = 276. Answer: 276.
What does a hash map provide on average?,"Average O(1) insert, lookup, and delete via hashing. Answer: O(1) average operations."
A class has 22 boys and 29 girls. How many students are there in total?,Total = 22 + 29 = 51. Answer: 51.
Find the LCM of 4 and 37.,4 = 2 × 2; 37 = 37. LCM = 148. Answer: 148.
A box has 43 rows of markers with 12 in each row. How many markers are there?,Total = 43 × 12 = 516. Answer: 516.
Explain what a function does in programming.,A function groups reusable code to perform a task; it can take inputs (parameters) and return outputs. Answer: reusable code block.
Why is the printing press significant?,"It enabled mass production of books, spreading literacy and ideas rapidly across Europe. Answer: mass knowledge spread."
A box has 7 rows of markers with 25 in each row. How many markers are there?,Total = 7 × 25 = 175. Answer: 175.
Differentiate speed and velocity briefly.,"Speed is scalar (magnitude only); velocity is vector (magnitude and direction). Example: 10 m/s east is velocity; 10 m/s is speed. Answer: speed=scalar, velocity=vector."
Fix the punctuation: 'Lets eat Grandma',"Let's eat, Grandma. Answer: Let's eat, Grandma."
Fix the punctuation: 'Lets eat Grandma',"Let's eat, Grandma. Answer: Let's eat, Grandma."
Summarize in one sentence: 'Photosynthesis is how plants use sunlight to make food...',"Photosynthesis is the process by which plants convert sunlight, water, and carbon dioxide into glucose and oxygen. Answer: concise summary."
Fix the punctuation: 'Lets eat Grandma',"Let's eat, Grandma. Answer: Let's eat, Grandma."
There were 12 apples in a basket. 9 were eaten. How many remain?,Remaining = 12 - 9 = 3. Answer: 3.
There were 48 apples in a basket. 5 were eaten. How many remain?,Remaining = 48 - 5 = 43. Answer: 43.
Solve for x: 10x + 10 = 16.,10x = 16 - 10 ⇒ x = (16 - 10)/10 = 0.6. Answer: 0.6.
390 stickers are shared equally among 30 students. How many does each student get?,Each gets = 390 ÷ 30 = 13. Answer: 13.
What is Big-O time for binary search?,Binary search runs in O(log n) time on a sorted array. Answer: O(log n).
480 stickers are shared equally among 48 students. How many does each student get?,Each gets = 480 ÷ 48 = 10. Answer: 10.
Rewrite the sentence in active voice: 'The ball was thrown by John.',John threw the ball. Answer: John threw the ball.
Fix the punctuation: 'Lets eat Grandma',"Let's eat, Grandma. Answer: Let's eat, Grandma."
Find the LCM of 68 and 169.,68 = 2 × 2 × 17; 169 = 13 × 13. LCM = 11492. Answer: 11492.
What is Big-O time for binary search?,Binary search runs in O(log n) time on a sorted array. Answer: O(log n).
There were 45 apples in a basket. 35 were eaten. How many remain?,Remaining = 45 - 35 = 10. Answer: 10.
A class has 23 boys and 35 girls. How many students are there in total?,Total = 23 + 35 = 58. Answer: 58.
Summarize in one sentence: 'Photosynthesis is how plants use sunlight to make food...',"Photosynthesis is the process by which plants convert sunlight, water, and carbon dioxide into glucose and oxygen. Answer: concise summary."
A box has 17 rows of markers with 32 in each row. How many markers are there?,Total = 17 × 32 = 544. Answer: 544.
1935 stickers are shared equally among 45 students. How many does each student get?,Each gets = 1935 ÷ 45 = 43. Answer: 43.
Define molar mass.,"Molar mass is the mass of one mole of a substance, in g/mol. Example: H₂O ≈ 18 g/mol. Answer: mass per mole."
What was the Renaissance? One sentence.,"A cultural and intellectual revival starting in 14th‑century Italy that emphasized art, science, and humanism. Answer: European cultural revival."
Convert 2572 m to centimeters.,2572 m × 100 = 257200 cm. Answer: 257200 cm.
Fix the punctuation: 'Lets eat Grandma',"Let's eat, Grandma. Answer: Let's eat, Grandma."
Differentiate speed and velocity briefly.,"Speed is scalar (magnitude only); velocity is vector (magnitude and direction). Example: 10 m/s east is velocity; 10 m/s is speed. Answer: speed=scalar, velocity=vector."
Fix the punctuation: 'Lets eat Grandma',"Let's eat, Grandma. Answer: Let's eat, Grandma."
Define an acid and a base (Arrhenius).,"Arrhenius acid produces H⁺ in water; base produces OH⁻ in water. Example: HCl (acid), NaOH (base). Answer: H⁺ vs OH⁻ producers."
What is Big-O time for binary search?,Binary search runs in O(log n) time on a sorted array. Answer: O(log n).
What was the Renaissance? One sentence.,"A cultural and intellectual revival starting in 14th‑century Italy that emphasized art, science, and humanism. Answer: European cultural revival."
Why is the printing press significant?,"It enabled mass production of books, spreading literacy and ideas rapidly across Europe. Answer: mass knowledge spread."
Rewrite the sentence in active voice: 'The ball was thrown by John.',John threw the ball. Answer: John threw the ball.
Solve for x: 8x + 16 = 8.,8x = 8 - 16 ⇒ x = (8 - 16)/8 = -1.0. Answer: -1.0.
Solve for x: 8x + 0 = -13.,8x = -13 - 0 ⇒ x = (-13 - 0)/8 = -1.625. Answer: -1.625.
Summarize in one sentence: 'Photosynthesis is how plants use sunlight to make food...',"Photosynthesis is the process by which plants convert sunlight, water, and carbon dioxide into glucose and oxygen. Answer: concise summary."
24 stickers are shared equally among 3 students. How many does each student get?,Each gets = 24 ÷ 3 = 8. Answer: 8.
Rewrite the sentence in active voice: 'The ball was thrown by John.',John threw the ball. Answer: John threw the ball.
What was the Renaissance? One sentence.,"A cultural and intellectual revival starting in 14th‑century Italy that emphasized art, science, and humanism. Answer: European cultural revival."
Find 50% of 366.,50% of 366 = (50/100)×366 = 183.0. Answer: 183.0.
Explain difference between list and tuple in Python.,"List is mutable; tuple is immutable. Example: lists can append, tuples cannot. Answer: mutability difference."
A box has 44 rows of markers with 31 in each row. How many markers are there?,Total = 44 × 31 = 1364. Answer: 1364.
What is Big-O time for binary search?,Binary search runs in O(log n) time on a sorted array. Answer: O(log n).
What is a catalyst?,"A catalyst increases reaction rate by lowering activation energy without being consumed. Answer: speeds up reaction, not consumed."
Explain what a function does in programming.,A function groups reusable code to perform a task; it can take inputs (parameters) and return outputs. Answer: reusable code block.
1100 stickers are shared equally among 44 students. How many does each student get?,Each gets = 1100 ÷ 44 = 25. Answer: 25.
Find the LCM of 196 and 170.,196 = 2 × 2 × 7 × 7; 170 = 2 × 5 × 17. LCM = 16660. Answer: 16660.
Explain Newton's first law with an example.,Newton's first law (law of inertia) states an object remains at rest or moves at constant velocity unless acted on by a net external force. Example: A puck on frictionless ice glides at constant speed. Answer: Law of inertia.
What does a hash map provide on average?,"Average O(1) insert, lookup, and delete via hashing. Answer: O(1) average operations."
A box has 20 rows of markers with 37 in each row. How many markers are there?,Total = 20 × 37 = 740. Answer: 740.
There were 8 apples in a basket. 4 were eaten. How many remain?,Remaining = 8 - 4 = 4. Answer: 4.
Rewrite the sentence in active voice: 'The ball was thrown by John.',John threw the ball. Answer: John threw the ball.
2352 stickers are shared equally among 49 students. How many does each student get?,Each gets = 2352 ÷ 49 = 48. Answer: 48.
Write the prime factorization of 332.,332 = 2 × 2 × 83. Answer: 2 × 2 × 83.
What does conservation of energy mean?,"Energy cannot be created or destroyed, only transformed between forms; total energy in an isolated system remains constant. Answer: energy conserved."
Solve for x: 4x + 9 = -8.,4x = -8 - 9 ⇒ x = (-8 - 9)/4 = -4.25. Answer: -4.25.
184 stickers are shared equally among 23 students. How many does each student get?,Each gets = 184 ÷ 23 = 8. Answer: 8.
Convert 9648 cm to meters.,9648 cm ÷ 100 = 96.48 m. Answer: 96.48 m.
Fix the punctuation: 'Lets eat Grandma',"Let's eat, Grandma. Answer: Let's eat, Grandma."
There were 39 apples in a basket. 34 were eaten. How many remain?,Remaining = 39 - 34 = 5. Answer: 5.
Rewrite the sentence in active voice: 'The ball was thrown by John.',John threw the ball. Answer: John threw the ball.
What was the Renaissance? One sentence.,"A cultural and intellectual revival starting in 14th‑century Italy that emphasized art, science, and humanism. Answer: European cultural revival."
Why is the printing press significant?,"It enabled mass production of books, spreading literacy and ideas rapidly across Europe. Answer: mass knowledge spread."
Why is the printing press significant?,"It enabled mass production of books, spreading literacy and ideas rapidly across Europe. Answer: mass knowledge spread."
What was the Renaissance? One sentence.,"A cultural and intellectual revival starting in 14th‑century Italy that emphasized art, science, and humanism. Answer: European cultural revival."
There were 39 apples in a basket. 13 were eaten. How many remain?,Remaining = 39 - 13 = 26. Answer: 26.
Solve for x: 11x + 18 = 18.,11x = 18 - 18 ⇒ x = (18 - 18)/11 = 0.0. Answer: 0.0.
Explain what a function does in programming.,A function groups reusable code to perform a task; it can take inputs (parameters) and return outputs. Answer: reusable code block.
Summarize in one sentence: 'Photosynthesis is how plants use sunlight to make food...',"Photosynthesis is the process by which plants convert sunlight, water, and carbon dioxide into glucose and oxygen. Answer: concise summary."
A box has 50 rows of markers with 17 in each row. How many markers are there?,Total = 50 × 17 = 850. Answer: 850.
Fix the punctuation: 'Lets eat Grandma',"Let's eat, Grandma. Answer: Let's eat, Grandma."
Explain what a function does in programming.,A function groups reusable code to perform a task; it can take inputs (parameters) and return outputs. Answer: reusable code block.
State Ohm's law and give a simple calculation.,"Ohm's law: V = I R. If I = 2 A and R = 5 Ω, then V = 10 V. Answer: V = IR."
Summarize in one sentence: 'Photosynthesis is how plants use sunlight to make food...',"Photosynthesis is the process by which plants convert sunlight, water, and carbon dioxide into glucose and oxygen. Answer: concise summary."
A box has 49 rows of markers with 34 in each row. How many markers are there?,Total = 49 × 34 = 1666. Answer: 1666.
There were 37 apples in a basket. 22 were eaten. How many remain?,Remaining = 37 - 22 = 15. Answer: 15.
What does conservation of energy mean?,"Energy cannot be created or destroyed, only transformed between forms; total energy in an isolated system remains constant. Answer: energy conserved."
Why is the printing press significant?,"It enabled mass production of books, spreading literacy and ideas rapidly across Europe. Answer: mass knowledge spread."
There were 45 apples in a basket. 24 were eaten. How many remain?,Remaining = 45 - 24 = 21. Answer: 21.
A box has 43 rows of markers with 13 in each row. How many markers are there?,Total = 43 × 13 = 559. Answer: 559.
A box has 9 rows of markers with 50 in each row. How many markers are there?,Total = 9 × 50 = 450. Answer: 450.
Why is the printing press significant?,"It enabled mass production of books, spreading literacy and ideas rapidly across Europe. Answer: mass knowledge spread."
Why is the printing press significant?,"It enabled mass production of books, spreading literacy and ideas rapidly across Europe. Answer: mass knowledge spread."
A box has 49 rows of markers with 36 in each row. How many markers are there?,Total = 49 × 36 = 1764. Answer: 1764.
Rewrite the sentence in active voice: 'The ball was thrown by John.',John threw the ball. Answer: John threw the ball.
What was the Renaissance? One sentence.,"A cultural and intellectual revival starting in 14th‑century Italy that emphasized art, science, and humanism. Answer: European cultural revival."
Solve for x: 3x + -17 = -17.,3x = -17 - -17 ⇒ x = (-17 - -17)/3 = 0.0. Answer: 0.0.
Explain refraction in simple words.,Refraction is the bending of light as it passes between media with different optical density due to speed change. Answer: bending due to speed change.
Explain refraction in simple words.,Refraction is the bending of light as it passes between media with different optical density due to speed change. Answer: bending due to speed change.
A class has 18 boys and 11 girls. How many students are there in total?,Total = 18 + 11 = 29. Answer: 29.
A class has 20 boys and 15 girls. How many students are there in total?,Total = 20 + 15 = 35. Answer: 35.
Explain what a function does in programming.,A function groups reusable code to perform a task; it can take inputs (parameters) and return outputs. Answer: reusable code block.
Find 35% of 395.,35% of 395 = (35/100)×395 = 138.25. Answer: 138.25.
Define molar mass.,"Molar mass is the mass of one mole of a substance, in g/mol. Example: H₂O ≈ 18 g/mol. Answer: mass per mole."
Rewrite the sentence in active voice: 'The ball was thrown by John.',John threw the ball. Answer: John threw the ball.
Why is the printing press significant?,"It enabled mass production of books, spreading literacy and ideas rapidly across Europe. Answer: mass knowledge spread."
220 stickers are shared equally among 44 students. How many does each student get?,Each gets = 220 ÷ 44 = 5. Answer: 5.
Fix the punctuation: 'Lets eat Grandma',"Let's eat, Grandma. Answer: Let's eat, Grandma."
A class has 22 boys and 37 girls. How many students are there in total?,Total = 22 + 37 = 59. Answer: 59.
Convert 4118 cm to meters.,4118 cm ÷ 100 = 41.18 m. Answer: 41.18 m.
Why is the printing press significant?,"It enabled mass production of books, spreading literacy and ideas rapidly across Europe. Answer: mass knowledge spread."
Define an acid and a base (Arrhenius).,"Arrhenius acid produces H⁺ in water; base produces OH⁻ in water. Example: HCl (acid), NaOH (base). Answer: H⁺ vs OH⁻ producers."
What was the Renaissance? One sentence.,"A cultural and intellectual revival starting in 14th‑century Italy that emphasized art, science, and humanism. Answer: European cultural revival."
280 stickers are shared equally among 14 students. How many does each student get?,Each gets = 280 ÷ 14 = 20. Answer: 20.
Differentiate speed and velocity briefly.,"Speed is scalar (magnitude only); velocity is vector (magnitude and direction). Example: 10 m/s east is velocity; 10 m/s is speed. Answer: speed=scalar, velocity=vector."
State Ohm's law and give a simple calculation.,"Ohm's law: V = I R. If I = 2 A and R = 5 Ω, then V = 10 V. Answer: V = IR."
306 stickers are shared equally among 34 students. How many does each student get?,Each gets = 306 ÷ 34 = 9. Answer: 9.
Solve for x: 5x + 15 = -4.,5x = -4 - 15 ⇒ x = (-4 - 15)/5 = -3.8. Answer: -3.8.
State Ohm's law and give a simple calculation.,"Ohm's law: V = I R. If I = 2 A and R = 5 Ω, then V = 10 V. Answer: V = IR."
Why is the printing press significant?,"It enabled mass production of books, spreading literacy and ideas rapidly across Europe. Answer: mass knowledge spread."
Write the prime factorization of 258.,258 = 2 × 3 × 43. Answer: 2 × 3 × 43.
There were 11 apples in a basket. 4 were eaten. How many remain?,Remaining = 11 - 4 = 7. Answer: 7.
What is Big-O time for binary search?,Binary search runs in O(log n) time on a sorted array. Answer: O(log n).
A box has 41 rows of markers with 44 in each row. How many markers are there?,Total = 41 × 44 = 1804. Answer: 1804.
Summarize in one sentence: 'Photosynthesis is how plants use sunlight to make food...',"Photosynthesis is the process by which plants convert sunlight, water, and carbon dioxide into glucose and oxygen. Answer: concise summary."
Why is the printing press significant?,"It enabled mass production of books, spreading literacy and ideas rapidly across Europe. Answer: mass knowledge spread."
Convert 5208 m to centimeters.,5208 m × 100 = 520800 cm. Answer: 520800 cm.
State Ohm's law and give a simple calculation.,"Ohm's law: V = I R. If I = 2 A and R = 5 Ω, then V = 10 V. Answer: V = IR."
What was the Renaissance? One sentence.,"A cultural and intellectual revival starting in 14th‑century Italy that emphasized art, science, and humanism. Answer: European cultural revival."
What was the Renaissance? One sentence.,"A cultural and intellectual revival starting in 14th‑century Italy that emphasized art, science, and humanism. Answer: European cultural revival."
Summarize in one sentence: 'Photosynthesis is how plants use sunlight to make food...',"Photosynthesis is the process by which plants convert sunlight, water, and carbon dioxide into glucose and oxygen. Answer: concise summary."
Why is the printing press significant?,"It enabled mass production of books, spreading literacy and ideas rapidly across Europe. Answer: mass knowledge spread."
Write the prime factorization of 133.,133 = 7 × 19. Answer: 7 × 19.
Define an acid and a base (Arrhenius).,"Arrhenius acid produces H⁺ in water; base produces OH⁻ in water. Example: HCl (acid), NaOH (base). Answer: H⁺ vs OH⁻ producers."
What does a hash map provide on average?,"Average O(1) insert, lookup, and delete via hashing. Answer: O(1) average operations."
Explain difference between list and tuple in Python.,"List is mutable; tuple is immutable. Example: lists can append, tuples cannot. Answer: mutability difference."
Why is the printing press significant?,"It enabled mass production of books, spreading literacy and ideas rapidly across Europe. Answer: mass knowledge spread."
What was the Renaissance? One sentence.,"A cultural and intellectual revival starting in 14th‑century Italy that emphasized art, science, and humanism. Answer: European cultural revival."
Convert 5669 g to kilograms.,5669 g ÷ 1000 = 5.669 kg. Answer: 5.669 kg.
What does conservation of energy mean?,"Energy cannot be created or destroyed, only transformed between forms; total energy in an isolated system remains constant. Answer: energy conserved."
Convert 5259 g to kilograms.,5259 g ÷ 1000 = 5.259 kg. Answer: 5.259 kg.
Solve for x: 5x + 14 = -2.,5x = -2 - 14 ⇒ x = (-2 - 14)/5 = -3.2. Answer: -3.2.
Find 35% of 241.,35% of 241 = (35/100)×241 = 84.35. Answer: 84.35.
Why is the printing press significant?,"It enabled mass production of books, spreading literacy and ideas rapidly across Europe. Answer: mass knowledge spread."
Rewrite the sentence in active voice: 'The ball was thrown by John.',John threw the ball. Answer: John threw the ball.
Explain difference between list and tuple in Python.,"List is mutable; tuple is immutable. Example: lists can append, tuples cannot. Answer: mutability difference."
What is Big-O time for binary search?,Binary search runs in O(log n) time on a sorted array. Answer: O(log n).
Find the GCD of 277 and 275.,"Using the Euclidean algorithm, GCD(277, 275) = 1. Answer: 1."
Convert 1073 cm to meters.,1073 cm ÷ 100 = 10.73 m. Answer: 10.73 m.
630 stickers are shared equally among 42 students. How many does each student get?,Each gets = 630 ÷ 42 = 15. Answer: 15.
Find the GCD of 277 and 224.,"Using the Euclidean algorithm, GCD(277, 224) = 1. Answer: 1."
There were 49 apples in a basket. 6 were eaten. How many remain?,Remaining = 49 - 6 = 43. Answer: 43.
Solve for x: 12x + 1 = -18.,12x = -18 - 1 ⇒ x = (-18 - 1)/12 = -1.5833333333333333. Answer: -1.5833333333333333.
Find the LCM of 15 and 47.,15 = 3 × 5; 47 = 47. LCM = 705. Answer: 705.
What is Big-O time for binary search?,Binary search runs in O(log n) time on a sorted array. Answer: O(log n).
What was the Renaissance? One sentence.,"A cultural and intellectual revival starting in 14th‑century Italy that emphasized art, science, and humanism. Answer: European cultural revival."
Explain what a function does in programming.,A function groups reusable code to perform a task; it can take inputs (parameters) and return outputs. Answer: reusable code block.
Fix the punctuation: 'Lets eat Grandma',"Let's eat, Grandma. Answer: Let's eat, Grandma."
A box has 27 rows of markers with 29 in each row. How many markers are there?,Total = 27 × 29 = 783. Answer: 783.
Solve for x: 11x + -13 = 14.,11x = 14 - -13 ⇒ x = (14 - -13)/11 = 2.4545454545454546. Answer: 2.4545454545454546.
Convert 1037 m to centimeters.,1037 m × 100 = 103700 cm. Answer: 103700 cm.
What was the Renaissance? One sentence.,"A cultural and intellectual revival starting in 14th‑century Italy that emphasized art, science, and humanism. Answer: European cultural revival."
A class has 6 boys and 24 girls. How many students are there in total?,Total = 6 + 24 = 30. Answer: 30.
What does a hash map provide on average?,"Average O(1) insert, lookup, and delete via hashing. Answer: O(1) average operations."
What was the Renaissance? One sentence.,"A cultural and intellectual revival starting in 14th‑century Italy that emphasized art, science, and humanism. Answer: European cultural revival."
Explain what a function does in programming.,A function groups reusable code to perform a task; it can take inputs (parameters) and return outputs. Answer: reusable code block.
Fix the punctuation: 'Lets eat Grandma',"Let's eat, Grandma. Answer: Let's eat, Grandma."
There were 32 apples in a basket. 3 were eaten. How many remain?,Remaining = 32 - 3 = 29. Answer: 29.
What was the Renaissance? One sentence.,"A cultural and intellectual revival starting in 14th‑century Italy that emphasized art, science, and humanism. Answer: European cultural revival."
What is the law of conservation of mass?,"In a closed system, mass is conserved during a chemical reaction; mass of reactants equals mass of products. Answer: mass conserved."
Why is the printing press significant?,"It enabled mass production of books, spreading literacy and ideas rapidly across Europe. Answer: mass knowledge spread."
A box has 11 rows of markers with 21 in each row. How many markers are there?,Total = 11 × 21 = 231. Answer: 231.
Find 12% of 334.,12% of 334 = (12/100)×334 = 40.08. Answer: 40.08.
Find the LCM of 3 and 148.,3 = 3; 148 = 2 × 2 × 37. LCM = 444. Answer: 444.
Why is the printing press significant?,"It enabled mass production of books, spreading literacy and ideas rapidly across Europe. Answer: mass knowledge spread."
What was the Renaissance? One sentence.,"A cultural and intellectual revival starting in 14th‑century Italy that emphasized art, science, and humanism. Answer: European cultural revival."
Explain difference between list and tuple in Python.,"List is mutable; tuple is immutable. Example: lists can append, tuples cannot. Answer: mutability difference."
A box has 49 rows of markers with 48 in each row. How many markers are there?,Total = 49 × 48 = 2352. Answer: 2352.
What is the law of conservation of mass?,"In a closed system, mass is conserved during a chemical reaction; mass of reactants equals mass of products. Answer: mass conserved."
There were 34 apples in a basket. 11 were eaten. How many remain?,Remaining = 34 - 11 = 23. Answer: 23.
What does conservation of energy mean?,"Energy cannot be created or destroyed, only transformed between forms; total energy in an isolated system remains constant. Answer: energy conserved."
Why is the printing press significant?,"It enabled mass production of books, spreading literacy and ideas rapidly across Europe. Answer: mass knowledge spread."
Differentiate speed and velocity briefly.,"Speed is scalar (magnitude only); velocity is vector (magnitude and direction). Example: 10 m/s east is velocity; 10 m/s is speed. Answer: speed=scalar, velocity=vector."
Explain Newton's first law with an example.,Newton's first law (law of inertia) states an object remains at rest or moves at constant velocity unless acted on by a net external force. Example: A puck on frictionless ice glides at constant speed. Answer: Law of inertia.
Why is the printing press significant?,"It enabled mass production of books, spreading literacy and ideas rapidly across Europe. Answer: mass knowledge spread."
A box has 37 rows of markers with 6 in each row. How many markers are there?,Total = 37 × 6 = 222. Answer: 222.
A class has 6 boys and 18 girls. How many students are there in total?,Total = 6 + 18 = 24. Answer: 24.
What is a catalyst?,"A catalyst increases reaction rate by lowering activation energy without being consumed. Answer: speeds up reaction, not consumed."
What does a hash map provide on average?,"Average O(1) insert, lookup, and delete via hashing. Answer: O(1) average operations."
What does conservation of energy mean?,"Energy cannot be created or destroyed, only transformed between forms; total energy in an isolated system remains constant. Answer: energy conserved."
Write the prime factorization of 337.,337 = 337. Answer: 337.
Find the GCD of 164 and 250.,"Using the Euclidean algorithm, GCD(164, 250) = 2. Answer: 2."
Fix the punctuation: 'Lets eat Grandma',"Let's eat, Grandma. Answer: Let's eat, Grandma."
Why is the printing press significant?,"It enabled mass production of books, spreading literacy and ideas rapidly across Europe. Answer: mass knowledge spread."
A box has 39 rows of markers with 11 in each row. How many markers are there?,Total = 39 × 11 = 429. Answer: 429.
Explain what a function does in programming.,A function groups reusable code to perform a task; it can take inputs (parameters) and return outputs. Answer: reusable code block.
Explain Newton's first law with an example.,Newton's first law (law of inertia) states an object remains at rest or moves at constant velocity unless acted on by a net external force. Example: A puck on frictionless ice glides at constant speed. Answer: Law of inertia.
Explain difference between list and tuple in Python.,"List is mutable; tuple is immutable. Example: lists can append, tuples cannot. Answer: mutability difference."
What is the law of conservation of mass?,"In a closed system, mass is conserved during a chemical reaction; mass of reactants equals mass of products. Answer: mass conserved."
What does a hash map provide on average?,"Average O(1) insert, lookup, and delete via hashing. Answer: O(1) average operations."
Define an acid and a base (Arrhenius).,"Arrhenius acid produces H⁺ in water; base produces OH⁻ in water. Example: HCl (acid), NaOH (base). Answer: H⁺ vs OH⁻ producers."
Fix the punctuation: 'Lets eat Grandma',"Let's eat, Grandma. Answer: Let's eat, Grandma."
Fix the punctuation: 'Lets eat Grandma',"Let's eat, Grandma. Answer: Let's eat, Grandma."
Explain what a function does in programming.,A function groups reusable code to perform a task; it can take inputs (parameters) and return outputs. Answer: reusable code block.
What was the Renaissance? One sentence.,"A cultural and intellectual revival starting in 14th‑century Italy that emphasized art, science, and humanism. Answer: European cultural revival."
Differentiate speed and velocity briefly.,"Speed is scalar (magnitude only); velocity is vector (magnitude and direction). Example: 10 m/s east is velocity; 10 m/s is speed. Answer: speed=scalar, velocity=vector."
Explain difference between list and tuple in Python.,"List is mutable; tuple is immutable. Example: lists can append, tuples cannot. Answer: mutability difference."
What was the Renaissance? One sentence.,"A cultural and intellectual revival starting in 14th‑century Italy that emphasized art, science, and humanism. Answer: European cultural revival."
What is Big-O time for binary search?,Binary search runs in O(log n) time on a sorted array. Answer: O(log n).
A class has 6 boys and 3 girls. How many students are there in total?,Total = 6 + 3 = 9. Answer: 9.
Why is the printing press significant?,"It enabled mass production of books, spreading literacy and ideas rapidly across Europe. Answer: mass knowledge spread."
What was the Renaissance? One sentence.,"A cultural and intellectual revival starting in 14th‑century Italy that emphasized art, science, and humanism. Answer: European cultural revival."
Find 35% of 183.,35% of 183 = (35/100)×183 = 64.05. Answer: 64.05.
Why is the printing press significant?,"It enabled mass production of books, spreading literacy and ideas rapidly across Europe. Answer: mass knowledge spread."
275 stickers are shared equally among 11 students. How many does each student get?,Each gets = 275 ÷ 11 = 25. Answer: 25.
Explain refraction in simple words.,Refraction is the bending of light as it passes between media with different optical density due to speed change. Answer: bending due to speed change.
What is a catalyst?,"A catalyst increases reaction rate by lowering activation energy without being consumed. Answer: speeds up reaction, not consumed."
What was the Renaissance? One sentence.,"A cultural and intellectual revival starting in 14th‑century Italy that emphasized art, science, and humanism. Answer: European cultural revival."
Fix the punctuation: 'Lets eat Grandma',"Let's eat, Grandma. Answer: Let's eat, Grandma."
What was the Renaissance? One sentence.,"A cultural and intellectual revival starting in 14th‑century Italy that emphasized art, science, and humanism. Answer: European cultural revival."
There were 41 apples in a basket. 17 were eaten. How many remain?,Remaining = 41 - 17 = 24. Answer: 24.
What was the Renaissance? One sentence.,"A cultural and intellectual revival starting in 14th‑century Italy that emphasized art, science, and humanism. Answer: European cultural revival."
Rewrite the sentence in active voice: 'The ball was thrown by John.',John threw the ball. Answer: John threw the ball.
State Ohm's law and give a simple calculation.,"Ohm's law: V = I R. If I = 2 A and R = 5 Ω, then V = 10 V. Answer: V = IR."
A box has 48 rows of markers with 32 in each row. How many markers are there?,Total = 48 × 32 = 1536. Answer: 1536.
Find the GCD of 251 and 120.,"Using the Euclidean algorithm, GCD(251, 120) = 1. Answer: 1."
Write the prime factorization of 209.,209 = 11 × 19. Answer: 11 × 19.
Explain Newton's first law with an example.,Newton's first law (law of inertia) states an object remains at rest or moves at constant velocity unless acted on by a net external force. Example: A puck on frictionless ice glides at constant speed. Answer: Law of inertia.
A box has 15 rows of markers with 35 in each row. How many markers are there?,Total = 15 × 35 = 525. Answer: 525.
Fix the punctuation: 'Lets eat Grandma',"Let's eat, Grandma. Answer: Let's eat, Grandma."
Rewrite the sentence in active voice: 'The ball was thrown by John.',John threw the ball. Answer: John threw the ball.
Convert 5310 cm to meters.,5310 cm ÷ 100 = 53.1 m. Answer: 53.1 m.
A box has 35 rows of markers with 42 in each row. How many markers are there?,Total = 35 × 42 = 1470. Answer: 1470.
There were 39 apples in a basket. 18 were eaten. How many remain?,Remaining = 39 - 18 = 21. Answer: 21.
Summarize in one sentence: 'Photosynthesis is how plants use sunlight to make food...',"Photosynthesis is the process by which plants convert sunlight, water, and carbon dioxide into glucose and oxygen. Answer: concise summary."
Fix the punctuation: 'Lets eat Grandma',"Let's eat, Grandma. Answer: Let's eat, Grandma."
What was the Renaissance? One sentence.,"A cultural and intellectual revival starting in 14th‑century Italy that emphasized art, science, and humanism. Answer: European cultural revival."
Why is the printing press significant?,"It enabled mass production of books, spreading literacy and ideas rapidly across Europe. Answer: mass knowledge spread."
Rewrite the sentence in active voice: 'The ball was thrown by John.',John threw the ball. Answer: John threw the ball.
Why is the printing press significant?,"It enabled mass production of books, spreading literacy and ideas rapidly across Europe. Answer: mass knowledge spread."
What does a hash map provide on average?,"Average O(1) insert, lookup, and delete via hashing. Answer: O(1) average operations."
Fix the punctuation: 'Lets eat Grandma',"Let's eat, Grandma. Answer: Let's eat, Grandma."
What was the Renaissance? One sentence.,"A cultural and intellectual revival starting in 14th‑century Italy that emphasized art, science, and humanism. Answer: European cultural revival."
What was the Renaissance? One sentence.,"A cultural and intellectual revival starting in 14th‑century Italy that emphasized art, science, and humanism. Answer: European cultural revival."
Rewrite the sentence in active voice: 'The ball was thrown by John.',John threw the ball. Answer: John threw the ball.
Differentiate speed and velocity briefly.,"Speed is scalar (magnitude only); velocity is vector (magnitude and direction). Example: 10 m/s east is velocity; 10 m/s is speed. Answer: speed=scalar, velocity=vector."
Why is the printing press significant?,"It enabled mass production of books, spreading literacy and ideas rapidly across Europe. Answer: mass knowledge spread."
State Ohm's law and give a simple calculation.,"Ohm's law: V = I R. If I = 2 A and R = 5 Ω, then V = 10 V. Answer: V = IR."
State Ohm's law and give a simple calculation.,"Ohm's law: V = I R. If I = 2 A and R = 5 Ω, then V = 10 V. Answer: V = IR."
What is Big-O time for binary search?,Binary search runs in O(log n) time on a sorted array. Answer: O(log n).
A box has 16 rows of markers with 28 in each row. How many markers are there?,Total = 16 × 28 = 448. Answer: 448.
288 stickers are shared equally among 9 students. How many does each student get?,Each gets = 288 ÷ 9 = 32. Answer: 32.
Rewrite the sentence in active voice: 'The ball was thrown by John.',John threw the ball. Answer: John threw the ball.
What was the Renaissance? One sentence.,"A cultural and intellectual revival starting in 14th‑century Italy that emphasized art, science, and humanism. Answer: European cultural revival."
There were 28 apples in a basket. 3 were eaten. How many remain?,Remaining = 28 - 3 = 25. Answer: 25.
Find the GCD of 295 and 84.,"Using the Euclidean algorithm, GCD(295, 84) = 1. Answer: 1."
Define molar mass.,"Molar mass is the mass of one mole of a substance, in g/mol. Example: H₂O ≈ 18 g/mol. Answer: mass per mole."
Find 5% of 125.,5% of 125 = (5/100)×125 = 6.25. Answer: 6.25.
Explain refraction in simple words.,Refraction is the bending of light as it passes between media with different optical density due to speed change. Answer: bending due to speed change.
Define molar mass.,"Molar mass is the mass of one mole of a substance, in g/mol. Example: H₂O ≈ 18 g/mol. Answer: mass per mole."
Summarize in one sentence: 'Photosynthesis is how plants use sunlight to make food...',"Photosynthesis is the process by which plants convert sunlight, water, and carbon dioxide into glucose and oxygen. Answer: concise summary."
What was the Renaissance? One sentence.,"A cultural and intellectual revival starting in 14th‑century Italy that emphasized art, science, and humanism. Answer: European cultural revival."
A box has 48 rows of markers with 44 in each row. How many markers are there?,Total = 48 × 44 = 2112. Answer: 2112.
Find the GCD of 231 and 243.,"Using the Euclidean algorithm, GCD(231, 243) = 3. Answer: 3."
Rewrite the sentence in active voice: 'The ball was thrown by John.',John threw the ball. Answer: John threw the ball.
What is the law of conservation of mass?,"In a closed system, mass is conserved during a chemical reaction; mass of reactants equals mass of products. Answer: mass conserved."
What was the Renaissance? One sentence.,"A cultural and intellectual revival starting in 14th‑century Italy that emphasized art, science, and humanism. Answer: European cultural revival."
What was the Renaissance? One sentence.,"A cultural and intellectual revival starting in 14th‑century Italy that emphasized art, science, and humanism. Answer: European cultural revival."
Why is the printing press significant?,"It enabled mass production of books, spreading literacy and ideas rapidly across Europe. Answer: mass knowledge spread."
Define an acid and a base (Arrhenius).,"Arrhenius acid produces H⁺ in water; base produces OH⁻ in water. Example: HCl (acid), NaOH (base). Answer: H⁺ vs OH⁻ producers."
Summarize in one sentence: 'Photosynthesis is how plants use sunlight to make food...',"Photosynthesis is the process by which plants convert sunlight, water, and carbon dioxide into glucose and oxygen. Answer: concise summary."
What was the Renaissance? One sentence.,"A cultural and intellectual revival starting in 14th‑century Italy that emphasized art, science, and humanism. Answer: European cultural revival."
What is the law of conservation of mass?,"In a closed system, mass is conserved during a chemical reaction; mass of reactants equals mass of products. Answer: mass conserved."
Rewrite the sentence in active voice: 'The ball was thrown by John.',John threw the ball. Answer: John threw the ball.
Find the LCM of 53 and 135.,53 = 53; 135 = 3 × 3 × 3 × 5. LCM = 7155. Answer: 7155.
Why is the printing press significant?,"It enabled mass production of books, spreading literacy and ideas rapidly across Europe. Answer: mass knowledge spread."
Differentiate speed and velocity briefly.,"Speed is scalar (magnitude only); velocity is vector (magnitude and direction). Example: 10 m/s east is velocity; 10 m/s is speed. Answer: speed=scalar, velocity=vector."
What is a catalyst?,"A catalyst increases reaction rate by lowering activation energy without being consumed. Answer: speeds up reaction, not consumed."
What was the Renaissance? One sentence.,"A cultural and intellectual revival starting in 14th‑century Italy that emphasized art, science, and humanism. Answer: European cultural revival."
What was the Renaissance? One sentence.,"A cultural and intellectual revival starting in 14th‑century Italy that emphasized art, science, and humanism. Answer: European cultural revival."
Solve for x: 11x + -12 = 18.,11x = 18 - -12 ⇒ x = (18 - -12)/11 = 2.727272727272727. Answer: 2.727272727272727.
What was the Renaissance? One sentence.,"A cultural and intellectual revival starting in 14th‑century Italy that emphasized art, science, and humanism. Answer: European cultural revival."
1247 stickers are shared equally among 43 students. How many does each student get?,Each gets = 1247 ÷ 43 = 29. Answer: 29.
What is Big-O time for binary search?,Binary search runs in O(log n) time on a sorted array. Answer: O(log n).
There were 35 apples in a basket. 29 were eaten. How many remain?,Remaining = 35 - 29 = 6. Answer: 6.
Fix the punctuation: 'Lets eat Grandma',"Let's eat, Grandma. Answer: Let's eat, Grandma."
What is Big-O time for binary search?,Binary search runs in O(log n) time on a sorted array. Answer: O(log n).
Rewrite the sentence in active voice: 'The ball was thrown by John.',John threw the ball. Answer: John threw the ball.
Explain what a function does in programming.,A function groups reusable code to perform a task; it can take inputs (parameters) and return outputs. Answer: reusable code block.
Differentiate speed and velocity briefly.,"Speed is scalar (magnitude only); velocity is vector (magnitude and direction). Example: 10 m/s east is velocity; 10 m/s is speed. Answer: speed=scalar, velocity=vector."
Explain what a function does in programming.,A function groups reusable code to perform a task; it can take inputs (parameters) and return outputs. Answer: reusable code block.
Explain difference between list and tuple in Python.,"List is mutable; tuple is immutable. Example: lists can append, tuples cannot. Answer: mutability difference."
Convert 117 m to centimeters.,117 m × 100 = 11700 cm. Answer: 11700 cm.
What was the Renaissance? One sentence.,"A cultural and intellectual revival starting in 14th‑century Italy that emphasized art, science, and humanism. Answer: European cultural revival."
What was the Renaissance? One sentence.,"A cultural and intellectual revival starting in 14th‑century Italy that emphasized art, science, and humanism. Answer: European cultural revival."
Summarize in one sentence: 'Photosynthesis is how plants use sunlight to make food...',"Photosynthesis is the process by which plants convert sunlight, water, and carbon dioxide into glucose and oxygen. Answer: concise summary."
Define an acid and a base (Arrhenius).,"Arrhenius acid produces H⁺ in water; base produces OH⁻ in water. Example: HCl (acid), NaOH (base). Answer: H⁺ vs OH⁻ producers."
Fix the punctuation: 'Lets eat Grandma',"Let's eat, Grandma. Answer: Let's eat, Grandma."
Find the GCD of 220 and 131.,"Using the Euclidean algorithm, GCD(220, 131) = 1. Answer: 1."
Explain what a function does in programming.,A function groups reusable code to perform a task; it can take inputs (parameters) and return outputs. Answer: reusable code block.
Why is the printing press significant?,"It enabled mass production of books, spreading literacy and ideas rapidly across Europe. Answer: mass knowledge spread."
Why is the printing press significant?,"It enabled mass production of books, spreading literacy and ideas rapidly across Europe. Answer: mass knowledge spread."
There were 50 apples in a basket. 27 were eaten. How many remain?,Remaining = 50 - 27 = 23. Answer: 23.
Summarize in one sentence: 'Photosynthesis is how plants use sunlight to make food...',"Photosynthesis is the process by which plants convert sunlight, water, and carbon dioxide into glucose and oxygen. Answer: concise summary."
Why is the printing press significant?,"It enabled mass production of books, spreading literacy and ideas rapidly across Europe. Answer: mass knowledge spread."
Define an acid and a base (Arrhenius).,"Arrhenius acid produces H⁺ in water; base produces OH⁻ in water. Example: HCl (acid), NaOH (base). Answer: H⁺ vs OH⁻ producers."
Why is the printing press significant?,"It enabled mass production of books, spreading literacy and ideas rapidly across Europe. Answer: mass knowledge spread."
What does a hash map provide on average?,"Average O(1) insert, lookup, and delete via hashing. Answer: O(1) average operations."
Why is the printing press significant?,"It enabled mass production of books, spreading literacy and ideas rapidly across Europe. Answer: mass knowledge spread."
There were 49 apples in a basket. 27 were eaten. How many remain?,Remaining = 49 - 27 = 22. Answer: 22.
There were 49 apples in a basket. 9 were eaten. How many remain?,Remaining = 49 - 9 = 40. Answer: 40.
Summarize in one sentence: 'Photosynthesis is how plants use sunlight to make food...',"Photosynthesis is the process by which plants convert sunlight, water, and carbon dioxide into glucose and oxygen. Answer: concise summary."
Differentiate speed and velocity briefly.,"Speed is scalar (magnitude only); velocity is vector (magnitude and direction). Example: 10 m/s east is velocity; 10 m/s is speed. Answer: speed=scalar, velocity=vector."
Define molar mass.,"Molar mass is the mass of one mole of a substance, in g/mol. Example: H₂O ≈ 18 g/mol. Answer: mass per mole."
Fix the punctuation: 'Lets eat Grandma',"Let's eat, Grandma. Answer: Let's eat, Grandma."
What was the Renaissance? One sentence.,"A cultural and intellectual revival starting in 14th‑century Italy that emphasized art, science, and humanism. Answer: European cultural revival."
What is the law of conservation of mass?,"In a closed system, mass is conserved during a chemical reaction; mass of reactants equals mass of products. Answer: mass conserved."
There were 7 apples in a basket. 2 were eaten. How many remain?,Remaining = 7 - 2 = 5. Answer: 5.
Summarize in one sentence: 'Photosynthesis is how plants use sunlight to make food...',"Photosynthesis is the process by which plants convert sunlight, water, and carbon dioxide into glucose and oxygen. Answer: concise summary."
Rewrite the sentence in active voice: 'The ball was thrown by John.',John threw the ball. Answer: John threw the ball.
Write the prime factorization of 133.,133 = 7 × 19. Answer: 7 × 19.
What is Big-O time for binary search?,Binary search runs in O(log n) time on a sorted array. Answer: O(log n).
What was the Renaissance? One sentence.,"A cultural and intellectual revival starting in 14th‑century Italy that emphasized art, science, and humanism. Answer: European cultural revival."
A box has 26 rows of markers with 27 in each row. How many markers are there?,Total = 26 × 27 = 702. Answer: 702.
There were 40 apples in a basket. 5 were eaten. How many remain?,Remaining = 40 - 5 = 35. Answer: 35.
A class has 33 boys and 30 girls. How many students are there in total?,Total = 33 + 30 = 63. Answer: 63.
Define molar mass.,"Molar mass is the mass of one mole of a substance, in g/mol. Example: H₂O ≈ 18 g/mol. Answer: mass per mole."
Explain difference between list and tuple in Python.,"List is mutable; tuple is immutable. Example: lists can append, tuples cannot. Answer: mutability difference."
Find 35% of 311.,35% of 311 = (35/100)×311 = 108.85. Answer: 108.85.
There were 41 apples in a basket. 16 were eaten. How many remain?,Remaining = 41 - 16 = 25. Answer: 25.
There were 25 apples in a basket. 4 were eaten. How many remain?,Remaining = 25 - 4 = 21. Answer: 21.
A class has 2 boys and 12 girls. How many students are there in total?,Total = 2 + 12 = 14. Answer: 14.
Explain what a function does in programming.,A function groups reusable code to perform a task; it can take inputs (parameters) and return outputs. Answer: reusable code block.
Explain what a function does in programming.,A function groups reusable code to perform a task; it can take inputs (parameters) and return outputs. Answer: reusable code block.
Summarize in one sentence: 'Photosynthesis is how plants use sunlight to make food...',"Photosynthesis is the process by which plants convert sunlight, water, and carbon dioxide into glucose and oxygen. Answer: concise summary."
Define molar mass.,"Molar mass is the mass of one mole of a substance, in g/mol. Example: H₂O ≈ 18 g/mol. Answer: mass per mole."
Convert 1125 cm to meters.,1125 cm ÷ 100 = 11.25 m. Answer: 11.25 m.
Why is the printing press significant?,"It enabled mass production of books, spreading literacy and ideas rapidly across Europe. Answer: mass knowledge spread."
A box has 37 rows of markers with 39 in each row. How many markers are there?,Total = 37 × 39 = 1443. Answer: 1443.
What does a hash map provide on average?,"Average O(1) insert, lookup, and delete via hashing. Answer: O(1) average operations."
What does conservation of energy mean?,"Energy cannot be created or destroyed, only transformed between forms; total energy in an isolated system remains constant. Answer: energy conserved."
Fix the punctuation: 'Lets eat Grandma',"Let's eat, Grandma. Answer: Let's eat, Grandma."
What was the Renaissance? One sentence.,"A cultural and intellectual revival starting in 14th‑century Italy that emphasized art, science, and humanism. Answer: European cultural revival."
Explain difference between list and tuple in Python.,"List is mutable; tuple is immutable. Example: lists can append, tuples cannot. Answer: mutability difference."
Summarize in one sentence: 'Photosynthesis is how plants use sunlight to make food...',"Photosynthesis is the process by which plants convert sunlight, water, and carbon dioxide into glucose and oxygen. Answer: concise summary."
Find 35% of 87.,35% of 87 = (35/100)×87 = 30.45. Answer: 30.45.
What does a hash map provide on average?,"Average O(1) insert, lookup, and delete via hashing. Answer: O(1) average operations."
Find 35% of 181.,35% of 181 = (35/100)×181 = 63.35. Answer: 63.35.
Why is the printing press significant?,"It enabled mass production of books, spreading literacy and ideas rapidly across Europe. Answer: mass knowledge spread."
780 stickers are shared equally among 30 students. How many does each student get?,Each gets = 780 ÷ 30 = 26. Answer: 26.
Define an acid and a base (Arrhenius).,"Arrhenius acid produces H⁺ in water; base produces OH⁻ in water. Example: HCl (acid), NaOH (base). Answer: H⁺ vs OH⁻ producers."
Summarize in one sentence: 'Photosynthesis is how plants use sunlight to make food...',"Photosynthesis is the process by which plants convert sunlight, water, and carbon dioxide into glucose and oxygen. Answer: concise summary."
Summarize in one sentence: 'Photosynthesis is how plants use sunlight to make food...',"Photosynthesis is the process by which plants convert sunlight, water, and carbon dioxide into glucose and oxygen. Answer: concise summary."
Solve for x: 2x + -4 = -16.,2x = -16 - -4 ⇒ x = (-16 - -4)/2 = -6.0. Answer: -6.0.
Summarize in one sentence: 'Photosynthesis is how plants use sunlight to make food...',"Photosynthesis is the process by which plants convert sunlight, water, and carbon dioxide into glucose and oxygen. Answer: concise summary."
What does conservation of energy mean?,"Energy cannot be created or destroyed, only transformed between forms; total energy in an isolated system remains constant. Answer: energy conserved."
Explain what a function does in programming.,A function groups reusable code to perform a task; it can take inputs (parameters) and return outputs. Answer: reusable code block.
What is Big-O time for binary search?,Binary search runs in O(log n) time on a sorted array. Answer: O(log n).
A box has 18 rows of markers with 17 in each row. How many markers are there?,Total = 18 × 17 = 306. Answer: 306.
Solve for x: 11x + 1 = -16.,11x = -16 - 1 ⇒ x = (-16 - 1)/11 = -1.5454545454545454. Answer: -1.5454545454545454.
What was the Renaissance? One sentence.,"A cultural and intellectual revival starting in 14th‑century Italy that emphasized art, science, and humanism. Answer: European cultural revival."
Fix the punctuation: 'Lets eat Grandma',"Let's eat, Grandma. Answer: Let's eat, Grandma."
Explain difference between list and tuple in Python.,"List is mutable; tuple is immutable. Example: lists can append, tuples cannot. Answer: mutability difference."
Why is the printing press significant?,"It enabled mass production of books, spreading literacy and ideas rapidly across Europe. Answer: mass knowledge spread."
What does conservation of energy mean?,"Energy cannot be created or destroyed, only transformed between forms; total energy in an isolated system remains constant. Answer: energy conserved."
Summarize in one sentence: 'Photosynthesis is how plants use sunlight to make food...',"Photosynthesis is the process by which plants convert sunlight, water, and carbon dioxide into glucose and oxygen. Answer: concise summary."
What does conservation of energy mean?,"Energy cannot be created or destroyed, only transformed between forms; total energy in an isolated system remains constant. Answer: energy conserved."
There were 18 apples in a basket. 17 were eaten. How many remain?,Remaining = 18 - 17 = 1. Answer: 1.
What does conservation of energy mean?,"Energy cannot be created or destroyed, only transformed between forms; total energy in an isolated system remains constant. Answer: energy conserved."
Define an acid and a base (Arrhenius).,"Arrhenius acid produces H⁺ in water; base produces OH⁻ in water. Example: HCl (acid), NaOH (base). Answer: H⁺ vs OH⁻ producers."
Differentiate speed and velocity briefly.,"Speed is scalar (magnitude only); velocity is vector (magnitude and direction). Example: 10 m/s east is velocity; 10 m/s is speed. Answer: speed=scalar, velocity=vector."
Find the LCM of 175 and 171.,175 = 5 × 5 × 7; 171 = 3 × 3 × 19. LCM = 29925. Answer: 29925.
Summarize in one sentence: 'Photosynthesis is how plants use sunlight to make food...',"Photosynthesis is the process by which plants convert sunlight, water, and carbon dioxide into glucose and oxygen. Answer: concise summary."
Find 30% of 71.,30% of 71 = (30/100)×71 = 21.3. Answer: 21.3.
What does a hash map provide on average?,"Average O(1) insert, lookup, and delete via hashing. Answer: O(1) average operations."
Summarize in one sentence: 'Photosynthesis is how plants use sunlight to make food...',"Photosynthesis is the process by which plants convert sunlight, water, and carbon dioxide into glucose and oxygen. Answer: concise summary."
Explain what a function does in programming.,A function groups reusable code to perform a task; it can take inputs (parameters) and return outputs. Answer: reusable code block.
Define molar mass.,"Molar mass is the mass of one mole of a substance, in g/mol. Example: H₂O ≈ 18 g/mol. Answer: mass per mole."
Explain what a function does in programming.,A function groups reusable code to perform a task; it can take inputs (parameters) and return outputs. Answer: reusable code block.
State Ohm's law and give a simple calculation.,"Ohm's law: V = I R. If I = 2 A and R = 5 Ω, then V = 10 V. Answer: V = IR."
Find 30% of 266.,30% of 266 = (30/100)×266 = 79.8. Answer: 79.8.
What was the Renaissance? One sentence.,"A cultural and intellectual revival starting in 14th‑century Italy that emphasized art, science, and humanism. Answer: European cultural revival."
Why is the printing press significant?,"It enabled mass production of books, spreading literacy and ideas rapidly across Europe. Answer: mass knowledge spread."
Summarize in one sentence: 'Photosynthesis is how plants use sunlight to make food...',"Photosynthesis is the process by which plants convert sunlight, water, and carbon dioxide into glucose and oxygen. Answer: concise summary."
What is a catalyst?,"A catalyst increases reaction rate by lowering activation energy without being consumed. Answer: speeds up reaction, not consumed."
Convert 8491 g to kilograms.,8491 g ÷ 1000 = 8.491 kg. Answer: 8.491 kg.
What is Big-O time for binary search?,Binary search runs in O(log n) time on a sorted array. Answer: O(log n).
Convert 3453 g to kilograms.,3453 g ÷ 1000 = 3.453 kg. Answer: 3.453 kg.
What was the Renaissance? One sentence.,"A cultural and intellectual revival starting in 14th‑century Italy that emphasized art, science, and humanism. Answer: European cultural revival."
What does a hash map provide on average?,"Average O(1) insert, lookup, and delete via hashing. Answer: O(1) average operations."
Why is the printing press significant?,"It enabled mass production of books, spreading literacy and ideas rapidly across Europe. Answer: mass knowledge spread."
Define molar mass.,"Molar mass is the mass of one mole of a substance, in g/mol. Example: H₂O ≈ 18 g/mol. Answer: mass per mole."
Explain difference between list and tuple in Python.,"List is mutable; tuple is immutable. Example: lists can append, tuples cannot. Answer: mutability difference."
Explain what a function does in programming.,A function groups reusable code to perform a task; it can take inputs (parameters) and return outputs. Answer: reusable code block.
Why is the printing press significant?,"It enabled mass production of books, spreading literacy and ideas rapidly across Europe. Answer: mass knowledge spread."
Explain difference between list and tuple in Python.,"List is mutable; tuple is immutable. Example: lists can append, tuples cannot. Answer: mutability difference."
Fix the punctuation: 'Lets eat Grandma',"Let's eat, Grandma. Answer: Let's eat, Grandma."
What is the law of conservation of mass?,"In a closed system, mass is conserved during a chemical reaction; mass of reactants equals mass of products. Answer: mass conserved."
A box has 50 rows of markers with 25 in each row. How many markers are there?,Total = 50 × 25 = 1250. Answer: 1250.
Fix the punctuation: 'Lets eat Grandma',"Let's eat, Grandma. Answer: Let's eat, Grandma."
Rewrite the sentence in active voice: 'The ball was thrown by John.',John threw the ball. Answer: John threw the ball.
What was the Renaissance? One sentence.,"A cultural and intellectual revival starting in 14th‑century Italy that emphasized art, science, and humanism. Answer: European cultural revival."
What was the Renaissance? One sentence.,"A cultural and intellectual revival starting in 14th‑century Italy that emphasized art, science, and humanism. Answer: European cultural revival."
Convert 4423 cm to meters.,4423 cm ÷ 100 = 44.23 m. Answer: 44.23 m.
Why is the printing press significant?,"It enabled mass production of books, spreading literacy and ideas rapidly across Europe. Answer: mass knowledge spread."
Rewrite the sentence in active voice: 'The ball was thrown by John.',John threw the ball. Answer: John threw the ball.
State Ohm's law and give a simple calculation.,"Ohm's law: V = I R. If I = 2 A and R = 5 Ω, then V = 10 V. Answer: V = IR."
Rewrite the sentence in active voice: 'The ball was thrown by John.',John threw the ball. Answer: John threw the ball.
What is the law of conservation of mass?,"In a closed system, mass is conserved during a chemical reaction; mass of reactants equals mass of products. Answer: mass conserved."
Rewrite the sentence in active voice: 'The ball was thrown by John.',John threw the ball. Answer: John threw the ball.
A box has 35 rows of markers with 36 in each row. How many markers are there?,Total = 35 × 36 = 1260. Answer: 1260.
Fix the punctuation: 'Lets eat Grandma',"Let's eat, Grandma. Answer: Let's eat, Grandma."
What is Big-O time for binary search?,Binary search runs in O(log n) time on a sorted array. Answer: O(log n).
Rewrite the sentence in active voice: 'The ball was thrown by John.',John threw the ball. Answer: John threw the ball.
There were 12 apples in a basket. 5 were eaten. How many remain?,Remaining = 12 - 5 = 7. Answer: 7.
Explain what a function does in programming.,A function groups reusable code to perform a task; it can take inputs (parameters) and return outputs. Answer: reusable code block.
A box has 8 rows of markers with 30 in each row. How many markers are there?,Total = 8 × 30 = 240. Answer: 240.
What does a hash map provide on average?,"Average O(1) insert, lookup, and delete via hashing. Answer: O(1) average operations."
What does a hash map provide on average?,"Average O(1) insert, lookup, and delete via hashing. Answer: O(1) average operations."
What is Big-O time for binary search?,Binary search runs in O(log n) time on a sorted array. Answer: O(log n).
Rewrite the sentence in active voice: 'The ball was thrown by John.',John threw the ball. Answer: John threw the ball.
Explain difference between list and tuple in Python.,"List is mutable; tuple is immutable. Example: lists can append, tuples cannot. Answer: mutability difference."
What was the Renaissance? One sentence.,"A cultural and intellectual revival starting in 14th‑century Italy that emphasized art, science, and humanism. Answer: European cultural revival."
What does a hash map provide on average?,"Average O(1) insert, lookup, and delete via hashing. Answer: O(1) average operations."
Explain what a function does in programming.,A function groups reusable code to perform a task; it can take inputs (parameters) and return outputs. Answer: reusable code block.
210 stickers are shared equally among 30 students. How many does each student get?,Each gets = 210 ÷ 30 = 7. Answer: 7.
Why is the printing press significant?,"It enabled mass production of books, spreading literacy and ideas rapidly across Europe. Answer: mass knowledge spread."
Summarize in one sentence: 'Photosynthesis is how plants use sunlight to make food...',"Photosynthesis is the process by which plants convert sunlight, water, and carbon dioxide into glucose and oxygen. Answer: concise summary."
State Ohm's law and give a simple calculation.,"Ohm's law: V = I R. If I = 2 A and R = 5 Ω, then V = 10 V. Answer: V = IR."
644 stickers are shared equally among 23 students. How many does each student get?,Each gets = 644 ÷ 23 = 28. Answer: 28.
Find the LCM of 43 and 89.,43 = 43; 89 = 89. LCM = 3827. Answer: 3827.
Define an acid and a base (Arrhenius).,"Arrhenius acid produces H⁺ in water; base produces OH⁻ in water. Example: HCl (acid), NaOH (base). Answer: H⁺ vs OH⁻ producers."
What does a hash map provide on average?,"Average O(1) insert, lookup, and delete via hashing. Answer: O(1) average operations."
760 stickers are shared equally among 19 students. How many does each student get?,Each gets = 760 ÷ 19 = 40. Answer: 40.
Explain what a function does in programming.,A function groups reusable code to perform a task; it can take inputs (parameters) and return outputs. Answer: reusable code block.
Explain what a function does in programming.,A function groups reusable code to perform a task; it can take inputs (parameters) and return outputs. Answer: reusable code block.
Rewrite the sentence in active voice: 'The ball was thrown by John.',John threw the ball. Answer: John threw the ball.
Explain Newton's first law with an example.,Newton's first law (law of inertia) states an object remains at rest or moves at constant velocity unless acted on by a net external force. Example: A puck on frictionless ice glides at constant speed. Answer: Law of inertia.
What does conservation of energy mean?,"Energy cannot be created or destroyed, only transformed between forms; total energy in an isolated system remains constant. Answer: energy conserved."
A class has 18 boys and 49 girls. How many students are there in total?,Total = 18 + 49 = 67. Answer: 67.
State Ohm's law and give a simple calculation.,"Ohm's law: V = I R. If I = 2 A and R = 5 Ω, then V = 10 V. Answer: V = IR."
Rewrite the sentence in active voice: 'The ball was thrown by John.',John threw the ball. Answer: John threw the ball.
Find the LCM of 123 and 142.,123 = 3 × 41; 142 = 2 × 71. LCM = 17466. Answer: 17466.
Find the LCM of 199 and 103.,199 = 199; 103 = 103. LCM = 20497. Answer: 20497.
What was the Renaissance? One sentence.,"A cultural and intellectual revival starting in 14th‑century Italy that emphasized art, science, and humanism. Answer: European cultural revival."
Write the prime factorization of 336.,336 = 2 × 2 × 2 × 2 × 3 × 7. Answer: 2 × 2 × 2 × 2 × 3 × 7.
Differentiate speed and velocity briefly.,"Speed is scalar (magnitude only); velocity is vector (magnitude and direction). Example: 10 m/s east is velocity; 10 m/s is speed. Answer: speed=scalar, velocity=vector."
There were 26 apples in a basket. 21 were eaten. How many remain?,Remaining = 26 - 21 = 5. Answer: 5.
Explain refraction in simple words.,Refraction is the bending of light as it passes between media with different optical density due to speed change. Answer: bending due to speed change.
Summarize in one sentence: 'Photosynthesis is how plants use sunlight to make food...',"Photosynthesis is the process by which plants convert sunlight, water, and carbon dioxide into glucose and oxygen. Answer: concise summary."
State Ohm's law and give a simple calculation.,"Ohm's law: V = I R. If I = 2 A and R = 5 Ω, then V = 10 V. Answer: V = IR."
What was the Renaissance? One sentence.,"A cultural and intellectual revival starting in 14th‑century Italy that emphasized art, science, and humanism. Answer: European cultural revival."
Find the LCM of 171 and 93.,171 = 3 × 3 × 19; 93 = 3 × 31. LCM = 5301. Answer: 5301.
Explain what a function does in programming.,A function groups reusable code to perform a task; it can take inputs (parameters) and return outputs. Answer: reusable code block.
Summarize in one sentence: 'Photosynthesis is how plants use sunlight to make food...',"Photosynthesis is the process by which plants convert sunlight, water, and carbon dioxide into glucose and oxygen. Answer: concise summary."
Explain what a function does in programming.,A function groups reusable code to perform a task; it can take inputs (parameters) and return outputs. Answer: reusable code block.
Define molar mass.,"Molar mass is the mass of one mole of a substance, in g/mol. Example: H₂O ≈ 18 g/mol. Answer: mass per mole."
What is a catalyst?,"A catalyst increases reaction rate by lowering activation energy without being consumed. Answer: speeds up reaction, not consumed."
2058 stickers are shared equally among 49 students. How many does each student get?,Each gets = 2058 ÷ 49 = 42. Answer: 42.
Why is the printing press significant?,"It enabled mass production of books, spreading literacy and ideas rapidly across Europe. Answer: mass knowledge spread."
Explain what a function does in programming.,A function groups reusable code to perform a task; it can take inputs (parameters) and return outputs. Answer: reusable code block.
What was the Renaissance? One sentence.,"A cultural and intellectual revival starting in 14th‑century Italy that emphasized art, science, and humanism. Answer: European cultural revival."
Solve for x: 5x + 3 = 6.,5x = 6 - 3 ⇒ x = (6 - 3)/5 = 0.6. Answer: 0.6.
Explain difference between list and tuple in Python.,"List is mutable; tuple is immutable. Example: lists can append, tuples cannot. Answer: mutability difference."
What is Big-O time for binary search?,Binary search runs in O(log n) time on a sorted array. Answer: O(log n).
Find 20% of 119.,20% of 119 = (20/100)×119 = 23.8. Answer: 23.8.
Explain what a function does in programming.,A function groups reusable code to perform a task; it can take inputs (parameters) and return outputs. Answer: reusable code block.
What was the Renaissance? One sentence.,"A cultural and intellectual revival starting in 14th‑century Italy that emphasized art, science, and humanism. Answer: European cultural revival."
1650 stickers are shared equally among 33 students. How many does each student get?,Each gets = 1650 ÷ 33 = 50. Answer: 50.
What is Big-O time for binary search?,Binary search runs in O(log n) time on a sorted array. Answer: O(log n).
Fix the punctuation: 'Lets eat Grandma',"Let's eat, Grandma. Answer: Let's eat, Grandma."
What was the Renaissance? One sentence.,"A cultural and intellectual revival starting in 14th‑century Italy that emphasized art, science, and humanism. Answer: European cultural revival."
Find 15% of 241.,15% of 241 = (15/100)×241 = 36.15. Answer: 36.15.
Summarize in one sentence: 'Photosynthesis is how plants use sunlight to make food...',"Photosynthesis is the process by which plants convert sunlight, water, and carbon dioxide into glucose and oxygen. Answer: concise summary."
Fix the punctuation: 'Lets eat Grandma',"Let's eat, Grandma. Answer: Let's eat, Grandma."
State Ohm's law and give a simple calculation.,"Ohm's law: V = I R. If I = 2 A and R = 5 Ω, then V = 10 V. Answer: V = IR."
2107 stickers are shared equally among 49 students. How many does each student get?,Each gets = 2107 ÷ 49 = 43. Answer: 43.
Rewrite the sentence in active voice: 'The ball was thrown by John.',John threw the ball. Answer: John threw the ball.
What is Big-O time for binary search?,Binary search runs in O(log n) time on a sorted array. Answer: O(log n).
Summarize in one sentence: 'Photosynthesis is how plants use sunlight to make food...',"Photosynthesis is the process by which plants convert sunlight, water, and carbon dioxide into glucose and oxygen. Answer: concise summary."
Define molar mass.,"Molar mass is the mass of one mole of a substance, in g/mol. Example: H₂O ≈ 18 g/mol. Answer: mass per mole."
Why is the printing press significant?,"It enabled mass production of books, spreading literacy and ideas rapidly across Europe. Answer: mass knowledge spread."
What does a hash map provide on average?,"Average O(1) insert, lookup, and delete via hashing. Answer: O(1) average operations."
Rewrite the sentence in active voice: 'The ball was thrown by John.',John threw the ball. Answer: John threw the ball.
Find the GCD of 71 and 150.,"Using the Euclidean algorithm, GCD(71, 150) = 1. Answer: 1."
Convert 7461 m to centimeters.,7461 m × 100 = 746100 cm. Answer: 746100 cm.
Fix the punctuation: 'Lets eat Grandma',"Let's eat, Grandma. Answer: Let's eat, Grandma."
There were 41 apples in a basket. 33 were eaten. How many remain?,Remaining = 41 - 33 = 8. Answer: 8.
What is Big-O time for binary search?,Binary search runs in O(log n) time on a sorted array. Answer: O(log n).
Explain Newton's first law with an example.,Newton's first law (law of inertia) states an object remains at rest or moves at constant velocity unless acted on by a net external force. Example: A puck on frictionless ice glides at constant speed. Answer: Law of inertia.
What was the Renaissance? One sentence.,"A cultural and intellectual revival starting in 14th‑century Italy that emphasized art, science, and humanism. Answer: European cultural revival."
Differentiate speed and velocity briefly.,"Speed is scalar (magnitude only); velocity is vector (magnitude and direction). Example: 10 m/s east is velocity; 10 m/s is speed. Answer: speed=scalar, velocity=vector."
What does a hash map provide on average?,"Average O(1) insert, lookup, and delete via hashing. Answer: O(1) average operations."
What is a catalyst?,"A catalyst increases reaction rate by lowering activation energy without being consumed. Answer: speeds up reaction, not consumed."
A class has 2 boys and 16 girls. How many students are there in total?,Total = 2 + 16 = 18. Answer: 18.
Explain Newton's first law with an example.,Newton's first law (law of inertia) states an object remains at rest or moves at constant velocity unless acted on by a net external force. Example: A puck on frictionless ice glides at constant speed. Answer: Law of inertia.
Rewrite the sentence in active voice: 'The ball was thrown by John.',John threw the ball. Answer: John threw the ball.
Explain what a function does in programming.,A function groups reusable code to perform a task; it can take inputs (parameters) and return outputs. Answer: reusable code block.
Explain what a function does in programming.,A function groups reusable code to perform a task; it can take inputs (parameters) and return outputs. Answer: reusable code block.
Explain what a function does in programming.,A function groups reusable code to perform a task; it can take inputs (parameters) and return outputs. Answer: reusable code block.
A class has 4 boys and 23 girls. How many students are there in total?,Total = 4 + 23 = 27. Answer: 27.
Explain Newton's first law with an example.,Newton's first law (law of inertia) states an object remains at rest or moves at constant velocity unless acted on by a net external force. Example: A puck on frictionless ice glides at constant speed. Answer: Law of inertia.
Explain what a function does in programming.,A function groups reusable code to perform a task; it can take inputs (parameters) and return outputs. Answer: reusable code block.
Find 12% of 290.,12% of 290 = (12/100)×290 = 34.8. Answer: 34.8.
Explain refraction in simple words.,Refraction is the bending of light as it passes between media with different optical density due to speed change. Answer: bending due to speed change.
Rewrite the sentence in active voice: 'The ball was thrown by John.',John threw the ball. Answer: John threw the ball.
Convert 4079 g to kilograms.,4079 g ÷ 1000 = 4.079 kg. Answer: 4.079 kg.
Rewrite the sentence in active voice: 'The ball was thrown by John.',John threw the ball. Answer: John threw the ball.
56 stickers are shared equally among 4 students. How many does each student get?,Each gets = 56 ÷ 4 = 14. Answer: 14.
There were 35 apples in a basket. 8 were eaten. How many remain?,Remaining = 35 - 8 = 27. Answer: 27.
Fix the punctuation: 'Lets eat Grandma',"Let's eat, Grandma. Answer: Let's eat, Grandma."
There were 22 apples in a basket. 21 were eaten. How many remain?,Remaining = 22 - 21 = 1. Answer: 1.
A class has 48 boys and 4 girls. How many students are there in total?,Total = 48 + 4 = 52. Answer: 52.
Explain what a function does in programming.,A function groups reusable code to perform a task; it can take inputs (parameters) and return outputs. Answer: reusable code block.
A box has 21 rows of markers with 14 in each row. How many markers are there?,Total = 21 × 14 = 294. Answer: 294.
Convert 3569 cm to meters.,3569 cm ÷ 100 = 35.69 m. Answer: 35.69 m.
What is the law of conservation of mass?,"In a closed system, mass is conserved during a chemical reaction; mass of reactants equals mass of products. Answer: mass conserved."
What is Big-O time for binary search?,Binary search runs in O(log n) time on a sorted array. Answer: O(log n).
Explain refraction in simple words.,Refraction is the bending of light as it passes between media with different optical density due to speed change. Answer: bending due to speed change.
What was the Renaissance? One sentence.,"A cultural and intellectual revival starting in 14th‑century Italy that emphasized art, science, and humanism. Answer: European cultural revival."
Rewrite the sentence in active voice: 'The ball was thrown by John.',John threw the ball. Answer: John threw the ball.
Find the LCM of 150 and 178.,150 = 2 × 3 × 5 × 5; 178 = 2 × 89. LCM = 13350. Answer: 13350.
Summarize in one sentence: 'Photosynthesis is how plants use sunlight to make food...',"Photosynthesis is the process by which plants convert sunlight, water, and carbon dioxide into glucose and oxygen. Answer: concise summary."
What was the Renaissance? One sentence.,"A cultural and intellectual revival starting in 14th‑century Italy that emphasized art, science, and humanism. Answer: European cultural revival."
What is Big-O time for binary search?,Binary search runs in O(log n) time on a sorted array. Answer: O(log n).
State Ohm's law and give a simple calculation.,"Ohm's law: V = I R. If I = 2 A and R = 5 Ω, then V = 10 V. Answer: V = IR."
Rewrite the sentence in active voice: 'The ball was thrown by John.',John threw the ball. Answer: John threw the ball.
A class has 41 boys and 23 girls. How many students are there in total?,Total = 41 + 23 = 64. Answer: 64.
Write the prime factorization of 350.,350 = 2 × 5 × 5 × 7. Answer: 2 × 5 × 5 × 7.
Define molar mass.,"Molar mass is the mass of one mole of a substance, in g/mol. Example: H₂O ≈ 18 g/mol. Answer: mass per mole."
Find the GCD of 251 and 121.,"Using the Euclidean algorithm, GCD(251, 121) = 1. Answer: 1."
What does a hash map provide on average?,"Average O(1) insert, lookup, and delete via hashing. Answer: O(1) average operations."
Summarize in one sentence: 'Photosynthesis is how plants use sunlight to make food...',"Photosynthesis is the process by which plants convert sunlight, water, and carbon dioxide into glucose and oxygen. Answer: concise summary."
Explain Newton's first law with an example.,Newton's first law (law of inertia) states an object remains at rest or moves at constant velocity unless acted on by a net external force. Example: A puck on frictionless ice glides at constant speed. Answer: Law of inertia.
There were 26 apples in a basket. 24 were eaten. How many remain?,Remaining = 26 - 24 = 2. Answer: 2.
What is Big-O time for binary search?,Binary search runs in O(log n) time on a sorted array. Answer: O(log n).
Summarize in one sentence: 'Photosynthesis is how plants use sunlight to make food...',"Photosynthesis is the process by which plants convert sunlight, water, and carbon dioxide into glucose and oxygen. Answer: concise summary."
Summarize in one sentence: 'Photosynthesis is how plants use sunlight to make food...',"Photosynthesis is the process by which plants convert sunlight, water, and carbon dioxide into glucose and oxygen. Answer: concise summary."
Explain what a function does in programming.,A function groups reusable code to perform a task; it can take inputs (parameters) and return outputs. Answer: reusable code block.
State Ohm's law and give a simple calculation.,"Ohm's law: V = I R. If I = 2 A and R = 5 Ω, then V = 10 V. Answer: V = IR."
Why is the printing press significant?,"It enabled mass production of books, spreading literacy and ideas rapidly across Europe. Answer: mass knowledge spread."
Explain what a function does in programming.,A function groups reusable code to perform a task; it can take inputs (parameters) and return outputs. Answer: reusable code block.
Explain difference between list and tuple in Python.,"List is mutable; tuple is immutable. Example: lists can append, tuples cannot. Answer: mutability difference."
Find 30% of 129.,30% of 129 = (30/100)×129 = 38.7. Answer: 38.7.
What does a hash map provide on average?,"Average O(1) insert, lookup, and delete via hashing. Answer: O(1) average operations."
Why is the printing press significant?,"It enabled mass production of books, spreading literacy and ideas rapidly across Europe. Answer: mass knowledge spread."
Rewrite the sentence in active voice: 'The ball was thrown by John.',John threw the ball. Answer: John threw the ball.
There were 34 apples in a basket. 26 were eaten. How many remain?,Remaining = 34 - 26 = 8. Answer: 8.
Find 40% of 236.,40% of 236 = (40/100)×236 = 94.4. Answer: 94.4.
Define an acid and a base (Arrhenius).,"Arrhenius acid produces H⁺ in water; base produces OH⁻ in water. Example: HCl (acid), NaOH (base). Answer: H⁺ vs OH⁻ producers."
264 stickers are shared equally among 6 students. How many does each student get?,Each gets = 264 ÷ 6 = 44. Answer: 44.
Define molar mass.,"Molar mass is the mass of one mole of a substance, in g/mol. Example: H₂O ≈ 18 g/mol. Answer: mass per mole."
There were 37 apples in a basket. 33 were eaten. How many remain?,Remaining = 37 - 33 = 4. Answer: 4.
Why is the printing press significant?,"It enabled mass production of books, spreading literacy and ideas rapidly across Europe. Answer: mass knowledge spread."
Explain what a function does in programming.,A function groups reusable code to perform a task; it can take inputs (parameters) and return outputs. Answer: reusable code block.
A class has 22 boys and 9 girls. How many students are there in total?,Total = 22 + 9 = 31. Answer: 31.
What was the Renaissance? One sentence.,"A cultural and intellectual revival starting in 14th‑century Italy that emphasized art, science, and humanism. Answer: European cultural revival."
Find the GCD of 93 and 18.,"Using the Euclidean algorithm, GCD(93, 18) = 3. Answer: 3."
Differentiate speed and velocity briefly.,"Speed is scalar (magnitude only); velocity is vector (magnitude and direction). Example: 10 m/s east is velocity; 10 m/s is speed. Answer: speed=scalar, velocity=vector."
Rewrite the sentence in active voice: 'The ball was thrown by John.',John threw the ball. Answer: John threw the ball.
Find the LCM of 148 and 166.,148 = 2 × 2 × 37; 166 = 2 × 83. LCM = 12284. Answer: 12284.
Summarize in one sentence: 'Photosynthesis is how plants use sunlight to make food...',"Photosynthesis is the process by which plants convert sunlight, water, and carbon dioxide into glucose and oxygen. Answer: concise summary."
Summarize in one sentence: 'Photosynthesis is how plants use sunlight to make food...',"Photosynthesis is the process by which plants convert sunlight, water, and carbon dioxide into glucose and oxygen. Answer: concise summary."
Why is the printing press significant?,"It enabled mass production of books, spreading literacy and ideas rapidly across Europe. Answer: mass knowledge spread."
Write the prime factorization of 133.,133 = 7 × 19. Answer: 7 × 19.
What was the Renaissance? One sentence.,"A cultural and intellectual revival starting in 14th‑century Italy that emphasized art, science, and humanism. Answer: European cultural revival."
Find the GCD of 253 and 42.,"Using the Euclidean algorithm, GCD(253, 42) = 1. Answer: 1."
Summarize in one sentence: 'Photosynthesis is how plants use sunlight to make food...',"Photosynthesis is the process by which plants convert sunlight, water, and carbon dioxide into glucose and oxygen. Answer: concise summary."
Write the prime factorization of 305.,305 = 5 × 61. Answer: 5 × 61.
A class has 28 boys and 25 girls. How many students are there in total?,Total = 28 + 25 = 53. Answer: 53.
Why is the printing press significant?,"It enabled mass production of books, spreading literacy and ideas rapidly across Europe. Answer: mass knowledge spread."
What was the Renaissance? One sentence.,"A cultural and intellectual revival starting in 14th‑century Italy that emphasized art, science, and humanism. Answer: European cultural revival."
A class has 6 boys and 21 girls. How many students are there in total?,Total = 6 + 21 = 27. Answer: 27.
Define molar mass.,"Molar mass is the mass of one mole of a substance, in g/mol. Example: H₂O ≈ 18 g/mol. Answer: mass per mole."
Find the LCM of 187 and 61.,187 = 11 × 17; 61 = 61. LCM = 11407. Answer: 11407.
Why is the printing press significant?,"It enabled mass production of books, spreading literacy and ideas rapidly across Europe. Answer: mass knowledge spread."
What does conservation of energy mean?,"Energy cannot be created or destroyed, only transformed between forms; total energy in an isolated system remains constant. Answer: energy conserved."
What was the Renaissance? One sentence.,"A cultural and intellectual revival starting in 14th‑century Italy that emphasized art, science, and humanism. Answer: European cultural revival."
What was the Renaissance? One sentence.,"A cultural and intellectual revival starting in 14th‑century Italy that emphasized art, science, and humanism. Answer: European cultural revival."
Why is the printing press significant?,"It enabled mass production of books, spreading literacy and ideas rapidly across Europe. Answer: mass knowledge spread."
A box has 8 rows of markers with 42 in each row. How many markers are there?,Total = 8 × 42 = 336. Answer: 336.
1426 stickers are shared equally among 31 students. How many does each student get?,Each gets = 1426 ÷ 31 = 46. Answer: 46.
Find the GCD of 94 and 283.,"Using the Euclidean algorithm, GCD(94, 283) = 1. Answer: 1."
Summarize in one sentence: 'Photosynthesis is how plants use sunlight to make food...',"Photosynthesis is the process by which plants convert sunlight, water, and carbon dioxide into glucose and oxygen. Answer: concise summary."
Explain difference between list and tuple in Python.,"List is mutable; tuple is immutable. Example: lists can append, tuples cannot. Answer: mutability difference."
Why is the printing press significant?,"It enabled mass production of books, spreading literacy and ideas rapidly across Europe. Answer: mass knowledge spread."
What does a hash map provide on average?,"Average O(1) insert, lookup, and delete via hashing. Answer: O(1) average operations."
Why is the printing press significant?,"It enabled mass production of books, spreading literacy and ideas rapidly across Europe. Answer: mass knowledge spread."
Explain what a function does in programming.,A function groups reusable code to perform a task; it can take inputs (parameters) and return outputs. Answer: reusable code block.
A box has 29 rows of markers with 48 in each row. How many markers are there?,Total = 29 × 48 = 1392. Answer: 1392.
What was the Renaissance? One sentence.,"A cultural and intellectual revival starting in 14th‑century Italy that emphasized art, science, and humanism. Answer: European cultural revival."
What was the Renaissance? One sentence.,"A cultural and intellectual revival starting in 14th‑century Italy that emphasized art, science, and humanism. Answer: European cultural revival."
Summarize in one sentence: 'Photosynthesis is how plants use sunlight to make food...',"Photosynthesis is the process by which plants convert sunlight, water, and carbon dioxide into glucose and oxygen. Answer: concise summary."
450 stickers are shared equally among 18 students. How many does each student get?,Each gets = 450 ÷ 18 = 25. Answer: 25.
Fix the punctuation: 'Lets eat Grandma',"Let's eat, Grandma. Answer: Let's eat, Grandma."
Convert 568 g to kilograms.,568 g ÷ 1000 = 0.568 kg. Answer: 0.568 kg.
What was the Renaissance? One sentence.,"A cultural and intellectual revival starting in 14th‑century Italy that emphasized art, science, and humanism. Answer: European cultural revival."
What was the Renaissance? One sentence.,"A cultural and intellectual revival starting in 14th‑century Italy that emphasized art, science, and humanism. Answer: European cultural revival."
What is Big-O time for binary search?,Binary search runs in O(log n) time on a sorted array. Answer: O(log n).
Explain difference between list and tuple in Python.,"List is mutable; tuple is immutable. Example: lists can append, tuples cannot. Answer: mutability difference."
Define an acid and a base (Arrhenius).,"Arrhenius acid produces H⁺ in water; base produces OH⁻ in water. Example: HCl (acid), NaOH (base). Answer: H⁺ vs OH⁻ producers."
Convert 4522 m to centimeters.,4522 m × 100 = 452200 cm. Answer: 452200 cm.
What was the Renaissance? One sentence.,"A cultural and intellectual revival starting in 14th‑century Italy that emphasized art, science, and humanism. Answer: European cultural revival."
Find the LCM of 119 and 93.,119 = 7 × 17; 93 = 3 × 31. LCM = 11067. Answer: 11067.
State Ohm's law and give a simple calculation.,"Ohm's law: V = I R. If I = 2 A and R = 5 Ω, then V = 10 V. Answer: V = IR."
What does a hash map provide on average?,"Average O(1) insert, lookup, and delete via hashing. Answer: O(1) average operations."
What was the Renaissance? One sentence.,"A cultural and intellectual revival starting in 14th‑century Italy that emphasized art, science, and humanism. Answer: European cultural revival."
Explain refraction in simple words.,Refraction is the bending of light as it passes between media with different optical density due to speed change. Answer: bending due to speed change.
What is Big-O time for binary search?,Binary search runs in O(log n) time on a sorted array. Answer: O(log n).
Why is the printing press significant?,"It enabled mass production of books, spreading literacy and ideas rapidly across Europe. Answer: mass knowledge spread."
What was the Renaissance? One sentence.,"A cultural and intellectual revival starting in 14th‑century Italy that emphasized art, science, and humanism. Answer: European cultural revival."
A box has 6 rows of markers with 48 in each row. How many markers are there?,Total = 6 × 48 = 288. Answer: 288.
Rewrite the sentence in active voice: 'The ball was thrown by John.',John threw the ball. Answer: John threw the ball.
Summarize in one sentence: 'Photosynthesis is how plants use sunlight to make food...',"Photosynthesis is the process by which plants convert sunlight, water, and carbon dioxide into glucose and oxygen. Answer: concise summary."
A box has 38 rows of markers with 8 in each row. How many markers are there?,Total = 38 × 8 = 304. Answer: 304.
Convert 9442 g to kilograms.,9442 g ÷ 1000 = 9.442 kg. Answer: 9.442 kg.
Find the LCM of 199 and 87.,199 = 199; 87 = 3 × 29. LCM = 17313. Answer: 17313.
Explain what a function does in programming.,A function groups reusable code to perform a task; it can take inputs (parameters) and return outputs. Answer: reusable code block.
Rewrite the sentence in active voice: 'The ball was thrown by John.',John threw the ball. Answer: John threw the ball.
Explain Newton's first law with an example.,Newton's first law (law of inertia) states an object remains at rest or moves at constant velocity unless acted on by a net external force. Example: A puck on frictionless ice glides at constant speed. Answer: Law of inertia.
A class has 42 boys and 26 girls. How many students are there in total?,Total = 42 + 26 = 68. Answer: 68.
What is Big-O time for binary search?,Binary search runs in O(log n) time on a sorted array. Answer: O(log n).
Explain difference between list and tuple in Python.,"List is mutable; tuple is immutable. Example: lists can append, tuples cannot. Answer: mutability difference."
Explain difference between list and tuple in Python.,"List is mutable; tuple is immutable. Example: lists can append, tuples cannot. Answer: mutability difference."
Explain Newton's first law with an example.,Newton's first law (law of inertia) states an object remains at rest or moves at constant velocity unless acted on by a net external force. Example: A puck on frictionless ice glides at constant speed. Answer: Law of inertia.
1296 stickers are shared equally among 48 students. How many does each student get?,Each gets = 1296 ÷ 48 = 27. Answer: 27.
What was the Renaissance? One sentence.,"A cultural and intellectual revival starting in 14th‑century Italy that emphasized art, science, and humanism. Answer: European cultural revival."
What is the law of conservation of mass?,"In a closed system, mass is conserved during a chemical reaction; mass of reactants equals mass of products. Answer: mass conserved."
Explain what a function does in programming.,A function groups reusable code to perform a task; it can take inputs (parameters) and return outputs. Answer: reusable code block.
State Ohm's law and give a simple calculation.,"Ohm's law: V = I R. If I = 2 A and R = 5 Ω, then V = 10 V. Answer: V = IR."
What is Big-O time for binary search?,Binary search runs in O(log n) time on a sorted array. Answer: O(log n).
Summarize in one sentence: 'Photosynthesis is how plants use sunlight to make food...',"Photosynthesis is the process by which plants convert sunlight, water, and carbon dioxide into glucose and oxygen. Answer: concise summary."
185 stickers are shared equally among 5 students. How many does each student get?,Each gets = 185 ÷ 5 = 37. Answer: 37.
What is Big-O time for binary search?,Binary search runs in O(log n) time on a sorted array. Answer: O(log n).
Summarize in one sentence: 'Photosynthesis is how plants use sunlight to make food...',"Photosynthesis is the process by which plants convert sunlight, water, and carbon dioxide into glucose and oxygen. Answer: concise summary."
Summarize in one sentence: 'Photosynthesis is how plants use sunlight to make food...',"Photosynthesis is the process by which plants convert sunlight, water, and carbon dioxide into glucose and oxygen. Answer: concise summary."
State Ohm's law and give a simple calculation.,"Ohm's law: V = I R. If I = 2 A and R = 5 Ω, then V = 10 V. Answer: V = IR."
Summarize in one sentence: 'Photosynthesis is how plants use sunlight to make food...',"Photosynthesis is the process by which plants convert sunlight, water, and carbon dioxide into glucose and oxygen. Answer: concise summary."
What is a catalyst?,"A catalyst increases reaction rate by lowering activation energy without being consumed. Answer: speeds up reaction, not consumed."
Summarize in one sentence: 'Photosynthesis is how plants use sunlight to make food...',"Photosynthesis is the process by which plants convert sunlight, water, and carbon dioxide into glucose and oxygen. Answer: concise summary."
What was the Renaissance? One sentence.,"A cultural and intellectual revival starting in 14th‑century Italy that emphasized art, science, and humanism. Answer: European cultural revival."
What was the Renaissance? One sentence.,"A cultural and intellectual revival starting in 14th‑century Italy that emphasized art, science, and humanism. Answer: European cultural revival."
Differentiate speed and velocity briefly.,"Speed is scalar (magnitude only); velocity is vector (magnitude and direction). Example: 10 m/s east is velocity; 10 m/s is speed. Answer: speed=scalar, velocity=vector."
Explain what a function does in programming.,A function groups reusable code to perform a task; it can take inputs (parameters) and return outputs. Answer: reusable code block.
What is Big-O time for binary search?,Binary search runs in O(log n) time on a sorted array. Answer: O(log n).
Convert 6777 g to kilograms.,6777 g ÷ 1000 = 6.777 kg. Answer: 6.777 kg.
What does a hash map provide on average?,"Average O(1) insert, lookup, and delete via hashing. Answer: O(1) average operations."
Define an acid and a base (Arrhenius).,"Arrhenius acid produces H⁺ in water; base produces OH⁻ in water. Example: HCl (acid), NaOH (base). Answer: H⁺ vs OH⁻ producers."
What is Big-O time for binary search?,Binary search runs in O(log n) time on a sorted array. Answer: O(log n).
Explain difference between list and tuple in Python.,"List is mutable; tuple is immutable. Example: lists can append, tuples cannot. Answer: mutability difference."
Explain what a function does in programming.,A function groups reusable code to perform a task; it can take inputs (parameters) and return outputs. Answer: reusable code block.
What was the Renaissance? One sentence.,"A cultural and intellectual revival starting in 14th‑century Italy that emphasized art, science, and humanism. Answer: European cultural revival."
Rewrite the sentence in active voice: 'The ball was thrown by John.',John threw the ball. Answer: John threw the ball.
What does conservation of energy mean?,"Energy cannot be created or destroyed, only transformed between forms; total energy in an isolated system remains constant. Answer: energy conserved."
A class has 25 boys and 11 girls. How many students are there in total?,Total = 25 + 11 = 36. Answer: 36.
Convert 894 cm to meters.,894 cm ÷ 100 = 8.94 m. Answer: 8.94 m.
What was the Renaissance? One sentence.,"A cultural and intellectual revival starting in 14th‑century Italy that emphasized art, science, and humanism. Answer: European cultural revival."
What is Big-O time for binary search?,Binary search runs in O(log n) time on a sorted array. Answer: O(log n).
What is Big-O time for binary search?,Binary search runs in O(log n) time on a sorted array. Answer: O(log n).
Explain what a function does in programming.,A function groups reusable code to perform a task; it can take inputs (parameters) and return outputs. Answer: reusable code block.
Rewrite the sentence in active voice: 'The ball was thrown by John.',John threw the ball. Answer: John threw the ball.
Explain difference between list and tuple in Python.,"List is mutable; tuple is immutable. Example: lists can append, tuples cannot. Answer: mutability difference."
There were 36 apples in a basket. 15 were eaten. How many remain?,Remaining = 36 - 15 = 21. Answer: 21.
Why is the printing press significant?,"It enabled mass production of books, spreading literacy and ideas rapidly across Europe. Answer: mass knowledge spread."
Why is the printing press significant?,"It enabled mass production of books, spreading literacy and ideas rapidly across Europe. Answer: mass knowledge spread."
What was the Renaissance? One sentence.,"A cultural and intellectual revival starting in 14th‑century Italy that emphasized art, science, and humanism. Answer: European cultural revival."
A class has 46 boys and 44 girls. How many students are there in total?,Total = 46 + 44 = 90. Answer: 90.
Summarize in one sentence: 'Photosynthesis is how plants use sunlight to make food...',"Photosynthesis is the process by which plants convert sunlight, water, and carbon dioxide into glucose and oxygen. Answer: concise summary."
A box has 35 rows of markers with 4 in each row. How many markers are there?,Total = 35 × 4 = 140. Answer: 140.
Explain Newton's first law with an example.,Newton's first law (law of inertia) states an object remains at rest or moves at constant velocity unless acted on by a net external force. Example: A puck on frictionless ice glides at constant speed. Answer: Law of inertia.
Explain difference between list and tuple in Python.,"List is mutable; tuple is immutable. Example: lists can append, tuples cannot. Answer: mutability difference."
A class has 41 boys and 19 girls. How many students are there in total?,Total = 41 + 19 = 60. Answer: 60.
Summarize in one sentence: 'Photosynthesis is how plants use sunlight to make food...',"Photosynthesis is the process by which plants convert sunlight, water, and carbon dioxide into glucose and oxygen. Answer: concise summary."
Find the LCM of 101 and 171.,101 = 101; 171 = 3 × 3 × 19. LCM = 17271. Answer: 17271.
What does a hash map provide on average?,"Average O(1) insert, lookup, and delete via hashing. Answer: O(1) average operations."
Find the LCM of 76 and 168.,76 = 2 × 2 × 19; 168 = 2 × 2 × 2 × 3 × 7. LCM = 3192. Answer: 3192.
Rewrite the sentence in active voice: 'The ball was thrown by John.',John threw the ball. Answer: John threw the ball.
Summarize in one sentence: 'Photosynthesis is how plants use sunlight to make food...',"Photosynthesis is the process by which plants convert sunlight, water, and carbon dioxide into glucose and oxygen. Answer: concise summary."
176 stickers are shared equally among 8 students. How many does each student get?,Each gets = 176 ÷ 8 = 22. Answer: 22.
What was the Renaissance? One sentence.,"A cultural and intellectual revival starting in 14th‑century Italy that emphasized art, science, and humanism. Answer: European cultural revival."
What does conservation of energy mean?,"Energy cannot be created or destroyed, only transformed between forms; total energy in an isolated system remains constant. Answer: energy conserved."
Why is the printing press significant?,"It enabled mass production of books, spreading literacy and ideas rapidly across Europe. Answer: mass knowledge spread."
What was the Renaissance? One sentence.,"A cultural and intellectual revival starting in 14th‑century Italy that emphasized art, science, and humanism. Answer: European cultural revival."
Find the GCD of 273 and 158.,"Using the Euclidean algorithm, GCD(273, 158) = 1. Answer: 1."
Explain what a function does in programming.,A function groups reusable code to perform a task; it can take inputs (parameters) and return outputs. Answer: reusable code block.
Summarize in one sentence: 'Photosynthesis is how plants use sunlight to make food...',"Photosynthesis is the process by which plants convert sunlight, water, and carbon dioxide into glucose and oxygen. Answer: concise summary."
Explain Newton's first law with an example.,Newton's first law (law of inertia) states an object remains at rest or moves at constant velocity unless acted on by a net external force. Example: A puck on frictionless ice glides at constant speed. Answer: Law of inertia.
What does a hash map provide on average?,"Average O(1) insert, lookup, and delete via hashing. Answer: O(1) average operations."
What does a hash map provide on average?,"Average O(1) insert, lookup, and delete via hashing. Answer: O(1) average operations."
Define molar mass.,"Molar mass is the mass of one mole of a substance, in g/mol. Example: H₂O ≈ 18 g/mol. Answer: mass per mole."
What is Big-O time for binary search?,Binary search runs in O(log n) time on a sorted array. Answer: O(log n).
A class has 18 boys and 26 girls. How many students are there in total?,Total = 18 + 26 = 44. Answer: 44.
Why is the printing press significant?,"It enabled mass production of books, spreading literacy and ideas rapidly across Europe. Answer: mass knowledge spread."
State Ohm's law and give a simple calculation.,"Ohm's law: V = I R. If I = 2 A and R = 5 Ω, then V = 10 V. Answer: V = IR."
Explain what a function does in programming.,A function groups reusable code to perform a task; it can take inputs (parameters) and return outputs. Answer: reusable code block.
70 stickers are shared equally among 10 students. How many does each student get?,Each gets = 70 ÷ 10 = 7. Answer: 7.
What was the Renaissance? One sentence.,"A cultural and intellectual revival starting in 14th‑century Italy that emphasized art, science, and humanism. Answer: European cultural revival."
Rewrite the sentence in active voice: 'The ball was thrown by John.',John threw the ball. Answer: John threw the ball.
What was the Renaissance? One sentence.,"A cultural and intellectual revival starting in 14th‑century Italy that emphasized art, science, and humanism. Answer: European cultural revival."
Fix the punctuation: 'Lets eat Grandma',"Let's eat, Grandma. Answer: Let's eat, Grandma."
Why is the printing press significant?,"It enabled mass production of books, spreading literacy and ideas rapidly across Europe. Answer: mass knowledge spread."
Summarize in one sentence: 'Photosynthesis is how plants use sunlight to make food...',"Photosynthesis is the process by which plants convert sunlight, water, and carbon dioxide into glucose and oxygen. Answer: concise summary."
What does conservation of energy mean?,"Energy cannot be created or destroyed, only transformed between forms; total energy in an isolated system remains constant. Answer: energy conserved."
There were 39 apples in a basket. 10 were eaten. How many remain?,Remaining = 39 - 10 = 29. Answer: 29.
Explain refraction in simple words.,Refraction is the bending of light as it passes between media with different optical density due to speed change. Answer: bending due to speed change.
There were 47 apples in a basket. 35 were eaten. How many remain?,Remaining = 47 - 35 = 12. Answer: 12.
Rewrite the sentence in active voice: 'The ball was thrown by John.',John threw the ball. Answer: John threw the ball.
A box has 38 rows of markers with 12 in each row. How many markers are there?,Total = 38 × 12 = 456. Answer: 456.
Find 10% of 322.,10% of 322 = (10/100)×322 = 32.2. Answer: 32.2.
Define an acid and a base (Arrhenius).,"Arrhenius acid produces H⁺ in water; base produces OH⁻ in water. Example: HCl (acid), NaOH (base). Answer: H⁺ vs OH⁻ producers."
Explain Newton's first law with an example.,Newton's first law (law of inertia) states an object remains at rest or moves at constant velocity unless acted on by a net external force. Example: A puck on frictionless ice glides at constant speed. Answer: Law of inertia.
Explain what a function does in programming.,A function groups reusable code to perform a task; it can take inputs (parameters) and return outputs. Answer: reusable code block.
Fix the punctuation: 'Lets eat Grandma',"Let's eat, Grandma. Answer: Let's eat, Grandma."
Summarize in one sentence: 'Photosynthesis is how plants use sunlight to make food...',"Photosynthesis is the process by which plants convert sunlight, water, and carbon dioxide into glucose and oxygen. Answer: concise summary."
There were 49 apples in a basket. 19 were eaten. How many remain?,Remaining = 49 - 19 = 30. Answer: 30.
Differentiate speed and velocity briefly.,"Speed is scalar (magnitude only); velocity is vector (magnitude and direction). Example: 10 m/s east is velocity; 10 m/s is speed. Answer: speed=scalar, velocity=vector."
State Ohm's law and give a simple calculation.,"Ohm's law: V = I R. If I = 2 A and R = 5 Ω, then V = 10 V. Answer: V = IR."
Find 18% of 365.,18% of 365 = (18/100)×365 = 65.7. Answer: 65.7.
What was the Renaissance? One sentence.,"A cultural and intellectual revival starting in 14th‑century Italy that emphasized art, science, and humanism. Answer: European cultural revival."
What was the Renaissance? One sentence.,"A cultural and intellectual revival starting in 14th‑century Italy that emphasized art, science, and humanism. Answer: European cultural revival."
Explain Newton's first law with an example.,Newton's first law (law of inertia) states an object remains at rest or moves at constant velocity unless acted on by a net external force. Example: A puck on frictionless ice glides at constant speed. Answer: Law of inertia.
What is Big-O time for binary search?,Binary search runs in O(log n) time on a sorted array. Answer: O(log n).
320 stickers are shared equally among 32 students. How many does each student get?,Each gets = 320 ÷ 32 = 10. Answer: 10.
There were 43 apples in a basket. 25 were eaten. How many remain?,Remaining = 43 - 25 = 18. Answer: 18.
Fix the punctuation: 'Lets eat Grandma',"Let's eat, Grandma. Answer: Let's eat, Grandma."
Rewrite the sentence in active voice: 'The ball was thrown by John.',John threw the ball. Answer: John threw the ball.
What does conservation of energy mean?,"Energy cannot be created or destroyed, only transformed between forms; total energy in an isolated system remains constant. Answer: energy conserved."
Explain Newton's first law with an example.,Newton's first law (law of inertia) states an object remains at rest or moves at constant velocity unless acted on by a net external force. Example: A puck on frictionless ice glides at constant speed. Answer: Law of inertia.
Rewrite the sentence in active voice: 'The ball was thrown by John.',John threw the ball. Answer: John threw the ball.
Explain what a function does in programming.,A function groups reusable code to perform a task; it can take inputs (parameters) and return outputs. Answer: reusable code block.
What does conservation of energy mean?,"Energy cannot be created or destroyed, only transformed between forms; total energy in an isolated system remains constant. Answer: energy conserved."
Differentiate speed and velocity briefly.,"Speed is scalar (magnitude only); velocity is vector (magnitude and direction). Example: 10 m/s east is velocity; 10 m/s is speed. Answer: speed=scalar, velocity=vector."
What is a catalyst?,"A catalyst increases reaction rate by lowering activation energy without being consumed. Answer: speeds up reaction, not consumed."
Why is the printing press significant?,"It enabled mass production of books, spreading literacy and ideas rapidly across Europe. Answer: mass knowledge spread."
There were 31 apples in a basket. 22 were eaten. How many remain?,Remaining = 31 - 22 = 9. Answer: 9.
Fix the punctuation: 'Lets eat Grandma',"Let's eat, Grandma. Answer: Let's eat, Grandma."
Find 20% of 244.,20% of 244 = (20/100)×244 = 48.8. Answer: 48.8.
Summarize in one sentence: 'Photosynthesis is how plants use sunlight to make food...',"Photosynthesis is the process by which plants convert sunlight, water, and carbon dioxide into glucose and oxygen. Answer: concise summary."
A class has 38 boys and 40 girls. How many students are there in total?,Total = 38 + 40 = 78. Answer: 78.
What was the Renaissance? One sentence.,"A cultural and intellectual revival starting in 14th‑century Italy that emphasized art, science, and humanism. Answer: European cultural revival."
Fix the punctuation: 'Lets eat Grandma',"Let's eat, Grandma. Answer: Let's eat, Grandma."
Find the GCD of 267 and 277.,"Using the Euclidean algorithm, GCD(267, 277) = 1. Answer: 1."
Summarize in one sentence: 'Photosynthesis is how plants use sunlight to make food...',"Photosynthesis is the process by which plants convert sunlight, water, and carbon dioxide into glucose and oxygen. Answer: concise summary."
Find 35% of 248.,35% of 248 = (35/100)×248 = 86.8. Answer: 86.8.
A box has 5 rows of markers with 14 in each row. How many markers are there?,Total = 5 × 14 = 70. Answer: 70.
Fix the punctuation: 'Lets eat Grandma',"Let's eat, Grandma. Answer: Let's eat, Grandma."
What does a hash map provide on average?,"Average O(1) insert, lookup, and delete via hashing. Answer: O(1) average operations."
Rewrite the sentence in active voice: 'The ball was thrown by John.',John threw the ball. Answer: John threw the ball.
Fix the punctuation: 'Lets eat Grandma',"Let's eat, Grandma. Answer: Let's eat, Grandma."
What was the Renaissance? One sentence.,"A cultural and intellectual revival starting in 14th‑century Italy that emphasized art, science, and humanism. Answer: European cultural revival."
385 stickers are shared equally among 35 students. How many does each student get?,Each gets = 385 ÷ 35 = 11. Answer: 11.
A class has 30 boys and 7 girls. How many students are there in total?,Total = 30 + 7 = 37. Answer: 37.
Define molar mass.,"Molar mass is the mass of one mole of a substance, in g/mol. Example: H₂O ≈ 18 g/mol. Answer: mass per mole."
What is the law of conservation of mass?,"In a closed system, mass is conserved during a chemical reaction; mass of reactants equals mass of products. Answer: mass conserved."
Fix the punctuation: 'Lets eat Grandma',"Let's eat, Grandma. Answer: Let's eat, Grandma."
Rewrite the sentence in active voice: 'The ball was thrown by John.',John threw the ball. Answer: John threw the ball.
What is a catalyst?,"A catalyst increases reaction rate by lowering activation energy without being consumed. Answer: speeds up reaction, not consumed."
What was the Renaissance? One sentence.,"A cultural and intellectual revival starting in 14th‑century Italy that emphasized art, science, and humanism. Answer: European cultural revival."
Rewrite the sentence in active voice: 'The ball was thrown by John.',John threw the ball. Answer: John threw the ball.
What does a hash map provide on average?,"Average O(1) insert, lookup, and delete via hashing. Answer: O(1) average operations."
There were 47 apples in a basket. 43 were eaten. How many remain?,Remaining = 47 - 43 = 4. Answer: 4.
A class has 48 boys and 9 girls. How many students are there in total?,Total = 48 + 9 = 57. Answer: 57.
Convert 7363 m to centimeters.,7363 m × 100 = 736300 cm. Answer: 736300 cm.
What is Big-O time for binary search?,Binary search runs in O(log n) time on a sorted array. Answer: O(log n).
Why is the printing press significant?,"It enabled mass production of books, spreading literacy and ideas rapidly across Europe. Answer: mass knowledge spread."
There were 41 apples in a basket. 34 were eaten. How many remain?,Remaining = 41 - 34 = 7. Answer: 7.
Summarize in one sentence: 'Photosynthesis is how plants use sunlight to make food...',"Photosynthesis is the process by which plants convert sunlight, water, and carbon dioxide into glucose and oxygen. Answer: concise summary."
Rewrite the sentence in active voice: 'The ball was thrown by John.',John threw the ball. Answer: John threw the ball.
Define an acid and a base (Arrhenius).,"Arrhenius acid produces H⁺ in water; base produces OH⁻ in water. Example: HCl (acid), NaOH (base). Answer: H⁺ vs OH⁻ producers."
What was the Renaissance? One sentence.,"A cultural and intellectual revival starting in 14th‑century Italy that emphasized art, science, and humanism. Answer: European cultural revival."
State Ohm's law and give a simple calculation.,"Ohm's law: V = I R. If I = 2 A and R = 5 Ω, then V = 10 V. Answer: V = IR."
Explain Newton's first law with an example.,Newton's first law (law of inertia) states an object remains at rest or moves at constant velocity unless acted on by a net external force. Example: A puck on frictionless ice glides at constant speed. Answer: Law of inertia.
Fix the punctuation: 'Lets eat Grandma',"Let's eat, Grandma. Answer: Let's eat, Grandma."
Explain what a function does in programming.,A function groups reusable code to perform a task; it can take inputs (parameters) and return outputs. Answer: reusable code block.
Explain difference between list and tuple in Python.,"List is mutable; tuple is immutable. Example: lists can append, tuples cannot. Answer: mutability difference."
Find the GCD of 105 and 3.,"Using the Euclidean algorithm, GCD(105, 3) = 3. Answer: 3."
Why is the printing press significant?,"It enabled mass production of books, spreading literacy and ideas rapidly across Europe. Answer: mass knowledge spread."
Solve for x: 8x + 11 = 14.,8x = 14 - 11 ⇒ x = (14 - 11)/8 = 0.375. Answer: 0.375.
Find 15% of 302.,15% of 302 = (15/100)×302 = 45.3. Answer: 45.3.
What is a catalyst?,"A catalyst increases reaction rate by lowering activation energy without being consumed. Answer: speeds up reaction, not consumed."
Fix the punctuation: 'Lets eat Grandma',"Let's eat, Grandma. Answer: Let's eat, Grandma."
Rewrite the sentence in active voice: 'The ball was thrown by John.',John threw the ball. Answer: John threw the ball.
What was the Renaissance? One sentence.,"A cultural and intellectual revival starting in 14th‑century Italy that emphasized art, science, and humanism. Answer: European cultural revival."
Define molar mass.,"Molar mass is the mass of one mole of a substance, in g/mol. Example: H₂O ≈ 18 g/mol. Answer: mass per mole."
Explain difference between list and tuple in Python.,"List is mutable; tuple is immutable. Example: lists can append, tuples cannot. Answer: mutability difference."
Find the GCD of 77 and 30.,"Using the Euclidean algorithm, GCD(77, 30) = 1. Answer: 1."
There were 24 apples in a basket. 4 were eaten. How many remain?,Remaining = 24 - 4 = 20. Answer: 20.
Convert 9472 m to centimeters.,9472 m × 100 = 947200 cm. Answer: 947200 cm.
What does a hash map provide on average?,"Average O(1) insert, lookup, and delete via hashing. Answer: O(1) average operations."
Find the LCM of 29 and 108.,29 = 29; 108 = 2 × 2 × 3 × 3 × 3. LCM = 3132. Answer: 3132.
State Ohm's law and give a simple calculation.,"Ohm's law: V = I R. If I = 2 A and R = 5 Ω, then V = 10 V. Answer: V = IR."
There were 41 apples in a basket. 20 were eaten. How many remain?,Remaining = 41 - 20 = 21. Answer: 21.
Summarize in one sentence: 'Photosynthesis is how plants use sunlight to make food...',"Photosynthesis is the process by which plants convert sunlight, water, and carbon dioxide into glucose and oxygen. Answer: concise summary."
Why is the printing press significant?,"It enabled mass production of books, spreading literacy and ideas rapidly across Europe. Answer: mass knowledge spread."
Find the LCM of 198 and 78.,198 = 2 × 3 × 3 × 11; 78 = 2 × 3 × 13. LCM = 2574. Answer: 2574.
What does a hash map provide on average?,"Average O(1) insert, lookup, and delete via hashing. Answer: O(1) average operations."
Rewrite the sentence in active voice: 'The ball was thrown by John.',John threw the ball. Answer: John threw the ball.
Summarize in one sentence: 'Photosynthesis is how plants use sunlight to make food...',"Photosynthesis is the process by which plants convert sunlight, water, and carbon dioxide into glucose and oxygen. Answer: concise summary."
Write the prime factorization of 261.,261 = 3 × 3 × 29. Answer: 3 × 3 × 29.
Differentiate speed and velocity briefly.,"Speed is scalar (magnitude only); velocity is vector (magnitude and direction). Example: 10 m/s east is velocity; 10 m/s is speed. Answer: speed=scalar, velocity=vector."
437 stickers are shared equally among 19 students. How many does each student get?,Each gets = 437 ÷ 19 = 23. Answer: 23.
What was the Renaissance? One sentence.,"A cultural and intellectual revival starting in 14th‑century Italy that emphasized art, science, and humanism. Answer: European cultural revival."
A class has 15 boys and 41 girls. How many students are there in total?,Total = 15 + 41 = 56. Answer: 56.
Find 35% of 372.,35% of 372 = (35/100)×372 = 130.2. Answer: 130.2.
Solve for x: 12x + 18 = -2.,12x = -2 - 18 ⇒ x = (-2 - 18)/12 = -1.6666666666666667. Answer: -1.6666666666666667.
Summarize in one sentence: 'Photosynthesis is how plants use sunlight to make food...',"Photosynthesis is the process by which plants convert sunlight, water, and carbon dioxide into glucose and oxygen. Answer: concise summary."
What does a hash map provide on average?,"Average O(1) insert, lookup, and delete via hashing. Answer: O(1) average operations."
Why is the printing press significant?,"It enabled mass production of books, spreading literacy and ideas rapidly across Europe. Answer: mass knowledge spread."
What is a catalyst?,"A catalyst increases reaction rate by lowering activation energy without being consumed. Answer: speeds up reaction, not consumed."
Why is the printing press significant?,"It enabled mass production of books, spreading literacy and ideas rapidly across Europe. Answer: mass knowledge spread."
Rewrite the sentence in active voice: 'The ball was thrown by John.',John threw the ball. Answer: John threw the ball.
What was the Renaissance? One sentence.,"A cultural and intellectual revival starting in 14th‑century Italy that emphasized art, science, and humanism. Answer: European cultural revival."
A class has 20 boys and 14 girls. How many students are there in total?,Total = 20 + 14 = 34. Answer: 34.
Find the LCM of 121 and 162.,121 = 11 × 11; 162 = 2 × 3 × 3 × 3 × 3. LCM = 19602. Answer: 19602.
Convert 3397 m to centimeters.,3397 m × 100 = 339700 cm. Answer: 339700 cm.
Fix the punctuation: 'Lets eat Grandma',"Let's eat, Grandma. Answer: Let's eat, Grandma."
Write the prime factorization of 199.,199 = 199. Answer: 199.
What was the Renaissance? One sentence.,"A cultural and intellectual revival starting in 14th‑century Italy that emphasized art, science, and humanism. Answer: European cultural revival."
Convert 3297 m to centimeters.,3297 m × 100 = 329700 cm. Answer: 329700 cm.
What does a hash map provide on average?,"Average O(1) insert, lookup, and delete via hashing. Answer: O(1) average operations."
Write the prime factorization of 173.,173 = 173. Answer: 173.
Why is the printing press significant?,"It enabled mass production of books, spreading literacy and ideas rapidly across Europe. Answer: mass knowledge spread."
Find the LCM of 177 and 87.,177 = 3 × 59; 87 = 3 × 29. LCM = 5133. Answer: 5133.
Explain what a function does in programming.,A function groups reusable code to perform a task; it can take inputs (parameters) and return outputs. Answer: reusable code block.
A class has 38 boys and 41 girls. How many students are there in total?,Total = 38 + 41 = 79. Answer: 79.
What does conservation of energy mean?,"Energy cannot be created or destroyed, only transformed between forms; total energy in an isolated system remains constant. Answer: energy conserved."
What does a hash map provide on average?,"Average O(1) insert, lookup, and delete via hashing. Answer: O(1) average operations."
A class has 32 boys and 32 girls. How many students are there in total?,Total = 32 + 32 = 64. Answer: 64.
There were 32 apples in a basket. 10 were eaten. How many remain?,Remaining = 32 - 10 = 22. Answer: 22.
A box has 31 rows of markers with 36 in each row. How many markers are there?,Total = 31 × 36 = 1116. Answer: 1116.
Fix the punctuation: 'Lets eat Grandma',"Let's eat, Grandma. Answer: Let's eat, Grandma."
A box has 5 rows of markers with 35 in each row. How many markers are there?,Total = 5 × 35 = 175. Answer: 175.
Why is the printing press significant?,"It enabled mass production of books, spreading literacy and ideas rapidly across Europe. Answer: mass knowledge spread."
What was the Renaissance? One sentence.,"A cultural and intellectual revival starting in 14th‑century Italy that emphasized art, science, and humanism. Answer: European cultural revival."
Define an acid and a base (Arrhenius).,"Arrhenius acid produces H⁺ in water; base produces OH⁻ in water. Example: HCl (acid), NaOH (base). Answer: H⁺ vs OH⁻ producers."
What is Big-O time for binary search?,Binary search runs in O(log n) time on a sorted array. Answer: O(log n).
Explain refraction in simple words.,Refraction is the bending of light as it passes between media with different optical density due to speed change. Answer: bending due to speed change.
Write the prime factorization of 212.,212 = 2 × 2 × 53. Answer: 2 × 2 × 53.
432 stickers are shared equally among 36 students. How many does each student get?,Each gets = 432 ÷ 36 = 12. Answer: 12.
Differentiate speed and velocity briefly.,"Speed is scalar (magnitude only); velocity is vector (magnitude and direction). Example: 10 m/s east is velocity; 10 m/s is speed. Answer: speed=scalar, velocity=vector."
What does a hash map provide on average?,"Average O(1) insert, lookup, and delete via hashing. Answer: O(1) average operations."
76 stickers are shared equally among 4 students. How many does each student get?,Each gets = 76 ÷ 4 = 19. Answer: 19.
Solve for x: 4x + 3 = 8.,4x = 8 - 3 ⇒ x = (8 - 3)/4 = 1.25. Answer: 1.25.
Explain difference between list and tuple in Python.,"List is mutable; tuple is immutable. Example: lists can append, tuples cannot. Answer: mutability difference."
Why is the printing press significant?,"It enabled mass production of books, spreading literacy and ideas rapidly across Europe. Answer: mass knowledge spread."
Differentiate speed and velocity briefly.,"Speed is scalar (magnitude only); velocity is vector (magnitude and direction). Example: 10 m/s east is velocity; 10 m/s is speed. Answer: speed=scalar, velocity=vector."
What is Big-O time for binary search?,Binary search runs in O(log n) time on a sorted array. Answer: O(log n).
Differentiate speed and velocity briefly.,"Speed is scalar (magnitude only); velocity is vector (magnitude and direction). Example: 10 m/s east is velocity; 10 m/s is speed. Answer: speed=scalar, velocity=vector."
Summarize in one sentence: 'Photosynthesis is how plants use sunlight to make food...',"Photosynthesis is the process by which plants convert sunlight, water, and carbon dioxide into glucose and oxygen. Answer: concise summary."
Solve for x: 9x + -11 = -8.,9x = -8 - -11 ⇒ x = (-8 - -11)/9 = 0.3333333333333333. Answer: 0.3333333333333333.
Explain what a function does in programming.,A function groups reusable code to perform a task; it can take inputs (parameters) and return outputs. Answer: reusable code block.
A box has 35 rows of markers with 21 in each row. How many markers are there?,Total = 35 × 21 = 735. Answer: 735.
Differentiate speed and velocity briefly.,"Speed is scalar (magnitude only); velocity is vector (magnitude and direction). Example: 10 m/s east is velocity; 10 m/s is speed. Answer: speed=scalar, velocity=vector."
What was the Renaissance? One sentence.,"A cultural and intellectual revival starting in 14th‑century Italy that emphasized art, science, and humanism. Answer: European cultural revival."
Explain Newton's first law with an example.,Newton's first law (law of inertia) states an object remains at rest or moves at constant velocity unless acted on by a net external force. Example: A puck on frictionless ice glides at constant speed. Answer: Law of inertia.
Fix the punctuation: 'Lets eat Grandma',"Let's eat, Grandma. Answer: Let's eat, Grandma."
A class has 35 boys and 9 girls. How many students are there in total?,Total = 35 + 9 = 44. Answer: 44.
What is Big-O time for binary search?,Binary search runs in O(log n) time on a sorted array. Answer: O(log n).
A box has 40 rows of markers with 7 in each row. How many markers are there?,Total = 40 × 7 = 280. Answer: 280.
Rewrite the sentence in active voice: 'The ball was thrown by John.',John threw the ball. Answer: John threw the ball.
Find 18% of 387.,18% of 387 = (18/100)×387 = 69.66. Answer: 69.66.
Find 50% of 209.,50% of 209 = (50/100)×209 = 104.5. Answer: 104.5.
Define an acid and a base (Arrhenius).,"Arrhenius acid produces H⁺ in water; base produces OH⁻ in water. Example: HCl (acid), NaOH (base). Answer: H⁺ vs OH⁻ producers."
What does conservation of energy mean?,"Energy cannot be created or destroyed, only transformed between forms; total energy in an isolated system remains constant. Answer: energy conserved."
What does a hash map provide on average?,"Average O(1) insert, lookup, and delete via hashing. Answer: O(1) average operations."
Why is the printing press significant?,"It enabled mass production of books, spreading literacy and ideas rapidly across Europe. Answer: mass knowledge spread."
Summarize in one sentence: 'Photosynthesis is how plants use sunlight to make food...',"Photosynthesis is the process by which plants convert sunlight, water, and carbon dioxide into glucose and oxygen. Answer: concise summary."
Write the prime factorization of 96.,96 = 2 × 2 × 2 × 2 × 2 × 3. Answer: 2 × 2 × 2 × 2 × 2 × 3.
Explain refraction in simple words.,Refraction is the bending of light as it passes between media with different optical density due to speed change. Answer: bending due to speed change.
Find the LCM of 161 and 145.,161 = 7 × 23; 145 = 5 × 29. LCM = 23345. Answer: 23345.
What was the Renaissance? One sentence.,"A cultural and intellectual revival starting in 14th‑century Italy that emphasized art, science, and humanism. Answer: European cultural revival."
Define molar mass.,"Molar mass is the mass of one mole of a substance, in g/mol. Example: H₂O ≈ 18 g/mol. Answer: mass per mole."
What does a hash map provide on average?,"Average O(1) insert, lookup, and delete via hashing. Answer: O(1) average operations."
Explain difference between list and tuple in Python.,"List is mutable; tuple is immutable. Example: lists can append, tuples cannot. Answer: mutability difference."
There were 38 apples in a basket. 20 were eaten. How many remain?,Remaining = 38 - 20 = 18. Answer: 18.
Differentiate speed and velocity briefly.,"Speed is scalar (magnitude only); velocity is vector (magnitude and direction). Example: 10 m/s east is velocity; 10 m/s is speed. Answer: speed=scalar, velocity=vector."
What does a hash map provide on average?,"Average O(1) insert, lookup, and delete via hashing. Answer: O(1) average operations."
Why is the printing press significant?,"It enabled mass production of books, spreading literacy and ideas rapidly across Europe. Answer: mass knowledge spread."
Find the GCD of 16 and 243.,"Using the Euclidean algorithm, GCD(16, 243) = 1. Answer: 1."
40 stickers are shared equally among 5 students. How many does each student get?,Each gets = 40 ÷ 5 = 8. Answer: 8.
Find the LCM of 111 and 102.,111 = 3 × 37; 102 = 2 × 3 × 17. LCM = 3774. Answer: 3774.
What is a catalyst?,"A catalyst increases reaction rate by lowering activation energy without being consumed. Answer: speeds up reaction, not consumed."
Why is the printing press significant?,"It enabled mass production of books, spreading literacy and ideas rapidly across Europe. Answer: mass knowledge spread."
What does a hash map provide on average?,"Average O(1) insert, lookup, and delete via hashing. Answer: O(1) average operations."
Define molar mass.,"Molar mass is the mass of one mole of a substance, in g/mol. Example: H₂O ≈ 18 g/mol. Answer: mass per mole."
Solve for x: 10x + -12 = -15.,10x = -15 - -12 ⇒ x = (-15 - -12)/10 = -0.3. Answer: -0.3.
248 stickers are shared equally among 31 students. How many does each student get?,Each gets = 248 ÷ 31 = 8. Answer: 8.
Explain what a function does in programming.,A function groups reusable code to perform a task; it can take inputs (parameters) and return outputs. Answer: reusable code block.
Rewrite the sentence in active voice: 'The ball was thrown by John.',John threw the ball. Answer: John threw the ball.
State Ohm's law and give a simple calculation.,"Ohm's law: V = I R. If I = 2 A and R = 5 Ω, then V = 10 V. Answer: V = IR."
Why is the printing press significant?,"It enabled mass production of books, spreading literacy and ideas rapidly across Europe. Answer: mass knowledge spread."
Explain what a function does in programming.,A function groups reusable code to perform a task; it can take inputs (parameters) and return outputs. Answer: reusable code block.
Define an acid and a base (Arrhenius).,"Arrhenius acid produces H⁺ in water; base produces OH⁻ in water. Example: HCl (acid), NaOH (base). Answer: H⁺ vs OH⁻ producers."
Explain what a function does in programming.,A function groups reusable code to perform a task; it can take inputs (parameters) and return outputs. Answer: reusable code block.
Rewrite the sentence in active voice: 'The ball was thrown by John.',John threw the ball. Answer: John threw the ball.
Solve for x: 2x + 2 = 10.,2x = 10 - 2 ⇒ x = (10 - 2)/2 = 4.0. Answer: 4.0.
Rewrite the sentence in active voice: 'The ball was thrown by John.',John threw the ball. Answer: John threw the ball.
What does a hash map provide on average?,"Average O(1) insert, lookup, and delete via hashing. Answer: O(1) average operations."
What was the Renaissance? One sentence.,"A cultural and intellectual revival starting in 14th‑century Italy that emphasized art, science, and humanism. Answer: European cultural revival."
What was the Renaissance? One sentence.,"A cultural and intellectual revival starting in 14th‑century Italy that emphasized art, science, and humanism. Answer: European cultural revival."
Summarize in one sentence: 'Photosynthesis is how plants use sunlight to make food...',"Photosynthesis is the process by which plants convert sunlight, water, and carbon dioxide into glucose and oxygen. Answer: concise summary."
Write the prime factorization of 304.,304 = 2 × 2 × 2 × 2 × 19. Answer: 2 × 2 × 2 × 2 × 19.
126 stickers are shared equally among 6 students. How many does each student get?,Each gets = 126 ÷ 6 = 21. Answer: 21.
Summarize in one sentence: 'Photosynthesis is how plants use sunlight to make food...',"Photosynthesis is the process by which plants convert sunlight, water, and carbon dioxide into glucose and oxygen. Answer: concise summary."
Rewrite the sentence in active voice: 'The ball was thrown by John.',John threw the ball. Answer: John threw the ball.
What was the Renaissance? One sentence.,"A cultural and intellectual revival starting in 14th‑century Italy that emphasized art, science, and humanism. Answer: European cultural revival."
What was the Renaissance? One sentence.,"A cultural and intellectual revival starting in 14th‑century Italy that emphasized art, science, and humanism. Answer: European cultural revival."
Fix the punctuation: 'Lets eat Grandma',"Let's eat, Grandma. Answer: Let's eat, Grandma."
Write the prime factorization of 126.,126 = 2 × 3 × 3 × 7. Answer: 2 × 3 × 3 × 7.
1131 stickers are shared equally among 39 students. How many does each student get?,Each gets = 1131 ÷ 39 = 29. Answer: 29.
Why is the printing press significant?,"It enabled mass production of books, spreading literacy and ideas rapidly across Europe. Answer: mass knowledge spread."
What was the Renaissance? One sentence.,"A cultural and intellectual revival starting in 14th‑century Italy that emphasized art, science, and humanism. Answer: European cultural revival."
Differentiate speed and velocity briefly.,"Speed is scalar (magnitude only); velocity is vector (magnitude and direction). Example: 10 m/s east is velocity; 10 m/s is speed. Answer: speed=scalar, velocity=vector."
1786 stickers are shared equally among 47 students. How many does each student get?,Each gets = 1786 ÷ 47 = 38. Answer: 38.
Find 30% of 355.,30% of 355 = (30/100)×355 = 106.5. Answer: 106.5.
What is Big-O time for binary search?,Binary search runs in O(log n) time on a sorted array. Answer: O(log n).
Rewrite the sentence in active voice: 'The ball was thrown by John.',John threw the ball. Answer: John threw the ball.
Explain what a function does in programming.,A function groups reusable code to perform a task; it can take inputs (parameters) and return outputs. Answer: reusable code block.
Find 50% of 105.,50% of 105 = (50/100)×105 = 52.5. Answer: 52.5.
Why is the printing press significant?,"It enabled mass production of books, spreading literacy and ideas rapidly across Europe. Answer: mass knowledge spread."
Explain what a function does in programming.,A function groups reusable code to perform a task; it can take inputs (parameters) and return outputs. Answer: reusable code block.
A class has 44 boys and 5 girls. How many students are there in total?,Total = 44 + 5 = 49. Answer: 49.
State Ohm's law and give a simple calculation.,"Ohm's law: V = I R. If I = 2 A and R = 5 Ω, then V = 10 V. Answer: V = IR."
What was the Renaissance? One sentence.,"A cultural and intellectual revival starting in 14th‑century Italy that emphasized art, science, and humanism. Answer: European cultural revival."
State Ohm's law and give a simple calculation.,"Ohm's law: V = I R. If I = 2 A and R = 5 Ω, then V = 10 V. Answer: V = IR."
Summarize in one sentence: 'Photosynthesis is how plants use sunlight to make food...',"Photosynthesis is the process by which plants convert sunlight, water, and carbon dioxide into glucose and oxygen. Answer: concise summary."
Explain what a function does in programming.,A function groups reusable code to perform a task; it can take inputs (parameters) and return outputs. Answer: reusable code block.
Why is the printing press significant?,"It enabled mass production of books, spreading literacy and ideas rapidly across Europe. Answer: mass knowledge spread."
What does conservation of energy mean?,"Energy cannot be created or destroyed, only transformed between forms; total energy in an isolated system remains constant. Answer: energy conserved."
A box has 22 rows of markers with 21 in each row. How many markers are there?,Total = 22 × 21 = 462. Answer: 462.
Summarize in one sentence: 'Photosynthesis is how plants use sunlight to make food...',"Photosynthesis is the process by which plants convert sunlight, water, and carbon dioxide into glucose and oxygen. Answer: concise summary."
What is Big-O time for binary search?,Binary search runs in O(log n) time on a sorted array. Answer: O(log n).
What was the Renaissance? One sentence.,"A cultural and intellectual revival starting in 14th‑century Italy that emphasized art, science, and humanism. Answer: European cultural revival."
Why is the printing press significant?,"It enabled mass production of books, spreading literacy and ideas rapidly across Europe. Answer: mass knowledge spread."
Explain refraction in simple words.,Refraction is the bending of light as it passes between media with different optical density due to speed change. Answer: bending due to speed change.
Write the prime factorization of 301.,301 = 7 × 43. Answer: 7 × 43.
Find the LCM of 182 and 145.,182 = 2 × 7 × 13; 145 = 5 × 29. LCM = 26390. Answer: 26390.
What is Big-O time for binary search?,Binary search runs in O(log n) time on a sorted array. Answer: O(log n).
What is Big-O time for binary search?,Binary search runs in O(log n) time on a sorted array. Answer: O(log n).
What is the law of conservation of mass?,"In a closed system, mass is conserved during a chemical reaction; mass of reactants equals mass of products. Answer: mass conserved."
A box has 39 rows of markers with 27 in each row. How many markers are there?,Total = 39 × 27 = 1053. Answer: 1053.
702 stickers are shared equally among 26 students. How many does each student get?,Each gets = 702 ÷ 26 = 27. Answer: 27.
Summarize in one sentence: 'Photosynthesis is how plants use sunlight to make food...',"Photosynthesis is the process by which plants convert sunlight, water, and carbon dioxide into glucose and oxygen. Answer: concise summary."
State Ohm's law and give a simple calculation.,"Ohm's law: V = I R. If I = 2 A and R = 5 Ω, then V = 10 V. Answer: V = IR."
Rewrite the sentence in active voice: 'The ball was thrown by John.',John threw the ball. Answer: John threw the ball.
Define molar mass.,"Molar mass is the mass of one mole of a substance, in g/mol. Example: H₂O ≈ 18 g/mol. Answer: mass per mole."
Fix the punctuation: 'Lets eat Grandma',"Let's eat, Grandma. Answer: Let's eat, Grandma."
Rewrite the sentence in active voice: 'The ball was thrown by John.',John threw the ball. Answer: John threw the ball.
Explain difference between list and tuple in Python.,"List is mutable; tuple is immutable. Example: lists can append, tuples cannot. Answer: mutability difference."
Explain Newton's first law with an example.,Newton's first law (law of inertia) states an object remains at rest or moves at constant velocity unless acted on by a net external force. Example: A puck on frictionless ice glides at constant speed. Answer: Law of inertia.
Convert 258 cm to meters.,258 cm ÷ 100 = 2.58 m. Answer: 2.58 m.
1452 stickers are shared equally among 33 students. How many does each student get?,Each gets = 1452 ÷ 33 = 44. Answer: 44.
Differentiate speed and velocity briefly.,"Speed is scalar (magnitude only); velocity is vector (magnitude and direction). Example: 10 m/s east is velocity; 10 m/s is speed. Answer: speed=scalar, velocity=vector."
What is the law of conservation of mass?,"In a closed system, mass is conserved during a chemical reaction; mass of reactants equals mass of products. Answer: mass conserved."
Summarize in one sentence: 'Photosynthesis is how plants use sunlight to make food...',"Photosynthesis is the process by which plants convert sunlight, water, and carbon dioxide into glucose and oxygen. Answer: concise summary."
Why is the printing press significant?,"It enabled mass production of books, spreading literacy and ideas rapidly across Europe. Answer: mass knowledge spread."
What was the Renaissance? One sentence.,"A cultural and intellectual revival starting in 14th‑century Italy that emphasized art, science, and humanism. Answer: European cultural revival."
Summarize in one sentence: 'Photosynthesis is how plants use sunlight to make food...',"Photosynthesis is the process by which plants convert sunlight, water, and carbon dioxide into glucose and oxygen. Answer: concise summary."
Summarize in one sentence: 'Photosynthesis is how plants use sunlight to make food...',"Photosynthesis is the process by which plants convert sunlight, water, and carbon dioxide into glucose and oxygen. Answer: concise summary."
Fix the punctuation: 'Lets eat Grandma',"Let's eat, Grandma. Answer: Let's eat, Grandma."
Explain difference between list and tuple in Python.,"List is mutable; tuple is immutable. Example: lists can append, tuples cannot. Answer: mutability difference."
What is the law of conservation of mass?,"In a closed system, mass is conserved during a chemical reaction; mass of reactants equals mass of products. Answer: mass conserved."
What was the Renaissance? One sentence.,"A cultural and intellectual revival starting in 14th‑century Italy that emphasized art, science, and humanism. Answer: European cultural revival."
Why is the printing press significant?,"It enabled mass production of books, spreading literacy and ideas rapidly across Europe. Answer: mass knowledge spread."
A box has 17 rows of markers with 47 in each row. How many markers are there?,Total = 17 × 47 = 799. Answer: 799.
Summarize in one sentence: 'Photosynthesis is how plants use sunlight to make food...',"Photosynthesis is the process by which plants convert sunlight, water, and carbon dioxide into glucose and oxygen. Answer: concise summary."
Why is the printing press significant?,"It enabled mass production of books, spreading literacy and ideas rapidly across Europe. Answer: mass knowledge spread."
Find the LCM of 147 and 125.,147 = 3 × 7 × 7; 125 = 5 × 5 × 5. LCM = 18375. Answer: 18375.
225 stickers are shared equally among 25 students. How many does each student get?,Each gets = 225 ÷ 25 = 9. Answer: 9.
A box has 7 rows of markers with 11 in each row. How many markers are there?,Total = 7 × 11 = 77. Answer: 77.
Summarize in one sentence: 'Photosynthesis is how plants use sunlight to make food...',"Photosynthesis is the process by which plants convert sunlight, water, and carbon dioxide into glucose and oxygen. Answer: concise summary."
Find 10% of 362.,10% of 362 = (10/100)×362 = 36.2. Answer: 36.2.
What is a catalyst?,"A catalyst increases reaction rate by lowering activation energy without being consumed. Answer: speeds up reaction, not consumed."
A class has 49 boys and 44 girls. How many students are there in total?,Total = 49 + 44 = 93. Answer: 93.
A box has 42 rows of markers with 36 in each row. How many markers are there?,Total = 42 × 36 = 1512. Answer: 1512.
What was the Renaissance? One sentence.,"A cultural and intellectual revival starting in 14th‑century Italy that emphasized art, science, and humanism. Answer: European cultural revival."
What is Big-O time for binary search?,Binary search runs in O(log n) time on a sorted array. Answer: O(log n).
Fix the punctuation: 'Lets eat Grandma',"Let's eat, Grandma. Answer: Let's eat, Grandma."
Why is the printing press significant?,"It enabled mass production of books, spreading literacy and ideas rapidly across Europe. Answer: mass knowledge spread."
Why is the printing press significant?,"It enabled mass production of books, spreading literacy and ideas rapidly across Europe. Answer: mass knowledge spread."
Fix the punctuation: 'Lets eat Grandma',"Let's eat, Grandma. Answer: Let's eat, Grandma."
What does a hash map provide on average?,"Average O(1) insert, lookup, and delete via hashing. Answer: O(1) average operations."
Explain Newton's first law with an example.,Newton's first law (law of inertia) states an object remains at rest or moves at constant velocity unless acted on by a net external force. Example: A puck on frictionless ice glides at constant speed. Answer: Law of inertia.
A box has 40 rows of markers with 49 in each row. How many markers are there?,Total = 40 × 49 = 1960. Answer: 1960.
A class has 38 boys and 18 girls. How many students are there in total?,Total = 38 + 18 = 56. Answer: 56.
There were 39 apples in a basket. 32 were eaten. How many remain?,Remaining = 39 - 32 = 7. Answer: 7.
What was the Renaissance? One sentence.,"A cultural and intellectual revival starting in 14th‑century Italy that emphasized art, science, and humanism. Answer: European cultural revival."
A class has 20 boys and 49 girls. How many students are there in total?,Total = 20 + 49 = 69. Answer: 69.
Explain what a function does in programming.,A function groups reusable code to perform a task; it can take inputs (parameters) and return outputs. Answer: reusable code block.
Find the GCD of 260 and 41.,"Using the Euclidean algorithm, GCD(260, 41) = 1. Answer: 1."
What does a hash map provide on average?,"Average O(1) insert, lookup, and delete via hashing. Answer: O(1) average operations."
Explain refraction in simple words.,Refraction is the bending of light as it passes between media with different optical density due to speed change. Answer: bending due to speed change.
What does a hash map provide on average?,"Average O(1) insert, lookup, and delete via hashing. Answer: O(1) average operations."
Convert 1828 m to centimeters.,1828 m × 100 = 182800 cm. Answer: 182800 cm.
State Ohm's law and give a simple calculation.,"Ohm's law: V = I R. If I = 2 A and R = 5 Ω, then V = 10 V. Answer: V = IR."
There were 30 apples in a basket. 25 were eaten. How many remain?,Remaining = 30 - 25 = 5. Answer: 5.
Explain difference between list and tuple in Python.,"List is mutable; tuple is immutable. Example: lists can append, tuples cannot. Answer: mutability difference."
Rewrite the sentence in active voice: 'The ball was thrown by John.',John threw the ball. Answer: John threw the ball.
What was the Renaissance? One sentence.,"A cultural and intellectual revival starting in 14th‑century Italy that emphasized art, science, and humanism. Answer: European cultural revival."
What is Big-O time for binary search?,Binary search runs in O(log n) time on a sorted array. Answer: O(log n).
State Ohm's law and give a simple calculation.,"Ohm's law: V = I R. If I = 2 A and R = 5 Ω, then V = 10 V. Answer: V = IR."
Fix the punctuation: 'Lets eat Grandma',"Let's eat, Grandma. Answer: Let's eat, Grandma."
Rewrite the sentence in active voice: 'The ball was thrown by John.',John threw the ball. Answer: John threw the ball.
There were 48 apples in a basket. 30 were eaten. How many remain?,Remaining = 48 - 30 = 18. Answer: 18.
Define an acid and a base (Arrhenius).,"Arrhenius acid produces H⁺ in water; base produces OH⁻ in water. Example: HCl (acid), NaOH (base). Answer: H⁺ vs OH⁻ producers."
Convert 4332 cm to meters.,4332 cm ÷ 100 = 43.32 m. Answer: 43.32 m.
Find the GCD of 239 and 206.,"Using the Euclidean algorithm, GCD(239, 206) = 1. Answer: 1."
Fix the punctuation: 'Lets eat Grandma',"Let's eat, Grandma. Answer: Let's eat, Grandma."
Summarize in one sentence: 'Photosynthesis is how plants use sunlight to make food...',"Photosynthesis is the process by which plants convert sunlight, water, and carbon dioxide into glucose and oxygen. Answer: concise summary."
What was the Renaissance? One sentence.,"A cultural and intellectual revival starting in 14th‑century Italy that emphasized art, science, and humanism. Answer: European cultural revival."
Summarize in one sentence: 'Photosynthesis is how plants use sunlight to make food...',"Photosynthesis is the process by which plants convert sunlight, water, and carbon dioxide into glucose and oxygen. Answer: concise summary."
A box has 26 rows of markers with 32 in each row. How many markers are there?,Total = 26 × 32 = 832. Answer: 832.
Define molar mass.,"Molar mass is the mass of one mole of a substance, in g/mol. Example: H₂O ≈ 18 g/mol. Answer: mass per mole."
Rewrite the sentence in active voice: 'The ball was thrown by John.',John threw the ball. Answer: John threw the ball.
Explain what a function does in programming.,A function groups reusable code to perform a task; it can take inputs (parameters) and return outputs. Answer: reusable code block.
Summarize in one sentence: 'Photosynthesis is how plants use sunlight to make food...',"Photosynthesis is the process by which plants convert sunlight, water, and carbon dioxide into glucose and oxygen. Answer: concise summary."
What is Big-O time for binary search?,Binary search runs in O(log n) time on a sorted array. Answer: O(log n).
Find 20% of 376.,20% of 376 = (20/100)×376 = 75.2. Answer: 75.2.
Summarize in one sentence: 'Photosynthesis is how plants use sunlight to make food...',"Photosynthesis is the process by which plants convert sunlight, water, and carbon dioxide into glucose and oxygen. Answer: concise summary."
A box has 19 rows of markers with 23 in each row. How many markers are there?,Total = 19 × 23 = 437. Answer: 437.
What is Big-O time for binary search?,Binary search runs in O(log n) time on a sorted array. Answer: O(log n).
Explain what a function does in programming.,A function groups reusable code to perform a task; it can take inputs (parameters) and return outputs. Answer: reusable code block.
Summarize in one sentence: 'Photosynthesis is how plants use sunlight to make food...',"Photosynthesis is the process by which plants convert sunlight, water, and carbon dioxide into glucose and oxygen. Answer: concise summary."
There were 48 apples in a basket. 17 were eaten. How many remain?,Remaining = 48 - 17 = 31. Answer: 31.
Why is the printing press significant?,"It enabled mass production of books, spreading literacy and ideas rapidly across Europe. Answer: mass knowledge spread."
A box has 46 rows of markers with 13 in each row. How many markers are there?,Total = 46 × 13 = 598. Answer: 598.
What was the Renaissance? One sentence.,"A cultural and intellectual revival starting in 14th‑century Italy that emphasized art, science, and humanism. Answer: European cultural revival."
A class has 2 boys and 6 girls. How many students are there in total?,Total = 2 + 6 = 8. Answer: 8.
Rewrite the sentence in active voice: 'The ball was thrown by John.',John threw the ball. Answer: John threw the ball.
What was the Renaissance? One sentence.,"A cultural and intellectual revival starting in 14th‑century Italy that emphasized art, science, and humanism. Answer: European cultural revival."
There were 30 apples in a basket. 24 were eaten. How many remain?,Remaining = 30 - 24 = 6. Answer: 6.
There were 20 apples in a basket. 18 were eaten. How many remain?,Remaining = 20 - 18 = 2. Answer: 2.
Find the LCM of 160 and 25.,160 = 2 × 2 × 2 × 2 × 2 × 5; 25 = 5 × 5. LCM = 800. Answer: 800.
Find 15% of 386.,15% of 386 = (15/100)×386 = 57.9. Answer: 57.9.
What was the Renaissance? One sentence.,"A cultural and intellectual revival starting in 14th‑century Italy that emphasized art, science, and humanism. Answer: European cultural revival."
There were 9 apples in a basket. 7 were eaten. How many remain?,Remaining = 9 - 7 = 2. Answer: 2.
Summarize in one sentence: 'Photosynthesis is how plants use sunlight to make food...',"Photosynthesis is the process by which plants convert sunlight, water, and carbon dioxide into glucose and oxygen. Answer: concise summary."
A class has 38 boys and 13 girls. How many students are there in total?,Total = 38 + 13 = 51. Answer: 51.
A box has 13 rows of markers with 18 in each row. How many markers are there?,Total = 13 × 18 = 234. Answer: 234.
Summarize in one sentence: 'Photosynthesis is how plants use sunlight to make food...',"Photosynthesis is the process by which plants convert sunlight, water, and carbon dioxide into glucose and oxygen. Answer: concise summary."
Convert 7430 g to kilograms.,7430 g ÷ 1000 = 7.43 kg. Answer: 7.43 kg.
Summarize in one sentence: 'Photosynthesis is how plants use sunlight to make food...',"Photosynthesis is the process by which plants convert sunlight, water, and carbon dioxide into glucose and oxygen. Answer: concise summary."
There were 22 apples in a basket. 18 were eaten. How many remain?,Remaining = 22 - 18 = 4. Answer: 4.
Write the prime factorization of 51.,51 = 3 × 17. Answer: 3 × 17.
Fix the punctuation: 'Lets eat Grandma',"Let's eat, Grandma. Answer: Let's eat, Grandma."
What is Big-O time for binary search?,Binary search runs in O(log n) time on a sorted array. Answer: O(log n).
What does a hash map provide on average?,"Average O(1) insert, lookup, and delete via hashing. Answer: O(1) average operations."
What is a catalyst?,"A catalyst increases reaction rate by lowering activation energy without being consumed. Answer: speeds up reaction, not consumed."
Solve for x: 4x + 19 = 5.,4x = 5 - 19 ⇒ x = (5 - 19)/4 = -3.5. Answer: -3.5.
What is a catalyst?,"A catalyst increases reaction rate by lowering activation energy without being consumed. Answer: speeds up reaction, not consumed."
Find the GCD of 278 and 222.,"Using the Euclidean algorithm, GCD(278, 222) = 2. Answer: 2."
Differentiate speed and velocity briefly.,"Speed is scalar (magnitude only); velocity is vector (magnitude and direction). Example: 10 m/s east is velocity; 10 m/s is speed. Answer: speed=scalar, velocity=vector."
Summarize in one sentence: 'Photosynthesis is how plants use sunlight to make food...',"Photosynthesis is the process by which plants convert sunlight, water, and carbon dioxide into glucose and oxygen. Answer: concise summary."
What is Big-O time for binary search?,Binary search runs in O(log n) time on a sorted array. Answer: O(log n).
Find the LCM of 20 and 148.,20 = 2 × 2 × 5; 148 = 2 × 2 × 37. LCM = 740. Answer: 740.
A class has 18 boys and 30 girls. How many students are there in total?,Total = 18 + 30 = 48. Answer: 48.
Rewrite the sentence in active voice: 'The ball was thrown by John.',John threw the ball. Answer: John threw the ball.
A class has 42 boys and 2 girls. How many students are there in total?,Total = 42 + 2 = 44. Answer: 44.
There were 26 apples in a basket. 19 were eaten. How many remain?,Remaining = 26 - 19 = 7. Answer: 7.
A class has 23 boys and 27 girls. How many students are there in total?,Total = 23 + 27 = 50. Answer: 50.
Why is the printing press significant?,"It enabled mass production of books, spreading literacy and ideas rapidly across Europe. Answer: mass knowledge spread."
Fix the punctuation: 'Lets eat Grandma',"Let's eat, Grandma. Answer: Let's eat, Grandma."
Summarize in one sentence: 'Photosynthesis is how plants use sunlight to make food...',"Photosynthesis is the process by which plants convert sunlight, water, and carbon dioxide into glucose and oxygen. Answer: concise summary."
Find 5% of 165.,5% of 165 = (5/100)×165 = 8.25. Answer: 8.25.
Summarize in one sentence: 'Photosynthesis is how plants use sunlight to make food...',"Photosynthesis is the process by which plants convert sunlight, water, and carbon dioxide into glucose and oxygen. Answer: concise summary."
Rewrite the sentence in active voice: 'The ball was thrown by John.',John threw the ball. Answer: John threw the ball.
Why is the printing press significant?,"It enabled mass production of books, spreading literacy and ideas rapidly across Europe. Answer: mass knowledge spread."
What does a hash map provide on average?,"Average O(1) insert, lookup, and delete via hashing. Answer: O(1) average operations."
Rewrite the sentence in active voice: 'The ball was thrown by John.',John threw the ball. Answer: John threw the ball.
A box has 43 rows of markers with 7 in each row. How many markers are there?,Total = 43 × 7 = 301. Answer: 301.
Why is the printing press significant?,"It enabled mass production of books, spreading literacy and ideas rapidly across Europe. Answer: mass knowledge spread."
Solve for x: 5x + -8 = -9.,5x = -9 - -8 ⇒ x = (-9 - -8)/5 = -0.2. Answer: -0.2.
What was the Renaissance? One sentence.,"A cultural and intellectual revival starting in 14th‑century Italy that emphasized art, science, and humanism. Answer: European cultural revival."
Summarize in one sentence: 'Photosynthesis is how plants use sunlight to make food...',"Photosynthesis is the process by which plants convert sunlight, water, and carbon dioxide into glucose and oxygen. Answer: concise summary."
Explain refraction in simple words.,Refraction is the bending of light as it passes between media with different optical density due to speed change. Answer: bending due to speed change.
A box has 26 rows of markers with 8 in each row. How many markers are there?,Total = 26 × 8 = 208. Answer: 208.
Rewrite the sentence in active voice: 'The ball was thrown by John.',John threw the ball. Answer: John threw the ball.
There were 49 apples in a basket. 30 were eaten. How many remain?,Remaining = 49 - 30 = 19. Answer: 19.
Explain Newton's first law with an example.,Newton's first law (law of inertia) states an object remains at rest or moves at constant velocity unless acted on by a net external force. Example: A puck on frictionless ice glides at constant speed. Answer: Law of inertia.
Explain Newton's first law with an example.,Newton's first law (law of inertia) states an object remains at rest or moves at constant velocity unless acted on by a net external force. Example: A puck on frictionless ice glides at constant speed. Answer: Law of inertia.
663 stickers are shared equally among 39 students. How many does each student get?,Each gets = 663 ÷ 39 = 17. Answer: 17.
Rewrite the sentence in active voice: 'The ball was thrown by John.',John threw the ball. Answer: John threw the ball.
Why is the printing press significant?,"It enabled mass production of books, spreading literacy and ideas rapidly across Europe. Answer: mass knowledge spread."
Summarize in one sentence: 'Photosynthesis is how plants use sunlight to make food...',"Photosynthesis is the process by which plants convert sunlight, water, and carbon dioxide into glucose and oxygen. Answer: concise summary."
Rewrite the sentence in active voice: 'The ball was thrown by John.',John threw the ball. Answer: John threw the ball.
Write the prime factorization of 48.,48 = 2 × 2 × 2 × 2 × 3. Answer: 2 × 2 × 2 × 2 × 3.
What is Big-O time for binary search?,Binary search runs in O(log n) time on a sorted array. Answer: O(log n).
Rewrite the sentence in active voice: 'The ball was thrown by John.',John threw the ball. Answer: John threw the ball.
Define molar mass.,"Molar mass is the mass of one mole of a substance, in g/mol. Example: H₂O ≈ 18 g/mol. Answer: mass per mole."
Summarize in one sentence: 'Photosynthesis is how plants use sunlight to make food...',"Photosynthesis is the process by which plants convert sunlight, water, and carbon dioxide into glucose and oxygen. Answer: concise summary."
What was the Renaissance? One sentence.,"A cultural and intellectual revival starting in 14th‑century Italy that emphasized art, science, and humanism. Answer: European cultural revival."
A class has 39 boys and 16 girls. How many students are there in total?,Total = 39 + 16 = 55. Answer: 55.
Convert 2320 g to kilograms.,2320 g ÷ 1000 = 2.32 kg. Answer: 2.32 kg.
A class has 3 boys and 32 girls. How many students are there in total?,Total = 3 + 32 = 35. Answer: 35.
State Ohm's law and give a simple calculation.,"Ohm's law: V = I R. If I = 2 A and R = 5 Ω, then V = 10 V. Answer: V = IR."
Find the GCD of 27 and 159.,"Using the Euclidean algorithm, GCD(27, 159) = 3. Answer: 3."
Solve for x: 10x + -10 = 17.,10x = 17 - -10 ⇒ x = (17 - -10)/10 = 2.7. Answer: 2.7.
Find the LCM of 31 and 129.,31 = 31; 129 = 3 × 43. LCM = 3999. Answer: 3999.
What was the Renaissance? One sentence.,"A cultural and intellectual revival starting in 14th‑century Italy that emphasized art, science, and humanism. Answer: European cultural revival."
Find the GCD of 220 and 174.,"Using the Euclidean algorithm, GCD(220, 174) = 2. Answer: 2."
A box has 45 rows of markers with 27 in each row. How many markers are there?,Total = 45 × 27 = 1215. Answer: 1215.
Convert 9437 m to centimeters.,9437 m × 100 = 943700 cm. Answer: 943700 cm.
Define an acid and a base (Arrhenius).,"Arrhenius acid produces H⁺ in water; base produces OH⁻ in water. Example: HCl (acid), NaOH (base). Answer: H⁺ vs OH⁻ producers."
Explain Newton's first law with an example.,Newton's first law (law of inertia) states an object remains at rest or moves at constant velocity unless acted on by a net external force. Example: A puck on frictionless ice glides at constant speed. Answer: Law of inertia.
What was the Renaissance? One sentence.,"A cultural and intellectual revival starting in 14th‑century Italy that emphasized art, science, and humanism. Answer: European cultural revival."
What is Big-O time for binary search?,Binary search runs in O(log n) time on a sorted array. Answer: O(log n).
Write the prime factorization of 92.,92 = 2 × 2 × 23. Answer: 2 × 2 × 23.
Rewrite the sentence in active voice: 'The ball was thrown by John.',John threw the ball. Answer: John threw the ball.
There were 37 apples in a basket. 25 were eaten. How many remain?,Remaining = 37 - 25 = 12. Answer: 12.
Rewrite the sentence in active voice: 'The ball was thrown by John.',John threw the ball. Answer: John threw the ball.
What was the Renaissance? One sentence.,"A cultural and intellectual revival starting in 14th‑century Italy that emphasized art, science, and humanism. Answer: European cultural revival."
Differentiate speed and velocity briefly.,"Speed is scalar (magnitude only); velocity is vector (magnitude and direction). Example: 10 m/s east is velocity; 10 m/s is speed. Answer: speed=scalar, velocity=vector."
There were 41 apples in a basket. 26 were eaten. How many remain?,Remaining = 41 - 26 = 15. Answer: 15.
Solve for x: 2x + -20 = -20.,2x = -20 - -20 ⇒ x = (-20 - -20)/2 = 0.0. Answer: 0.0.
Differentiate speed and velocity briefly.,"Speed is scalar (magnitude only); velocity is vector (magnitude and direction). Example: 10 m/s east is velocity; 10 m/s is speed. Answer: speed=scalar, velocity=vector."
A box has 43 rows of markers with 39 in each row. How many markers are there?,Total = 43 × 39 = 1677. Answer: 1677.
Summarize in one sentence: 'Photosynthesis is how plants use sunlight to make food...',"Photosynthesis is the process by which plants convert sunlight, water, and carbon dioxide into glucose and oxygen. Answer: concise summary."
Summarize in one sentence: 'Photosynthesis is how plants use sunlight to make food...',"Photosynthesis is the process by which plants convert sunlight, water, and carbon dioxide into glucose and oxygen. Answer: concise summary."
What does conservation of energy mean?,"Energy cannot be created or destroyed, only transformed between forms; total energy in an isolated system remains constant. Answer: energy conserved."
Explain refraction in simple words.,Refraction is the bending of light as it passes between media with different optical density due to speed change. Answer: bending due to speed change.
Why is the printing press significant?,"It enabled mass production of books, spreading literacy and ideas rapidly across Europe. Answer: mass knowledge spread."
Rewrite the sentence in active voice: 'The ball was thrown by John.',John threw the ball. Answer: John threw the ball.
Explain Newton's first law with an example.,Newton's first law (law of inertia) states an object remains at rest or moves at constant velocity unless acted on by a net external force. Example: A puck on frictionless ice glides at constant speed. Answer: Law of inertia.
What was the Renaissance? One sentence.,"A cultural and intellectual revival starting in 14th‑century Italy that emphasized art, science, and humanism. Answer: European cultural revival."
A class has 33 boys and 41 girls. How many students are there in total?,Total = 33 + 41 = 74. Answer: 74.
504 stickers are shared equally among 21 students. How many does each student get?,Each gets = 504 ÷ 21 = 24. Answer: 24.
Find 15% of 170.,15% of 170 = (15/100)×170 = 25.5. Answer: 25.5.
Find 40% of 98.,40% of 98 = (40/100)×98 = 39.2. Answer: 39.2.
Explain difference between list and tuple in Python.,"List is mutable; tuple is immutable. Example: lists can append, tuples cannot. Answer: mutability difference."
Summarize in one sentence: 'Photosynthesis is how plants use sunlight to make food...',"Photosynthesis is the process by which plants convert sunlight, water, and carbon dioxide into glucose and oxygen. Answer: concise summary."
A class has 15 boys and 19 girls. How many students are there in total?,Total = 15 + 19 = 34. Answer: 34.
Differentiate speed and velocity briefly.,"Speed is scalar (magnitude only); velocity is vector (magnitude and direction). Example: 10 m/s east is velocity; 10 m/s is speed. Answer: speed=scalar, velocity=vector."
What is a catalyst?,"A catalyst increases reaction rate by lowering activation energy without being consumed. Answer: speeds up reaction, not consumed."
Rewrite the sentence in active voice: 'The ball was thrown by John.',John threw the ball. Answer: John threw the ball.
Explain Newton's first law with an example.,Newton's first law (law of inertia) states an object remains at rest or moves at constant velocity unless acted on by a net external force. Example: A puck on frictionless ice glides at constant speed. Answer: Law of inertia.
Convert 5967 g to kilograms.,5967 g ÷ 1000 = 5.967 kg. Answer: 5.967 kg.
What is the law of conservation of mass?,"In a closed system, mass is conserved during a chemical reaction; mass of reactants equals mass of products. Answer: mass conserved."
What does a hash map provide on average?,"Average O(1) insert, lookup, and delete via hashing. Answer: O(1) average operations."
Why is the printing press significant?,"It enabled mass production of books, spreading literacy and ideas rapidly across Europe. Answer: mass knowledge spread."
Find the LCM of 191 and 15.,191 = 191; 15 = 3 × 5. LCM = 2865. Answer: 2865.
What was the Renaissance? One sentence.,"A cultural and intellectual revival starting in 14th‑century Italy that emphasized art, science, and humanism. Answer: European cultural revival."
Explain Newton's first law with an example.,Newton's first law (law of inertia) states an object remains at rest or moves at constant velocity unless acted on by a net external force. Example: A puck on frictionless ice glides at constant speed. Answer: Law of inertia.
Summarize in one sentence: 'Photosynthesis is how plants use sunlight to make food...',"Photosynthesis is the process by which plants convert sunlight, water, and carbon dioxide into glucose and oxygen. Answer: concise summary."
Find the LCM of 62 and 186.,62 = 2 × 31; 186 = 2 × 3 × 31. LCM = 186. Answer: 186.
Summarize in one sentence: 'Photosynthesis is how plants use sunlight to make food...',"Photosynthesis is the process by which plants convert sunlight, water, and carbon dioxide into glucose and oxygen. Answer: concise summary."
Why is the printing press significant?,"It enabled mass production of books, spreading literacy and ideas rapidly across Europe. Answer: mass knowledge spread."
Rewrite the sentence in active voice: 'The ball was thrown by John.',John threw the ball. Answer: John threw the ball.
There were 45 apples in a basket. 22 were eaten. How many remain?,Remaining = 45 - 22 = 23. Answer: 23.
Write the prime factorization of 136.,136 = 2 × 2 × 2 × 17. Answer: 2 × 2 × 2 × 17.
Find the GCD of 213 and 104.,"Using the Euclidean algorithm, GCD(213, 104) = 1. Answer: 1."
Rewrite the sentence in active voice: 'The ball was thrown by John.',John threw the ball. Answer: John threw the ball.
Solve for x: 10x + 11 = -17.,10x = -17 - 11 ⇒ x = (-17 - 11)/10 = -2.8. Answer: -2.8.
Rewrite the sentence in active voice: 'The ball was thrown by John.',John threw the ball. Answer: John threw the ball.
What is a catalyst?,"A catalyst increases reaction rate by lowering activation energy without being consumed. Answer: speeds up reaction, not consumed."
What is the law of conservation of mass?,"In a closed system, mass is conserved during a chemical reaction; mass of reactants equals mass of products. Answer: mass conserved."
Explain difference between list and tuple in Python.,"List is mutable; tuple is immutable. Example: lists can append, tuples cannot. Answer: mutability difference."
Summarize in one sentence: 'Photosynthesis is how plants use sunlight to make food...',"Photosynthesis is the process by which plants convert sunlight, water, and carbon dioxide into glucose and oxygen. Answer: concise summary."
Define an acid and a base (Arrhenius).,"Arrhenius acid produces H⁺ in water; base produces OH⁻ in water. Example: HCl (acid), NaOH (base). Answer: H⁺ vs OH⁻ producers."
Explain difference between list and tuple in Python.,"List is mutable; tuple is immutable. Example: lists can append, tuples cannot. Answer: mutability difference."
Explain difference between list and tuple in Python.,"List is mutable; tuple is immutable. Example: lists can append, tuples cannot. Answer: mutability difference."
Convert 9318 cm to meters.,9318 cm ÷ 100 = 93.18 m. Answer: 93.18 m.
Explain difference between list and tuple in Python.,"List is mutable; tuple is immutable. Example: lists can append, tuples cannot. Answer: mutability difference."
Solve for x: 8x + 6 = -10.,8x = -10 - 6 ⇒ x = (-10 - 6)/8 = -2.0. Answer: -2.0.
Explain difference between list and tuple in Python.,"List is mutable; tuple is immutable. Example: lists can append, tuples cannot. Answer: mutability difference."
Explain difference between list and tuple in Python.,"List is mutable; tuple is immutable. Example: lists can append, tuples cannot. Answer: mutability difference."
There were 41 apples in a basket. 12 were eaten. How many remain?,Remaining = 41 - 12 = 29. Answer: 29.
Solve for x: 9x + 11 = -7.,9x = -7 - 11 ⇒ x = (-7 - 11)/9 = -2.0. Answer: -2.0.
Why is the printing press significant?,"It enabled mass production of books, spreading literacy and ideas rapidly across Europe. Answer: mass knowledge spread."
Fix the punctuation: 'Lets eat Grandma',"Let's eat, Grandma. Answer: Let's eat, Grandma."
Convert 7015 m to centimeters.,7015 m × 100 = 701500 cm. Answer: 701500 cm.
What does conservation of energy mean?,"Energy cannot be created or destroyed, only transformed between forms; total energy in an isolated system remains constant. Answer: energy conserved."
Explain what a function does in programming.,A function groups reusable code to perform a task; it can take inputs (parameters) and return outputs. Answer: reusable code block.
What was the Renaissance? One sentence.,"A cultural and intellectual revival starting in 14th‑century Italy that emphasized art, science, and humanism. Answer: European cultural revival."
What was the Renaissance? One sentence.,"A cultural and intellectual revival starting in 14th‑century Italy that emphasized art, science, and humanism. Answer: European cultural revival."
What was the Renaissance? One sentence.,"A cultural and intellectual revival starting in 14th‑century Italy that emphasized art, science, and humanism. Answer: European cultural revival."
Rewrite the sentence in active voice: 'The ball was thrown by John.',John threw the ball. Answer: John threw the ball.
Solve for x: 12x + 12 = -18.,12x = -18 - 12 ⇒ x = (-18 - 12)/12 = -2.5. Answer: -2.5.
Summarize in one sentence: 'Photosynthesis is how plants use sunlight to make food...',"Photosynthesis is the process by which plants convert sunlight, water, and carbon dioxide into glucose and oxygen. Answer: concise summary."
Fix the punctuation: 'Lets eat Grandma',"Let's eat, Grandma. Answer: Let's eat, Grandma."
240 stickers are shared equally among 8 students. How many does each student get?,Each gets = 240 ÷ 8 = 30. Answer: 30.
Differentiate speed and velocity briefly.,"Speed is scalar (magnitude only); velocity is vector (magnitude and direction). Example: 10 m/s east is velocity; 10 m/s is speed. Answer: speed=scalar, velocity=vector."
What was the Renaissance? One sentence.,"A cultural and intellectual revival starting in 14th‑century Italy that emphasized art, science, and humanism. Answer: European cultural revival."
There were 48 apples in a basket. 28 were eaten. How many remain?,Remaining = 48 - 28 = 20. Answer: 20.
Define an acid and a base (Arrhenius).,"Arrhenius acid produces H⁺ in water; base produces OH⁻ in water. Example: HCl (acid), NaOH (base). Answer: H⁺ vs OH⁻ producers."
Explain difference between list and tuple in Python.,"List is mutable; tuple is immutable. Example: lists can append, tuples cannot. Answer: mutability difference."
21 stickers are shared equally among 7 students. How many does each student get?,Each gets = 21 ÷ 7 = 3. Answer: 3.
252 stickers are shared equally among 21 students. How many does each student get?,Each gets = 252 ÷ 21 = 12. Answer: 12.
What was the Renaissance? One sentence.,"A cultural and intellectual revival starting in 14th‑century Italy that emphasized art, science, and humanism. Answer: European cultural revival."
Fix the punctuation: 'Lets eat Grandma',"Let's eat, Grandma. Answer: Let's eat, Grandma."
What is the law of conservation of mass?,"In a closed system, mass is conserved during a chemical reaction; mass of reactants equals mass of products. Answer: mass conserved."
Define an acid and a base (Arrhenius).,"Arrhenius acid produces H⁺ in water; base produces OH⁻ in water. Example: HCl (acid), NaOH (base). Answer: H⁺ vs OH⁻ producers."
A class has 31 boys and 47 girls. How many students are there in total?,Total = 31 + 47 = 78. Answer: 78.
A box has 6 rows of markers with 26 in each row. How many markers are there?,Total = 6 × 26 = 156. Answer: 156.
What was the Renaissance? One sentence.,"A cultural and intellectual revival starting in 14th‑century Italy that emphasized art, science, and humanism. Answer: European cultural revival."
Explain what a function does in programming.,A function groups reusable code to perform a task; it can take inputs (parameters) and return outputs. Answer: reusable code block.
Explain difference between list and tuple in Python.,"List is mutable; tuple is immutable. Example: lists can append, tuples cannot. Answer: mutability difference."
A box has 7 rows of markers with 41 in each row. How many markers are there?,Total = 7 × 41 = 287. Answer: 287.
A box has 5 rows of markers with 34 in each row. How many markers are there?,Total = 5 × 34 = 170. Answer: 170.
Find the LCM of 100 and 95.,100 = 2 × 2 × 5 × 5; 95 = 5 × 19. LCM = 1900. Answer: 1900.
Summarize in one sentence: 'Photosynthesis is how plants use sunlight to make food...',"Photosynthesis is the process by which plants convert sunlight, water, and carbon dioxide into glucose and oxygen. Answer: concise summary."
Write the prime factorization of 207.,207 = 3 × 3 × 23. Answer: 3 × 3 × 23.
Define molar mass.,"Molar mass is the mass of one mole of a substance, in g/mol. Example: H₂O ≈ 18 g/mol. Answer: mass per mole."
There were 37 apples in a basket. 6 were eaten. How many remain?,Remaining = 37 - 6 = 31. Answer: 31.
Define an acid and a base (Arrhenius).,"Arrhenius acid produces H⁺ in water; base produces OH⁻ in water. Example: HCl (acid), NaOH (base). Answer: H⁺ vs OH⁻ producers."
Define molar mass.,"Molar mass is the mass of one mole of a substance, in g/mol. Example: H₂O ≈ 18 g/mol. Answer: mass per mole."
Convert 7840 m to centimeters.,7840 m × 100 = 784000 cm. Answer: 784000 cm.
What was the Renaissance? One sentence.,"A cultural and intellectual revival starting in 14th‑century Italy that emphasized art, science, and humanism. Answer: European cultural revival."
A box has 50 rows of markers with 16 in each row. How many markers are there?,Total = 50 × 16 = 800. Answer: 800.
What does a hash map provide on average?,"Average O(1) insert, lookup, and delete via hashing. Answer: O(1) average operations."
Why is the printing press significant?,"It enabled mass production of books, spreading literacy and ideas rapidly across Europe. Answer: mass knowledge spread."
What is Big-O time for binary search?,Binary search runs in O(log n) time on a sorted array. Answer: O(log n).
Write the prime factorization of 196.,196 = 2 × 2 × 7 × 7. Answer: 2 × 2 × 7 × 7.
Fix the punctuation: 'Lets eat Grandma',"Let's eat, Grandma. Answer: Let's eat, Grandma."
What was the Renaissance? One sentence.,"A cultural and intellectual revival starting in 14th‑century Italy that emphasized art, science, and humanism. Answer: European cultural revival."
Summarize in one sentence: 'Photosynthesis is how plants use sunlight to make food...',"Photosynthesis is the process by which plants convert sunlight, water, and carbon dioxide into glucose and oxygen. Answer: concise summary."
Why is the printing press significant?,"It enabled mass production of books, spreading literacy and ideas rapidly across Europe. Answer: mass knowledge spread."
Summarize in one sentence: 'Photosynthesis is how plants use sunlight to make food...',"Photosynthesis is the process by which plants convert sunlight, water, and carbon dioxide into glucose and oxygen. Answer: concise summary."
What is Big-O time for binary search?,Binary search runs in O(log n) time on a sorted array. Answer: O(log n).
What is a catalyst?,"A catalyst increases reaction rate by lowering activation energy without being consumed. Answer: speeds up reaction, not consumed."
Find the LCM of 102 and 47.,102 = 2 × 3 × 17; 47 = 47. LCM = 4794. Answer: 4794.
What is Big-O time for binary search?,Binary search runs in O(log n) time on a sorted array. Answer: O(log n).
Find the GCD of 143 and 59.,"Using the Euclidean algorithm, GCD(143, 59) = 1. Answer: 1."
There were 33 apples in a basket. 11 were eaten. How many remain?,Remaining = 33 - 11 = 22. Answer: 22.
Define molar mass.,"Molar mass is the mass of one mole of a substance, in g/mol. Example: H₂O ≈ 18 g/mol. Answer: mass per mole."
60 stickers are shared equally among 3 students. How many does each student get?,Each gets = 60 ÷ 3 = 20. Answer: 20.
360 stickers are shared equally among 36 students. How many does each student get?,Each gets = 360 ÷ 36 = 10. Answer: 10.
Explain what a function does in programming.,A function groups reusable code to perform a task; it can take inputs (parameters) and return outputs. Answer: reusable code block.
Summarize in one sentence: 'Photosynthesis is how plants use sunlight to make food...',"Photosynthesis is the process by which plants convert sunlight, water, and carbon dioxide into glucose and oxygen. Answer: concise summary."
There were 20 apples in a basket. 3 were eaten. How many remain?,Remaining = 20 - 3 = 17. Answer: 17.
Find the LCM of 61 and 135.,61 = 61; 135 = 3 × 3 × 3 × 5. LCM = 8235. Answer: 8235.
A box has 23 rows of markers with 28 in each row. How many markers are there?,Total = 23 × 28 = 644. Answer: 644.
946 stickers are shared equally among 43 students. How many does each student get?,Each gets = 946 ÷ 43 = 22. Answer: 22.
Why is the printing press significant?,"It enabled mass production of books, spreading literacy and ideas rapidly across Europe. Answer: mass knowledge spread."
Fix the punctuation: 'Lets eat Grandma',"Let's eat, Grandma. Answer: Let's eat, Grandma."
What was the Renaissance? One sentence.,"A cultural and intellectual revival starting in 14th‑century Italy that emphasized art, science, and humanism. Answer: European cultural revival."
Explain difference between list and tuple in Python.,"List is mutable; tuple is immutable. Example: lists can append, tuples cannot. Answer: mutability difference."
Explain difference between list and tuple in Python.,"List is mutable; tuple is immutable. Example: lists can append, tuples cannot. Answer: mutability difference."
Fix the punctuation: 'Lets eat Grandma',"Let's eat, Grandma. Answer: Let's eat, Grandma."
What is Big-O time for binary search?,Binary search runs in O(log n) time on a sorted array. Answer: O(log n).
Define an acid and a base (Arrhenius).,"Arrhenius acid produces H⁺ in water; base produces OH⁻ in water. Example: HCl (acid), NaOH (base). Answer: H⁺ vs OH⁻ producers."
Explain what a function does in programming.,A function groups reusable code to perform a task; it can take inputs (parameters) and return outputs. Answer: reusable code block.
State Ohm's law and give a simple calculation.,"Ohm's law: V = I R. If I = 2 A and R = 5 Ω, then V = 10 V. Answer: V = IR."
There were 36 apples in a basket. 20 were eaten. How many remain?,Remaining = 36 - 20 = 16. Answer: 16.
State Ohm's law and give a simple calculation.,"Ohm's law: V = I R. If I = 2 A and R = 5 Ω, then V = 10 V. Answer: V = IR."
What does conservation of energy mean?,"Energy cannot be created or destroyed, only transformed between forms; total energy in an isolated system remains constant. Answer: energy conserved."
Find the LCM of 83 and 149.,83 = 83; 149 = 149. LCM = 12367. Answer: 12367.
What is a catalyst?,"A catalyst increases reaction rate by lowering activation energy without being consumed. Answer: speeds up reaction, not consumed."
What does a hash map provide on average?,"Average O(1) insert, lookup, and delete via hashing. Answer: O(1) average operations."
What does conservation of energy mean?,"Energy cannot be created or destroyed, only transformed between forms; total energy in an isolated system remains constant. Answer: energy conserved."
What was the Renaissance? One sentence.,"A cultural and intellectual revival starting in 14th‑century Italy that emphasized art, science, and humanism. Answer: European cultural revival."
There were 24 apples in a basket. 22 were eaten. How many remain?,Remaining = 24 - 22 = 2. Answer: 2.
Explain what a function does in programming.,A function groups reusable code to perform a task; it can take inputs (parameters) and return outputs. Answer: reusable code block.
What was the Renaissance? One sentence.,"A cultural and intellectual revival starting in 14th‑century Italy that emphasized art, science, and humanism. Answer: European cultural revival."
Why is the printing press significant?,"It enabled mass production of books, spreading literacy and ideas rapidly across Europe. Answer: mass knowledge spread."
Find the LCM of 105 and 129.,105 = 3 × 5 × 7; 129 = 3 × 43. LCM = 4515. Answer: 4515.
What is a catalyst?,"A catalyst increases reaction rate by lowering activation energy without being consumed. Answer: speeds up reaction, not consumed."
Explain difference between list and tuple in Python.,"List is mutable; tuple is immutable. Example: lists can append, tuples cannot. Answer: mutability difference."
Convert 8949 m to centimeters.,8949 m × 100 = 894900 cm. Answer: 894900 cm.
What does a hash map provide on average?,"Average O(1) insert, lookup, and delete via hashing. Answer: O(1) average operations."
Fix the punctuation: 'Lets eat Grandma',"Let's eat, Grandma. Answer: Let's eat, Grandma."
What was the Renaissance? One sentence.,"A cultural and intellectual revival starting in 14th‑century Italy that emphasized art, science, and humanism. Answer: European cultural revival."
Why is the printing press significant?,"It enabled mass production of books, spreading literacy and ideas rapidly across Europe. Answer: mass knowledge spread."
What is Big-O time for binary search?,Binary search runs in O(log n) time on a sorted array. Answer: O(log n).
There were 32 apples in a basket. 4 were eaten. How many remain?,Remaining = 32 - 4 = 28. Answer: 28.
A box has 37 rows of markers with 9 in each row. How many markers are there?,Total = 37 × 9 = 333. Answer: 333.
Solve for x: 10x + -6 = 8.,10x = 8 - -6 ⇒ x = (8 - -6)/10 = 1.4. Answer: 1.4.
What is Big-O time for binary search?,Binary search runs in O(log n) time on a sorted array. Answer: O(log n).
What is Big-O time for binary search?,Binary search runs in O(log n) time on a sorted array. Answer: O(log n).
What was the Renaissance? One sentence.,"A cultural and intellectual revival starting in 14th‑century Italy that emphasized art, science, and humanism. Answer: European cultural revival."
What was the Renaissance? One sentence.,"A cultural and intellectual revival starting in 14th‑century Italy that emphasized art, science, and humanism. Answer: European cultural revival."
Explain difference between list and tuple in Python.,"List is mutable; tuple is immutable. Example: lists can append, tuples cannot. Answer: mutability difference."
Find the LCM of 139 and 116.,139 = 139; 116 = 2 × 2 × 29. LCM = 16124. Answer: 16124.
308 stickers are shared equally among 44 students. How many does each student get?,Each gets = 308 ÷ 44 = 7. Answer: 7.
What is a catalyst?,"A catalyst increases reaction rate by lowering activation energy without being consumed. Answer: speeds up reaction, not consumed."
What is Big-O time for binary search?,Binary search runs in O(log n) time on a sorted array. Answer: O(log n).
There were 27 apples in a basket. 25 were eaten. How many remain?,Remaining = 27 - 25 = 2. Answer: 2.
725 stickers are shared equally among 29 students. How many does each student get?,Each gets = 725 ÷ 29 = 25. Answer: 25.
What is Big-O time for binary search?,Binary search runs in O(log n) time on a sorted array. Answer: O(log n).
What does a hash map provide on average?,"Average O(1) insert, lookup, and delete via hashing. Answer: O(1) average operations."
What does a hash map provide on average?,"Average O(1) insert, lookup, and delete via hashing. Answer: O(1) average operations."
Summarize in one sentence: 'Photosynthesis is how plants use sunlight to make food...',"Photosynthesis is the process by which plants convert sunlight, water, and carbon dioxide into glucose and oxygen. Answer: concise summary."
Find the GCD of 229 and 214.,"Using the Euclidean algorithm, GCD(229, 214) = 1. Answer: 1."
Fix the punctuation: 'Lets eat Grandma',"Let's eat, Grandma. Answer: Let's eat, Grandma."
What is the law of conservation of mass?,"In a closed system, mass is conserved during a chemical reaction; mass of reactants equals mass of products. Answer: mass conserved."
A class has 28 boys and 10 girls. How many students are there in total?,Total = 28 + 10 = 38. Answer: 38.
What does conservation of energy mean?,"Energy cannot be created or destroyed, only transformed between forms; total energy in an isolated system remains constant. Answer: energy conserved."
Explain what a function does in programming.,A function groups reusable code to perform a task; it can take inputs (parameters) and return outputs. Answer: reusable code block.
Why is the printing press significant?,"It enabled mass production of books, spreading literacy and ideas rapidly across Europe. Answer: mass knowledge spread."
Find 10% of 242.,10% of 242 = (10/100)×242 = 24.2. Answer: 24.2.
Solve for x: 11x + -3 = 6.,11x = 6 - -3 ⇒ x = (6 - -3)/11 = 0.8181818181818182. Answer: 0.8181818181818182.
Define molar mass.,"Molar mass is the mass of one mole of a substance, in g/mol. Example: H₂O ≈ 18 g/mol. Answer: mass per mole."
Summarize in one sentence: 'Photosynthesis is how plants use sunlight to make food...',"Photosynthesis is the process by which plants convert sunlight, water, and carbon dioxide into glucose and oxygen. Answer: concise summary."
What was the Renaissance? One sentence.,"A cultural and intellectual revival starting in 14th‑century Italy that emphasized art, science, and humanism. Answer: European cultural revival."
State Ohm's law and give a simple calculation.,"Ohm's law: V = I R. If I = 2 A and R = 5 Ω, then V = 10 V. Answer: V = IR."
Fix the punctuation: 'Lets eat Grandma',"Let's eat, Grandma. Answer: Let's eat, Grandma."
Why is the printing press significant?,"It enabled mass production of books, spreading literacy and ideas rapidly across Europe. Answer: mass knowledge spread."
Write the prime factorization of 319.,319 = 11 × 29. Answer: 11 × 29.
Explain what a function does in programming.,A function groups reusable code to perform a task; it can take inputs (parameters) and return outputs. Answer: reusable code block.
Why is the printing press significant?,"It enabled mass production of books, spreading literacy and ideas rapidly across Europe. Answer: mass knowledge spread."
Explain Newton's first law with an example.,Newton's first law (law of inertia) states an object remains at rest or moves at constant velocity unless acted on by a net external force. Example: A puck on frictionless ice glides at constant speed. Answer: Law of inertia.
Find the GCD of 136 and 155.,"Using the Euclidean algorithm, GCD(136, 155) = 1. Answer: 1."
A class has 42 boys and 32 girls. How many students are there in total?,Total = 42 + 32 = 74. Answer: 74.
880 stickers are shared equally among 44 students. How many does each student get?,Each gets = 880 ÷ 44 = 20. Answer: 20.
What is a catalyst?,"A catalyst increases reaction rate by lowering activation energy without being consumed. Answer: speeds up reaction, not consumed."
A class has 43 boys and 17 girls. How many students are there in total?,Total = 43 + 17 = 60. Answer: 60.
Write the prime factorization of 272.,272 = 2 × 2 × 2 × 2 × 17. Answer: 2 × 2 × 2 × 2 × 17.
Find 40% of 235.,40% of 235 = (40/100)×235 = 94.0. Answer: 94.0.
Summarize in one sentence: 'Photosynthesis is how plants use sunlight to make food...',"Photosynthesis is the process by which plants convert sunlight, water, and carbon dioxide into glucose and oxygen. Answer: concise summary."
Fix the punctuation: 'Lets eat Grandma',"Let's eat, Grandma. Answer: Let's eat, Grandma."
A class has 45 boys and 32 girls. How many students are there in total?,Total = 45 + 32 = 77. Answer: 77.
What is Big-O time for binary search?,Binary search runs in O(log n) time on a sorted array. Answer: O(log n).
Explain difference between list and tuple in Python.,"List is mutable; tuple is immutable. Example: lists can append, tuples cannot. Answer: mutability difference."
What was the Renaissance? One sentence.,"A cultural and intellectual revival starting in 14th‑century Italy that emphasized art, science, and humanism. Answer: European cultural revival."
Define an acid and a base (Arrhenius).,"Arrhenius acid produces H⁺ in water; base produces OH⁻ in water. Example: HCl (acid), NaOH (base). Answer: H⁺ vs OH⁻ producers."
Summarize in one sentence: 'Photosynthesis is how plants use sunlight to make food...',"Photosynthesis is the process by which plants convert sunlight, water, and carbon dioxide into glucose and oxygen. Answer: concise summary."
Define an acid and a base (Arrhenius).,"Arrhenius acid produces H⁺ in water; base produces OH⁻ in water. Example: HCl (acid), NaOH (base). Answer: H⁺ vs OH⁻ producers."
Explain Newton's first law with an example.,Newton's first law (law of inertia) states an object remains at rest or moves at constant velocity unless acted on by a net external force. Example: A puck on frictionless ice glides at constant speed. Answer: Law of inertia.
What does a hash map provide on average?,"Average O(1) insert, lookup, and delete via hashing. Answer: O(1) average operations."
Summarize in one sentence: 'Photosynthesis is how plants use sunlight to make food...',"Photosynthesis is the process by which plants convert sunlight, water, and carbon dioxide into glucose and oxygen. Answer: concise summary."
What is Big-O time for binary search?,Binary search runs in O(log n) time on a sorted array. Answer: O(log n).
What does a hash map provide on average?,"Average O(1) insert, lookup, and delete via hashing. Answer: O(1) average operations."
What was the Renaissance? One sentence.,"A cultural and intellectual revival starting in 14th‑century Italy that emphasized art, science, and humanism. Answer: European cultural revival."
What was the Renaissance? One sentence.,"A cultural and intellectual revival starting in 14th‑century Italy that emphasized art, science, and humanism. Answer: European cultural revival."
A class has 13 boys and 50 girls. How many students are there in total?,Total = 13 + 50 = 63. Answer: 63.
What was the Renaissance? One sentence.,"A cultural and intellectual revival starting in 14th‑century Italy that emphasized art, science, and humanism. Answer: European cultural revival."
Why is the printing press significant?,"It enabled mass production of books, spreading literacy and ideas rapidly across Europe. Answer: mass knowledge spread."
What does a hash map provide on average?,"Average O(1) insert, lookup, and delete via hashing. Answer: O(1) average operations."
What does a hash map provide on average?,"Average O(1) insert, lookup, and delete via hashing. Answer: O(1) average operations."
Find 20% of 346.,20% of 346 = (20/100)×346 = 69.2. Answer: 69.2.
Explain Newton's first law with an example.,Newton's first law (law of inertia) states an object remains at rest or moves at constant velocity unless acted on by a net external force. Example: A puck on frictionless ice glides at constant speed. Answer: Law of inertia.
Define molar mass.,"Molar mass is the mass of one mole of a substance, in g/mol. Example: H₂O ≈ 18 g/mol. Answer: mass per mole."
What does a hash map provide on average?,"Average O(1) insert, lookup, and delete via hashing. Answer: O(1) average operations."
Fix the punctuation: 'Lets eat Grandma',"Let's eat, Grandma. Answer: Let's eat, Grandma."
Explain difference between list and tuple in Python.,"List is mutable; tuple is immutable. Example: lists can append, tuples cannot. Answer: mutability difference."
Find the GCD of 81 and 259.,"Using the Euclidean algorithm, GCD(81, 259) = 1. Answer: 1."
What does conservation of energy mean?,"Energy cannot be created or destroyed, only transformed between forms; total energy in an isolated system remains constant. Answer: energy conserved."
What was the Renaissance? One sentence.,"A cultural and intellectual revival starting in 14th‑century Italy that emphasized art, science, and humanism. Answer: European cultural revival."
Fix the punctuation: 'Lets eat Grandma',"Let's eat, Grandma. Answer: Let's eat, Grandma."
Find the LCM of 35 and 6.,35 = 5 × 7; 6 = 2 × 3. LCM = 210. Answer: 210.
Fix the punctuation: 'Lets eat Grandma',"Let's eat, Grandma. Answer: Let's eat, Grandma."
What does a hash map provide on average?,"Average O(1) insert, lookup, and delete via hashing. Answer: O(1) average operations."
What is a catalyst?,"A catalyst increases reaction rate by lowering activation energy without being consumed. Answer: speeds up reaction, not consumed."
Why is the printing press significant?,"It enabled mass production of books, spreading literacy and ideas rapidly across Europe. Answer: mass knowledge spread."
Explain refraction in simple words.,Refraction is the bending of light as it passes between media with different optical density due to speed change. Answer: bending due to speed change.
Convert 1944 cm to meters.,1944 cm ÷ 100 = 19.44 m. Answer: 19.44 m.
State Ohm's law and give a simple calculation.,"Ohm's law: V = I R. If I = 2 A and R = 5 Ω, then V = 10 V. Answer: V = IR."
There were 21 apples in a basket. 16 were eaten. How many remain?,Remaining = 21 - 16 = 5. Answer: 5.
State Ohm's law and give a simple calculation.,"Ohm's law: V = I R. If I = 2 A and R = 5 Ω, then V = 10 V. Answer: V = IR."
Solve for x: 12x + -13 = -16.,12x = -16 - -13 ⇒ x = (-16 - -13)/12 = -0.25. Answer: -0.25.
Solve for x: 7x + -18 = -8.,7x = -8 - -18 ⇒ x = (-8 - -18)/7 = 1.4285714285714286. Answer: 1.4285714285714286.
Find the LCM of 170 and 133.,170 = 2 × 5 × 17; 133 = 7 × 19. LCM = 22610. Answer: 22610.
What was the Renaissance? One sentence.,"A cultural and intellectual revival starting in 14th‑century Italy that emphasized art, science, and humanism. Answer: European cultural revival."
Rewrite the sentence in active voice: 'The ball was thrown by John.',John threw the ball. Answer: John threw the ball.
What is Big-O time for binary search?,Binary search runs in O(log n) time on a sorted array. Answer: O(log n).
Write the prime factorization of 361.,361 = 19 × 19. Answer: 19 × 19.
Find the LCM of 33 and 156.,33 = 3 × 11; 156 = 2 × 2 × 3 × 13. LCM = 1716. Answer: 1716.
What does conservation of energy mean?,"Energy cannot be created or destroyed, only transformed between forms; total energy in an isolated system remains constant. Answer: energy conserved."
Define an acid and a base (Arrhenius).,"Arrhenius acid produces H⁺ in water; base produces OH⁻ in water. Example: HCl (acid), NaOH (base). Answer: H⁺ vs OH⁻ producers."
Find the LCM of 39 and 193.,39 = 3 × 13; 193 = 193. LCM = 7527. Answer: 7527.
What does a hash map provide on average?,"Average O(1) insert, lookup, and delete via hashing. Answer: O(1) average operations."
Explain difference between list and tuple in Python.,"List is mutable; tuple is immutable. Example: lists can append, tuples cannot. Answer: mutability difference."
What was the Renaissance? One sentence.,"A cultural and intellectual revival starting in 14th‑century Italy that emphasized art, science, and humanism. Answer: European cultural revival."
What was the Renaissance? One sentence.,"A cultural and intellectual revival starting in 14th‑century Italy that emphasized art, science, and humanism. Answer: European cultural revival."
Find 35% of 57.,35% of 57 = (35/100)×57 = 19.95. Answer: 19.95.
What does conservation of energy mean?,"Energy cannot be created or destroyed, only transformed between forms; total energy in an isolated system remains constant. Answer: energy conserved."
Explain difference between list and tuple in Python.,"List is mutable; tuple is immutable. Example: lists can append, tuples cannot. Answer: mutability difference."
What was the Renaissance? One sentence.,"A cultural and intellectual revival starting in 14th‑century Italy that emphasized art, science, and humanism. Answer: European cultural revival."
120 stickers are shared equally among 8 students. How many does each student get?,Each gets = 120 ÷ 8 = 15. Answer: 15.
Explain difference between list and tuple in Python.,"List is mutable; tuple is immutable. Example: lists can append, tuples cannot. Answer: mutability difference."
Summarize in one sentence: 'Photosynthesis is how plants use sunlight to make food...',"Photosynthesis is the process by which plants convert sunlight, water, and carbon dioxide into glucose and oxygen. Answer: concise summary."
Find the GCD of 183 and 196.,"Using the Euclidean algorithm, GCD(183, 196) = 1. Answer: 1."
Rewrite the sentence in active voice: 'The ball was thrown by John.',John threw the ball. Answer: John threw the ball.
What was the Renaissance? One sentence.,"A cultural and intellectual revival starting in 14th‑century Italy that emphasized art, science, and humanism. Answer: European cultural revival."
Rewrite the sentence in active voice: 'The ball was thrown by John.',John threw the ball. Answer: John threw the ball.
What is Big-O time for binary search?,Binary search runs in O(log n) time on a sorted array. Answer: O(log n).
Rewrite the sentence in active voice: 'The ball was thrown by John.',John threw the ball. Answer: John threw the ball.
What was the Renaissance? One sentence.,"A cultural and intellectual revival starting in 14th‑century Italy that emphasized art, science, and humanism. Answer: European cultural revival."
Fix the punctuation: 'Lets eat Grandma',"Let's eat, Grandma. Answer: Let's eat, Grandma."
A class has 20 boys and 37 girls. How many students are there in total?,Total = 20 + 37 = 57. Answer: 57.
Write the prime factorization of 272.,272 = 2 × 2 × 2 × 2 × 17. Answer: 2 × 2 × 2 × 2 × 17.
Solve for x: 5x + 9 = 18.,5x = 18 - 9 ⇒ x = (18 - 9)/5 = 1.8. Answer: 1.8.
945 stickers are shared equally among 21 students. How many does each student get?,Each gets = 945 ÷ 21 = 45. Answer: 45.
Define molar mass.,"Molar mass is the mass of one mole of a substance, in g/mol. Example: H₂O ≈ 18 g/mol. Answer: mass per mole."
Fix the punctuation: 'Lets eat Grandma',"Let's eat, Grandma. Answer: Let's eat, Grandma."
Rewrite the sentence in active voice: 'The ball was thrown by John.',John threw the ball. Answer: John threw the ball.
Solve for x: 11x + 3 = -9.,11x = -9 - 3 ⇒ x = (-9 - 3)/11 = -1.0909090909090908. Answer: -1.0909090909090908.
Convert 8056 m to centimeters.,8056 m × 100 = 805600 cm. Answer: 805600 cm.
Solve for x: 8x + 13 = -15.,8x = -15 - 13 ⇒ x = (-15 - 13)/8 = -3.5. Answer: -3.5.
Find the GCD of 204 and 207.,"Using the Euclidean algorithm, GCD(204, 207) = 3. Answer: 3."
There were 39 apples in a basket. 8 were eaten. How many remain?,Remaining = 39 - 8 = 31. Answer: 31.
Write the prime factorization of 121.,121 = 11 × 11. Answer: 11 × 11.
Explain difference between list and tuple in Python.,"List is mutable; tuple is immutable. Example: lists can append, tuples cannot. Answer: mutability difference."
Why is the printing press significant?,"It enabled mass production of books, spreading literacy and ideas rapidly across Europe. Answer: mass knowledge spread."
Find the GCD of 219 and 257.,"Using the Euclidean algorithm, GCD(219, 257) = 1. Answer: 1."
What does a hash map provide on average?,"Average O(1) insert, lookup, and delete via hashing. Answer: O(1) average operations."
648 stickers are shared equally among 27 students. How many does each student get?,Each gets = 648 ÷ 27 = 24. Answer: 24.
1080 stickers are shared equally among 40 students. How many does each student get?,Each gets = 1080 ÷ 40 = 27. Answer: 27.
Why is the printing press significant?,"It enabled mass production of books, spreading literacy and ideas rapidly across Europe. Answer: mass knowledge spread."
What is a catalyst?,"A catalyst increases reaction rate by lowering activation energy without being consumed. Answer: speeds up reaction, not consumed."
Find the LCM of 66 and 127.,66 = 2 × 3 × 11; 127 = 127. LCM = 8382. Answer: 8382.
Rewrite the sentence in active voice: 'The ball was thrown by John.',John threw the ball. Answer: John threw the ball.
A class has 10 boys and 3 girls. How many students are there in total?,Total = 10 + 3 = 13. Answer: 13.
30 stickers are shared equally among 5 students. How many does each student get?,Each gets = 30 ÷ 5 = 6. Answer: 6.
39 stickers are shared equally among 3 students. How many does each student get?,Each gets = 39 ÷ 3 = 13. Answer: 13.
Why is the printing press significant?,"It enabled mass production of books, spreading literacy and ideas rapidly across Europe. Answer: mass knowledge spread."
Explain refraction in simple words.,Refraction is the bending of light as it passes between media with different optical density due to speed change. Answer: bending due to speed change.
What was the Renaissance? One sentence.,"A cultural and intellectual revival starting in 14th‑century Italy that emphasized art, science, and humanism. Answer: European cultural revival."
Convert 8519 g to kilograms.,8519 g ÷ 1000 = 8.519 kg. Answer: 8.519 kg.
Rewrite the sentence in active voice: 'The ball was thrown by John.',John threw the ball. Answer: John threw the ball.
Explain what a function does in programming.,A function groups reusable code to perform a task; it can take inputs (parameters) and return outputs. Answer: reusable code block.
Summarize in one sentence: 'Photosynthesis is how plants use sunlight to make food...',"Photosynthesis is the process by which plants convert sunlight, water, and carbon dioxide into glucose and oxygen. Answer: concise summary."
What does a hash map provide on average?,"Average O(1) insert, lookup, and delete via hashing. Answer: O(1) average operations."
What was the Renaissance? One sentence.,"A cultural and intellectual revival starting in 14th‑century Italy that emphasized art, science, and humanism. Answer: European cultural revival."
Solve for x: 2x + 4 = 8.,2x = 8 - 4 ⇒ x = (8 - 4)/2 = 2.0. Answer: 2.0.
Explain what a function does in programming.,A function groups reusable code to perform a task; it can take inputs (parameters) and return outputs. Answer: reusable code block.
Fix the punctuation: 'Lets eat Grandma',"Let's eat, Grandma. Answer: Let's eat, Grandma."
Find the LCM of 47 and 144.,47 = 47; 144 = 2 × 2 × 2 × 2 × 3 × 3. LCM = 6768. Answer: 6768.
There were 47 apples in a basket. 21 were eaten. How many remain?,Remaining = 47 - 21 = 26. Answer: 26.
Fix the punctuation: 'Lets eat Grandma',"Let's eat, Grandma. Answer: Let's eat, Grandma."
Explain refraction in simple words.,Refraction is the bending of light as it passes between media with different optical density due to speed change. Answer: bending due to speed change.
A class has 26 boys and 33 girls. How many students are there in total?,Total = 26 + 33 = 59. Answer: 59.
Why is the printing press significant?,"It enabled mass production of books, spreading literacy and ideas rapidly across Europe. Answer: mass knowledge spread."
1665 stickers are shared equally among 37 students. How many does each student get?,Each gets = 1665 ÷ 37 = 45. Answer: 45.
Summarize in one sentence: 'Photosynthesis is how plants use sunlight to make food...',"Photosynthesis is the process by which plants convert sunlight, water, and carbon dioxide into glucose and oxygen. Answer: concise summary."
Define molar mass.,"Molar mass is the mass of one mole of a substance, in g/mol. Example: H₂O ≈ 18 g/mol. Answer: mass per mole."
Solve for x: 5x + 11 = 17.,5x = 17 - 11 ⇒ x = (17 - 11)/5 = 1.2. Answer: 1.2.
Summarize in one sentence: 'Photosynthesis is how plants use sunlight to make food...',"Photosynthesis is the process by which plants convert sunlight, water, and carbon dioxide into glucose and oxygen. Answer: concise summary."
A box has 24 rows of markers with 20 in each row. How many markers are there?,Total = 24 × 20 = 480. Answer: 480.
Find the LCM of 153 and 13.,153 = 3 × 3 × 17; 13 = 13. LCM = 1989. Answer: 1989.
Define an acid and a base (Arrhenius).,"Arrhenius acid produces H⁺ in water; base produces OH⁻ in water. Example: HCl (acid), NaOH (base). Answer: H⁺ vs OH⁻ producers."
What is Big-O time for binary search?,Binary search runs in O(log n) time on a sorted array. Answer: O(log n).
A class has 23 boys and 26 girls. How many students are there in total?,Total = 23 + 26 = 49. Answer: 49.
Fix the punctuation: 'Lets eat Grandma',"Let's eat, Grandma. Answer: Let's eat, Grandma."
Explain what a function does in programming.,A function groups reusable code to perform a task; it can take inputs (parameters) and return outputs. Answer: reusable code block.
What is Big-O time for binary search?,Binary search runs in O(log n) time on a sorted array. Answer: O(log n).
There were 17 apples in a basket. 17 were eaten. How many remain?,Remaining = 17 - 17 = 0. Answer: 0.
A class has 21 boys and 39 girls. How many students are there in total?,Total = 21 + 39 = 60. Answer: 60.
A class has 6 boys and 21 girls. How many students are there in total?,Total = 6 + 21 = 27. Answer: 27.
Explain difference between list and tuple in Python.,"List is mutable; tuple is immutable. Example: lists can append, tuples cannot. Answer: mutability difference."
Find 5% of 216.,5% of 216 = (5/100)×216 = 10.8. Answer: 10.8.
Summarize in one sentence: 'Photosynthesis is how plants use sunlight to make food...',"Photosynthesis is the process by which plants convert sunlight, water, and carbon dioxide into glucose and oxygen. Answer: concise summary."
Summarize in one sentence: 'Photosynthesis is how plants use sunlight to make food...',"Photosynthesis is the process by which plants convert sunlight, water, and carbon dioxide into glucose and oxygen. Answer: concise summary."
Why is the printing press significant?,"It enabled mass production of books, spreading literacy and ideas rapidly across Europe. Answer: mass knowledge spread."
What is Big-O time for binary search?,Binary search runs in O(log n) time on a sorted array. Answer: O(log n).
A class has 32 boys and 39 girls. How many students are there in total?,Total = 32 + 39 = 71. Answer: 71.
Explain what a function does in programming.,A function groups reusable code to perform a task; it can take inputs (parameters) and return outputs. Answer: reusable code block.
Why is the printing press significant?,"It enabled mass production of books, spreading literacy and ideas rapidly across Europe. Answer: mass knowledge spread."
What is Big-O time for binary search?,Binary search runs in O(log n) time on a sorted array. Answer: O(log n).
Rewrite the sentence in active voice: 'The ball was thrown by John.',John threw the ball. Answer: John threw the ball.
A box has 45 rows of markers with 15 in each row. How many markers are there?,Total = 45 × 15 = 675. Answer: 675.
Summarize in one sentence: 'Photosynthesis is how plants use sunlight to make food...',"Photosynthesis is the process by which plants convert sunlight, water, and carbon dioxide into glucose and oxygen. Answer: concise summary."
A box has 23 rows of markers with 12 in each row. How many markers are there?,Total = 23 × 12 = 276. Answer: 276.
Explain what a function does in programming.,A function groups reusable code to perform a task; it can take inputs (parameters) and return outputs. Answer: reusable code block.
What is a catalyst?,"A catalyst increases reaction rate by lowering activation energy without being consumed. Answer: speeds up reaction, not consumed."
There were 36 apples in a basket. 6 were eaten. How many remain?,Remaining = 36 - 6 = 30. Answer: 30.
What does a hash map provide on average?,"Average O(1) insert, lookup, and delete via hashing. Answer: O(1) average operations."
Write the prime factorization of 313.,313 = 313. Answer: 313.
Rewrite the sentence in active voice: 'The ball was thrown by John.',John threw the ball. Answer: John threw the ball.
What was the Renaissance? One sentence.,"A cultural and intellectual revival starting in 14th‑century Italy that emphasized art, science, and humanism. Answer: European cultural revival."
A box has 39 rows of markers with 8 in each row. How many markers are there?,Total = 39 × 8 = 312. Answer: 312.
What is Big-O time for binary search?,Binary search runs in O(log n) time on a sorted array. Answer: O(log n).
Why is the printing press significant?,"It enabled mass production of books, spreading literacy and ideas rapidly across Europe. Answer: mass knowledge spread."
Rewrite the sentence in active voice: 'The ball was thrown by John.',John threw the ball. Answer: John threw the ball.
What is Big-O time for binary search?,Binary search runs in O(log n) time on a sorted array. Answer: O(log n).
A box has 21 rows of markers with 34 in each row. How many markers are there?,Total = 21 × 34 = 714. Answer: 714.
Summarize in one sentence: 'Photosynthesis is how plants use sunlight to make food...',"Photosynthesis is the process by which plants convert sunlight, water, and carbon dioxide into glucose and oxygen. Answer: concise summary."
Why is the printing press significant?,"It enabled mass production of books, spreading literacy and ideas rapidly across Europe. Answer: mass knowledge spread."
What is the law of conservation of mass?,"In a closed system, mass is conserved during a chemical reaction; mass of reactants equals mass of products. Answer: mass conserved."
Fix the punctuation: 'Lets eat Grandma',"Let's eat, Grandma. Answer: Let's eat, Grandma."
Why is the printing press significant?,"It enabled mass production of books, spreading literacy and ideas rapidly across Europe. Answer: mass knowledge spread."
There were 50 apples in a basket. 37 were eaten. How many remain?,Remaining = 50 - 37 = 13. Answer: 13.
Convert 8458 cm to meters.,8458 cm ÷ 100 = 84.58 m. Answer: 84.58 m.
Why is the printing press significant?,"It enabled mass production of books, spreading literacy and ideas rapidly across Europe. Answer: mass knowledge spread."
What is a catalyst?,"A catalyst increases reaction rate by lowering activation energy without being consumed. Answer: speeds up reaction, not consumed."
Explain what a function does in programming.,A function groups reusable code to perform a task; it can take inputs (parameters) and return outputs. Answer: reusable code block.
What was the Renaissance? One sentence.,"A cultural and intellectual revival starting in 14th‑century Italy that emphasized art, science, and humanism. Answer: European cultural revival."
What was the Renaissance? One sentence.,"A cultural and intellectual revival starting in 14th‑century Italy that emphasized art, science, and humanism. Answer: European cultural revival."
Explain what a function does in programming.,A function groups reusable code to perform a task; it can take inputs (parameters) and return outputs. Answer: reusable code block.
What does conservation of energy mean?,"Energy cannot be created or destroyed, only transformed between forms; total energy in an isolated system remains constant. Answer: energy conserved."
Explain refraction in simple words.,Refraction is the bending of light as it passes between media with different optical density due to speed change. Answer: bending due to speed change.
Fix the punctuation: 'Lets eat Grandma',"Let's eat, Grandma. Answer: Let's eat, Grandma."
What is Big-O time for binary search?,Binary search runs in O(log n) time on a sorted array. Answer: O(log n).
A box has 15 rows of markers with 28 in each row. How many markers are there?,Total = 15 × 28 = 420. Answer: 420.
Explain difference between list and tuple in Python.,"List is mutable; tuple is immutable. Example: lists can append, tuples cannot. Answer: mutability difference."
Explain difference between list and tuple in Python.,"List is mutable; tuple is immutable. Example: lists can append, tuples cannot. Answer: mutability difference."
Rewrite the sentence in active voice: 'The ball was thrown by John.',John threw the ball. Answer: John threw the ball.
Find the GCD of 100 and 16.,"Using the Euclidean algorithm, GCD(100, 16) = 4. Answer: 4."
Explain refraction in simple words.,Refraction is the bending of light as it passes between media with different optical density due to speed change. Answer: bending due to speed change.
Fix the punctuation: 'Lets eat Grandma',"Let's eat, Grandma. Answer: Let's eat, Grandma."
Why is the printing press significant?,"It enabled mass production of books, spreading literacy and ideas rapidly across Europe. Answer: mass knowledge spread."
Summarize in one sentence: 'Photosynthesis is how plants use sunlight to make food...',"Photosynthesis is the process by which plants convert sunlight, water, and carbon dioxide into glucose and oxygen. Answer: concise summary."
Find the GCD of 83 and 141.,"Using the Euclidean algorithm, GCD(83, 141) = 1. Answer: 1."
Explain Newton's first law with an example.,Newton's first law (law of inertia) states an object remains at rest or moves at constant velocity unless acted on by a net external force. Example: A puck on frictionless ice glides at constant speed. Answer: Law of inertia.
What does a hash map provide on average?,"Average O(1) insert, lookup, and delete via hashing. Answer: O(1) average operations."
A class has 37 boys and 13 girls. How many students are there in total?,Total = 37 + 13 = 50. Answer: 50.
A class has 33 boys and 3 girls. How many students are there in total?,Total = 33 + 3 = 36. Answer: 36.
Write the prime factorization of 328.,328 = 2 × 2 × 2 × 41. Answer: 2 × 2 × 2 × 41.
What is Big-O time for binary search?,Binary search runs in O(log n) time on a sorted array. Answer: O(log n).
Fix the punctuation: 'Lets eat Grandma',"Let's eat, Grandma. Answer: Let's eat, Grandma."
308 stickers are shared equally among 44 students. How many does each student get?,Each gets = 308 ÷ 44 = 7. Answer: 7.
A class has 10 boys and 17 girls. How many students are there in total?,Total = 10 + 17 = 27. Answer: 27.
What was the Renaissance? One sentence.,"A cultural and intellectual revival starting in 14th‑century Italy that emphasized art, science, and humanism. Answer: European cultural revival."
Why is the printing press significant?,"It enabled mass production of books, spreading literacy and ideas rapidly across Europe. Answer: mass knowledge spread."
Rewrite the sentence in active voice: 'The ball was thrown by John.',John threw the ball. Answer: John threw the ball.
Differentiate speed and velocity briefly.,"Speed is scalar (magnitude only); velocity is vector (magnitude and direction). Example: 10 m/s east is velocity; 10 m/s is speed. Answer: speed=scalar, velocity=vector."
What does a hash map provide on average?,"Average O(1) insert, lookup, and delete via hashing. Answer: O(1) average operations."
Why is the printing press significant?,"It enabled mass production of books, spreading literacy and ideas rapidly across Europe. Answer: mass knowledge spread."
833 stickers are shared equally among 49 students. How many does each student get?,Each gets = 833 ÷ 49 = 17. Answer: 17.
State Ohm's law and give a simple calculation.,"Ohm's law: V = I R. If I = 2 A and R = 5 Ω, then V = 10 V. Answer: V = IR."
Find the GCD of 111 and 142.,"Using the Euclidean algorithm, GCD(111, 142) = 1. Answer: 1."
Fix the punctuation: 'Lets eat Grandma',"Let's eat, Grandma. Answer: Let's eat, Grandma."
What is Big-O time for binary search?,Binary search runs in O(log n) time on a sorted array. Answer: O(log n).
Summarize in one sentence: 'Photosynthesis is how plants use sunlight to make food...',"Photosynthesis is the process by which plants convert sunlight, water, and carbon dioxide into glucose and oxygen. Answer: concise summary."
What is Big-O time for binary search?,Binary search runs in O(log n) time on a sorted array. Answer: O(log n).
Explain what a function does in programming.,A function groups reusable code to perform a task; it can take inputs (parameters) and return outputs. Answer: reusable code block.
Summarize in one sentence: 'Photosynthesis is how plants use sunlight to make food...',"Photosynthesis is the process by which plants convert sunlight, water, and carbon dioxide into glucose and oxygen. Answer: concise summary."
Explain refraction in simple words.,Refraction is the bending of light as it passes between media with different optical density due to speed change. Answer: bending due to speed change.
Define an acid and a base (Arrhenius).,"Arrhenius acid produces H⁺ in water; base produces OH⁻ in water. Example: HCl (acid), NaOH (base). Answer: H⁺ vs OH⁻ producers."
Summarize in one sentence: 'Photosynthesis is how plants use sunlight to make food...',"Photosynthesis is the process by which plants convert sunlight, water, and carbon dioxide into glucose and oxygen. Answer: concise summary."
What does a hash map provide on average?,"Average O(1) insert, lookup, and delete via hashing. Answer: O(1) average operations."
Convert 9926 cm to meters.,9926 cm ÷ 100 = 99.26 m. Answer: 99.26 m.
There were 44 apples in a basket. 5 were eaten. How many remain?,Remaining = 44 - 5 = 39. Answer: 39.
Explain what a function does in programming.,A function groups reusable code to perform a task; it can take inputs (parameters) and return outputs. Answer: reusable code block.
What does a hash map provide on average?,"Average O(1) insert, lookup, and delete via hashing. Answer: O(1) average operations."
There were 36 apples in a basket. 9 were eaten. How many remain?,Remaining = 36 - 9 = 27. Answer: 27.
Fix the punctuation: 'Lets eat Grandma',"Let's eat, Grandma. Answer: Let's eat, Grandma."
Solve for x: 5x + -1 = -15.,5x = -15 - -1 ⇒ x = (-15 - -1)/5 = -2.8. Answer: -2.8.
Explain refraction in simple words.,Refraction is the bending of light as it passes between media with different optical density due to speed change. Answer: bending due to speed change.
State Ohm's law and give a simple calculation.,"Ohm's law: V = I R. If I = 2 A and R = 5 Ω, then V = 10 V. Answer: V = IR."
Summarize in one sentence: 'Photosynthesis is how plants use sunlight to make food...',"Photosynthesis is the process by which plants convert sunlight, water, and carbon dioxide into glucose and oxygen. Answer: concise summary."
Explain what a function does in programming.,A function groups reusable code to perform a task; it can take inputs (parameters) and return outputs. Answer: reusable code block.
Write the prime factorization of 61.,61 = 61. Answer: 61.
Fix the punctuation: 'Lets eat Grandma',"Let's eat, Grandma. Answer: Let's eat, Grandma."
644 stickers are shared equally among 28 students. How many does each student get?,Each gets = 644 ÷ 28 = 23. Answer: 23.
Find the GCD of 135 and 261.,"Using the Euclidean algorithm, GCD(135, 261) = 9. Answer: 9."
Write the prime factorization of 235.,235 = 5 × 47. Answer: 5 × 47.
Why is the printing press significant?,"It enabled mass production of books, spreading literacy and ideas rapidly across Europe. Answer: mass knowledge spread."
Summarize in one sentence: 'Photosynthesis is how plants use sunlight to make food...',"Photosynthesis is the process by which plants convert sunlight, water, and carbon dioxide into glucose and oxygen. Answer: concise summary."
Find the LCM of 166 and 166.,166 = 2 × 83; 166 = 2 × 83. LCM = 166. Answer: 166.
What is a catalyst?,"A catalyst increases reaction rate by lowering activation energy without being consumed. Answer: speeds up reaction, not consumed."
20 stickers are shared equally among 10 students. How many does each student get?,Each gets = 20 ÷ 10 = 2. Answer: 2.
Explain refraction in simple words.,Refraction is the bending of light as it passes between media with different optical density due to speed change. Answer: bending due to speed change.
What is Big-O time for binary search?,Binary search runs in O(log n) time on a sorted array. Answer: O(log n).
Find the GCD of 129 and 266.,"Using the Euclidean algorithm, GCD(129, 266) = 1. Answer: 1."
There were 50 apples in a basket. 43 were eaten. How many remain?,Remaining = 50 - 43 = 7. Answer: 7.
Why is the printing press significant?,"It enabled mass production of books, spreading literacy and ideas rapidly across Europe. Answer: mass knowledge spread."
Explain what a function does in programming.,A function groups reusable code to perform a task; it can take inputs (parameters) and return outputs. Answer: reusable code block.
Summarize in one sentence: 'Photosynthesis is how plants use sunlight to make food...',"Photosynthesis is the process by which plants convert sunlight, water, and carbon dioxide into glucose and oxygen. Answer: concise summary."
Explain refraction in simple words.,Refraction is the bending of light as it passes between media with different optical density due to speed change. Answer: bending due to speed change.
Define an acid and a base (Arrhenius).,"Arrhenius acid produces H⁺ in water; base produces OH⁻ in water. Example: HCl (acid), NaOH (base). Answer: H⁺ vs OH⁻ producers."
Explain difference between list and tuple in Python.,"List is mutable; tuple is immutable. Example: lists can append, tuples cannot. Answer: mutability difference."
Solve for x: 6x + -9 = 5.,6x = 5 - -9 ⇒ x = (5 - -9)/6 = 2.3333333333333335. Answer: 2.3333333333333335.
Summarize in one sentence: 'Photosynthesis is how plants use sunlight to make food...',"Photosynthesis is the process by which plants convert sunlight, water, and carbon dioxide into glucose and oxygen. Answer: concise summary."
Explain Newton's first law with an example.,Newton's first law (law of inertia) states an object remains at rest or moves at constant velocity unless acted on by a net external force. Example: A puck on frictionless ice glides at constant speed. Answer: Law of inertia.
Find 40% of 381.,40% of 381 = (40/100)×381 = 152.4. Answer: 152.4.
112 stickers are shared equally among 16 students. How many does each student get?,Each gets = 112 ÷ 16 = 7. Answer: 7.
Explain refraction in simple words.,Refraction is the bending of light as it passes between media with different optical density due to speed change. Answer: bending due to speed change.
60 stickers are shared equally among 12 students. How many does each student get?,Each gets = 60 ÷ 12 = 5. Answer: 5.
Why is the printing press significant?,"It enabled mass production of books, spreading literacy and ideas rapidly across Europe. Answer: mass knowledge spread."
Why is the printing press significant?,"It enabled mass production of books, spreading literacy and ideas rapidly across Europe. Answer: mass knowledge spread."
Differentiate speed and velocity briefly.,"Speed is scalar (magnitude only); velocity is vector (magnitude and direction). Example: 10 m/s east is velocity; 10 m/s is speed. Answer: speed=scalar, velocity=vector."
Explain difference between list and tuple in Python.,"List is mutable; tuple is immutable. Example: lists can append, tuples cannot. Answer: mutability difference."
What was the Renaissance? One sentence.,"A cultural and intellectual revival starting in 14th‑century Italy that emphasized art, science, and humanism. Answer: European cultural revival."
Convert 8616 g to kilograms.,8616 g ÷ 1000 = 8.616 kg. Answer: 8.616 kg.
Summarize in one sentence: 'Photosynthesis is how plants use sunlight to make food...',"Photosynthesis is the process by which plants convert sunlight, water, and carbon dioxide into glucose and oxygen. Answer: concise summary."
Rewrite the sentence in active voice: 'The ball was thrown by John.',John threw the ball. Answer: John threw the ball.
What does conservation of energy mean?,"Energy cannot be created or destroyed, only transformed between forms; total energy in an isolated system remains constant. Answer: energy conserved."
Explain refraction in simple words.,Refraction is the bending of light as it passes between media with different optical density due to speed change. Answer: bending due to speed change.
Explain what a function does in programming.,A function groups reusable code to perform a task; it can take inputs (parameters) and return outputs. Answer: reusable code block.
Rewrite the sentence in active voice: 'The ball was thrown by John.',John threw the ball. Answer: John threw the ball.
Rewrite the sentence in active voice: 'The ball was thrown by John.',John threw the ball. Answer: John threw the ball.
What was the Renaissance? One sentence.,"A cultural and intellectual revival starting in 14th‑century Italy that emphasized art, science, and humanism. Answer: European cultural revival."
Explain difference between list and tuple in Python.,"List is mutable; tuple is immutable. Example: lists can append, tuples cannot. Answer: mutability difference."
Rewrite the sentence in active voice: 'The ball was thrown by John.',John threw the ball. Answer: John threw the ball.
Rewrite the sentence in active voice: 'The ball was thrown by John.',John threw the ball. Answer: John threw the ball.
Write the prime factorization of 154.,154 = 2 × 7 × 11. Answer: 2 × 7 × 11.
What is a catalyst?,"A catalyst increases reaction rate by lowering activation energy without being consumed. Answer: speeds up reaction, not consumed."
Define an acid and a base (Arrhenius).,"Arrhenius acid produces H⁺ in water; base produces OH⁻ in water. Example: HCl (acid), NaOH (base). Answer: H⁺ vs OH⁻ producers."
Why is the printing press significant?,"It enabled mass production of books, spreading literacy and ideas rapidly across Europe. Answer: mass knowledge spread."
Find the LCM of 122 and 36.,122 = 2 × 61; 36 = 2 × 2 × 3 × 3. LCM = 2196. Answer: 2196.
Explain what a function does in programming.,A function groups reusable code to perform a task; it can take inputs (parameters) and return outputs. Answer: reusable code block.
705 stickers are shared equally among 15 students. How many does each student get?,Each gets = 705 ÷ 15 = 47. Answer: 47.
A box has 29 rows of markers with 49 in each row. How many markers are there?,Total = 29 × 49 = 1421. Answer: 1421.
Find the LCM of 144 and 17.,144 = 2 × 2 × 2 × 2 × 3 × 3; 17 = 17. LCM = 2448. Answer: 2448.
Write the prime factorization of 140.,140 = 2 × 2 × 5 × 7. Answer: 2 × 2 × 5 × 7.
Fix the punctuation: 'Lets eat Grandma',"Let's eat, Grandma. Answer: Let's eat, Grandma."
What was the Renaissance? One sentence.,"A cultural and intellectual revival starting in 14th‑century Italy that emphasized art, science, and humanism. Answer: European cultural revival."
Write the prime factorization of 278.,278 = 2 × 139. Answer: 2 × 139.
Why is the printing press significant?,"It enabled mass production of books, spreading literacy and ideas rapidly across Europe. Answer: mass knowledge spread."
Explain what a function does in programming.,A function groups reusable code to perform a task; it can take inputs (parameters) and return outputs. Answer: reusable code block.
A class has 25 boys and 10 girls. How many students are there in total?,Total = 25 + 10 = 35. Answer: 35.
What was the Renaissance? One sentence.,"A cultural and intellectual revival starting in 14th‑century Italy that emphasized art, science, and humanism. Answer: European cultural revival."
Explain difference between list and tuple in Python.,"List is mutable; tuple is immutable. Example: lists can append, tuples cannot. Answer: mutability difference."
Why is the printing press significant?,"It enabled mass production of books, spreading literacy and ideas rapidly across Europe. Answer: mass knowledge spread."
Explain what a function does in programming.,A function groups reusable code to perform a task; it can take inputs (parameters) and return outputs. Answer: reusable code block.
Differentiate speed and velocity briefly.,"Speed is scalar (magnitude only); velocity is vector (magnitude and direction). Example: 10 m/s east is velocity; 10 m/s is speed. Answer: speed=scalar, velocity=vector."
Explain what a function does in programming.,A function groups reusable code to perform a task; it can take inputs (parameters) and return outputs. Answer: reusable code block.
Explain refraction in simple words.,Refraction is the bending of light as it passes between media with different optical density due to speed change. Answer: bending due to speed change.
Write the prime factorization of 42.,42 = 2 × 3 × 7. Answer: 2 × 3 × 7.
What is a catalyst?,"A catalyst increases reaction rate by lowering activation energy without being consumed. Answer: speeds up reaction, not consumed."
What does a hash map provide on average?,"Average O(1) insert, lookup, and delete via hashing. Answer: O(1) average operations."
Fix the punctuation: 'Lets eat Grandma',"Let's eat, Grandma. Answer: Let's eat, Grandma."
What does a hash map provide on average?,"Average O(1) insert, lookup, and delete via hashing. Answer: O(1) average operations."
Why is the printing press significant?,"It enabled mass production of books, spreading literacy and ideas rapidly across Europe. Answer: mass knowledge spread."
Rewrite the sentence in active voice: 'The ball was thrown by John.',John threw the ball. Answer: John threw the ball.
Explain what a function does in programming.,A function groups reusable code to perform a task; it can take inputs (parameters) and return outputs. Answer: reusable code block.
Define molar mass.,"Molar mass is the mass of one mole of a substance, in g/mol. Example: H₂O ≈ 18 g/mol. Answer: mass per mole."
A class has 42 boys and 30 girls. How many students are there in total?,Total = 42 + 30 = 72. Answer: 72.
State Ohm's law and give a simple calculation.,"Ohm's law: V = I R. If I = 2 A and R = 5 Ω, then V = 10 V. Answer: V = IR."
Find the GCD of 95 and 20.,"Using the Euclidean algorithm, GCD(95, 20) = 5. Answer: 5."
Fix the punctuation: 'Lets eat Grandma',"Let's eat, Grandma. Answer: Let's eat, Grandma."
What is a catalyst?,"A catalyst increases reaction rate by lowering activation energy without being consumed. Answer: speeds up reaction, not consumed."
Rewrite the sentence in active voice: 'The ball was thrown by John.',John threw the ball. Answer: John threw the ball.
Rewrite the sentence in active voice: 'The ball was thrown by John.',John threw the ball. Answer: John threw the ball.
Fix the punctuation: 'Lets eat Grandma',"Let's eat, Grandma. Answer: Let's eat, Grandma."
1221 stickers are shared equally among 37 students. How many does each student get?,Each gets = 1221 ÷ 37 = 33. Answer: 33.
Rewrite the sentence in active voice: 'The ball was thrown by John.',John threw the ball. Answer: John threw the ball.
A box has 11 rows of markers with 9 in each row. How many markers are there?,Total = 11 × 9 = 99. Answer: 99.
Find the GCD of 147 and 94.,"Using the Euclidean algorithm, GCD(147, 94) = 1. Answer: 1."
Define molar mass.,"Molar mass is the mass of one mole of a substance, in g/mol. Example: H₂O ≈ 18 g/mol. Answer: mass per mole."
Explain difference between list and tuple in Python.,"List is mutable; tuple is immutable. Example: lists can append, tuples cannot. Answer: mutability difference."
What was the Renaissance? One sentence.,"A cultural and intellectual revival starting in 14th‑century Italy that emphasized art, science, and humanism. Answer: European cultural revival."
What was the Renaissance? One sentence.,"A cultural and intellectual revival starting in 14th‑century Italy that emphasized art, science, and humanism. Answer: European cultural revival."
Rewrite the sentence in active voice: 'The ball was thrown by John.',John threw the ball. Answer: John threw the ball.
What is a catalyst?,"A catalyst increases reaction rate by lowering activation energy without being consumed. Answer: speeds up reaction, not consumed."
A class has 8 boys and 23 girls. How many students are there in total?,Total = 8 + 23 = 31. Answer: 31.
What is Big-O time for binary search?,Binary search runs in O(log n) time on a sorted array. Answer: O(log n).
Fix the punctuation: 'Lets eat Grandma',"Let's eat, Grandma. Answer: Let's eat, Grandma."
What was the Renaissance? One sentence.,"A cultural and intellectual revival starting in 14th‑century Italy that emphasized art, science, and humanism. Answer: European cultural revival."
Explain difference between list and tuple in Python.,"List is mutable; tuple is immutable. Example: lists can append, tuples cannot. Answer: mutability difference."
Find the LCM of 119 and 183.,119 = 7 × 17; 183 = 3 × 61. LCM = 21777. Answer: 21777.
A box has 32 rows of markers with 31 in each row. How many markers are there?,Total = 32 × 31 = 992. Answer: 992.
What was the Renaissance? One sentence.,"A cultural and intellectual revival starting in 14th‑century Italy that emphasized art, science, and humanism. Answer: European cultural revival."
What is Big-O time for binary search?,Binary search runs in O(log n) time on a sorted array. Answer: O(log n).
A box has 41 rows of markers with 30 in each row. How many markers are there?,Total = 41 × 30 = 1230. Answer: 1230.
There were 48 apples in a basket. 38 were eaten. How many remain?,Remaining = 48 - 38 = 10. Answer: 10.
Explain Newton's first law with an example.,Newton's first law (law of inertia) states an object remains at rest or moves at constant velocity unless acted on by a net external force. Example: A puck on frictionless ice glides at constant speed. Answer: Law of inertia.
A class has 20 boys and 22 girls. How many students are there in total?,Total = 20 + 22 = 42. Answer: 42.
222 stickers are shared equally among 6 students. How many does each student get?,Each gets = 222 ÷ 6 = 37. Answer: 37.
Solve for x: 5x + -9 = -5.,5x = -5 - -9 ⇒ x = (-5 - -9)/5 = 0.8. Answer: 0.8.
Rewrite the sentence in active voice: 'The ball was thrown by John.',John threw the ball. Answer: John threw the ball.
Find the GCD of 85 and 200.,"Using the Euclidean algorithm, GCD(85, 200) = 5. Answer: 5."
Fix the punctuation: 'Lets eat Grandma',"Let's eat, Grandma. Answer: Let's eat, Grandma."
There were 50 apples in a basket. 43 were eaten. How many remain?,Remaining = 50 - 43 = 7. Answer: 7.
Write the prime factorization of 271.,271 = 271. Answer: 271.
Summarize in one sentence: 'Photosynthesis is how plants use sunlight to make food...',"Photosynthesis is the process by which plants convert sunlight, water, and carbon dioxide into glucose and oxygen. Answer: concise summary."
Explain difference between list and tuple in Python.,"List is mutable; tuple is immutable. Example: lists can append, tuples cannot. Answer: mutability difference."
What is Big-O time for binary search?,Binary search runs in O(log n) time on a sorted array. Answer: O(log n).
Explain difference between list and tuple in Python.,"List is mutable; tuple is immutable. Example: lists can append, tuples cannot. Answer: mutability difference."
Fix the punctuation: 'Lets eat Grandma',"Let's eat, Grandma. Answer: Let's eat, Grandma."
Fix the punctuation: 'Lets eat Grandma',"Let's eat, Grandma. Answer: Let's eat, Grandma."
Explain what a function does in programming.,A function groups reusable code to perform a task; it can take inputs (parameters) and return outputs. Answer: reusable code block.
Solve for x: 6x + 19 = -9.,6x = -9 - 19 ⇒ x = (-9 - 19)/6 = -4.666666666666667. Answer: -4.666666666666667.
Summarize in one sentence: 'Photosynthesis is how plants use sunlight to make food...',"Photosynthesis is the process by which plants convert sunlight, water, and carbon dioxide into glucose and oxygen. Answer: concise summary."
Rewrite the sentence in active voice: 'The ball was thrown by John.',John threw the ball. Answer: John threw the ball.
Find 30% of 224.,30% of 224 = (30/100)×224 = 67.2. Answer: 67.2.
There were 43 apples in a basket. 16 were eaten. How many remain?,Remaining = 43 - 16 = 27. Answer: 27.
Summarize in one sentence: 'Photosynthesis is how plants use sunlight to make food...',"Photosynthesis is the process by which plants convert sunlight, water, and carbon dioxide into glucose and oxygen. Answer: concise summary."
A class has 43 boys and 35 girls. How many students are there in total?,Total = 43 + 35 = 78. Answer: 78.
Explain what a function does in programming.,A function groups reusable code to perform a task; it can take inputs (parameters) and return outputs. Answer: reusable code block.
Rewrite the sentence in active voice: 'The ball was thrown by John.',John threw the ball. Answer: John threw the ball.
Fix the punctuation: 'Lets eat Grandma',"Let's eat, Grandma. Answer: Let's eat, Grandma."
State Ohm's law and give a simple calculation.,"Ohm's law: V = I R. If I = 2 A and R = 5 Ω, then V = 10 V. Answer: V = IR."
357 stickers are shared equally among 21 students. How many does each student get?,Each gets = 357 ÷ 21 = 17. Answer: 17.
What is Big-O time for binary search?,Binary search runs in O(log n) time on a sorted array. Answer: O(log n).
What was the Renaissance? One sentence.,"A cultural and intellectual revival starting in 14th‑century Italy that emphasized art, science, and humanism. Answer: European cultural revival."
Find 35% of 105.,35% of 105 = (35/100)×105 = 36.75. Answer: 36.75.
Fix the punctuation: 'Lets eat Grandma',"Let's eat, Grandma. Answer: Let's eat, Grandma."
Solve for x: 11x + 16 = -4.,11x = -4 - 16 ⇒ x = (-4 - 16)/11 = -1.8181818181818181. Answer: -1.8181818181818181.
What does a hash map provide on average?,"Average O(1) insert, lookup, and delete via hashing. Answer: O(1) average operations."
What was the Renaissance? One sentence.,"A cultural and intellectual revival starting in 14th‑century Italy that emphasized art, science, and humanism. Answer: European cultural revival."
What was the Renaissance? One sentence.,"A cultural and intellectual revival starting in 14th‑century Italy that emphasized art, science, and humanism. Answer: European cultural revival."
Convert 7584 cm to meters.,7584 cm ÷ 100 = 75.84 m. Answer: 75.84 m.
What is the law of conservation of mass?,"In a closed system, mass is conserved during a chemical reaction; mass of reactants equals mass of products. Answer: mass conserved."
Find the LCM of 108 and 182.,108 = 2 × 2 × 3 × 3 × 3; 182 = 2 × 7 × 13. LCM = 9828. Answer: 9828.
What does a hash map provide on average?,"Average O(1) insert, lookup, and delete via hashing. Answer: O(1) average operations."
Why is the printing press significant?,"It enabled mass production of books, spreading literacy and ideas rapidly across Europe. Answer: mass knowledge spread."
A box has 30 rows of markers with 41 in each row. How many markers are there?,Total = 30 × 41 = 1230. Answer: 1230.
Explain difference between list and tuple in Python.,"List is mutable; tuple is immutable. Example: lists can append, tuples cannot. Answer: mutability difference."
State Ohm's law and give a simple calculation.,"Ohm's law: V = I R. If I = 2 A and R = 5 Ω, then V = 10 V. Answer: V = IR."
Convert 9897 g to kilograms.,9897 g ÷ 1000 = 9.897 kg. Answer: 9.897 kg.
A class has 8 boys and 29 girls. How many students are there in total?,Total = 8 + 29 = 37. Answer: 37.
Solve for x: 2x + -20 = -10.,2x = -10 - -20 ⇒ x = (-10 - -20)/2 = 5.0. Answer: 5.0.
992 stickers are shared equally among 32 students. How many does each student get?,Each gets = 992 ÷ 32 = 31. Answer: 31.
1960 stickers are shared equally among 49 students. How many does each student get?,Each gets = 1960 ÷ 49 = 40. Answer: 40.
What does a hash map provide on average?,"Average O(1) insert, lookup, and delete via hashing. Answer: O(1) average operations."
2070 stickers are shared equally among 45 students. How many does each student get?,Each gets = 2070 ÷ 45 = 46. Answer: 46.
What is Big-O time for binary search?,Binary search runs in O(log n) time on a sorted array. Answer: O(log n).
State Ohm's law and give a simple calculation.,"Ohm's law: V = I R. If I = 2 A and R = 5 Ω, then V = 10 V. Answer: V = IR."
Find the GCD of 59 and 10.,"Using the Euclidean algorithm, GCD(59, 10) = 1. Answer: 1."
There were 14 apples in a basket. 3 were eaten. How many remain?,Remaining = 14 - 3 = 11. Answer: 11.
Summarize in one sentence: 'Photosynthesis is how plants use sunlight to make food...',"Photosynthesis is the process by which plants convert sunlight, water, and carbon dioxide into glucose and oxygen. Answer: concise summary."
What does conservation of energy mean?,"Energy cannot be created or destroyed, only transformed between forms; total energy in an isolated system remains constant. Answer: energy conserved."
Summarize in one sentence: 'Photosynthesis is how plants use sunlight to make food...',"Photosynthesis is the process by which plants convert sunlight, water, and carbon dioxide into glucose and oxygen. Answer: concise summary."
What was the Renaissance? One sentence.,"A cultural and intellectual revival starting in 14th‑century Italy that emphasized art, science, and humanism. Answer: European cultural revival."
Write the prime factorization of 257.,257 = 257. Answer: 257.
What is a catalyst?,"A catalyst increases reaction rate by lowering activation energy without being consumed. Answer: speeds up reaction, not consumed."
Rewrite the sentence in active voice: 'The ball was thrown by John.',John threw the ball. Answer: John threw the ball.
Find the GCD of 80 and 229.,"Using the Euclidean algorithm, GCD(80, 229) = 1. Answer: 1."
Fix the punctuation: 'Lets eat Grandma',"Let's eat, Grandma. Answer: Let's eat, Grandma."
Solve for x: 10x + -5 = -8.,10x = -8 - -5 ⇒ x = (-8 - -5)/10 = -0.3. Answer: -0.3.
Explain what a function does in programming.,A function groups reusable code to perform a task; it can take inputs (parameters) and return outputs. Answer: reusable code block.
Write the prime factorization of 24.,24 = 2 × 2 × 2 × 3. Answer: 2 × 2 × 2 × 3.
Convert 7075 g to kilograms.,7075 g ÷ 1000 = 7.075 kg. Answer: 7.075 kg.
Summarize in one sentence: 'Photosynthesis is how plants use sunlight to make food...',"Photosynthesis is the process by which plants convert sunlight, water, and carbon dioxide into glucose and oxygen. Answer: concise summary."
Why is the printing press significant?,"It enabled mass production of books, spreading literacy and ideas rapidly across Europe. Answer: mass knowledge spread."
Solve for x: 7x + 11 = 12.,7x = 12 - 11 ⇒ x = (12 - 11)/7 = 0.14285714285714285. Answer: 0.14285714285714285.
Why is the printing press significant?,"It enabled mass production of books, spreading literacy and ideas rapidly across Europe. Answer: mass knowledge spread."
Explain Newton's first law with an example.,Newton's first law (law of inertia) states an object remains at rest or moves at constant velocity unless acted on by a net external force. Example: A puck on frictionless ice glides at constant speed. Answer: Law of inertia.
What was the Renaissance? One sentence.,"A cultural and intellectual revival starting in 14th‑century Italy that emphasized art, science, and humanism. Answer: European cultural revival."
Summarize in one sentence: 'Photosynthesis is how plants use sunlight to make food...',"Photosynthesis is the process by which plants convert sunlight, water, and carbon dioxide into glucose and oxygen. Answer: concise summary."
What is Big-O time for binary search?,Binary search runs in O(log n) time on a sorted array. Answer: O(log n).
Explain what a function does in programming.,A function groups reusable code to perform a task; it can take inputs (parameters) and return outputs. Answer: reusable code block.
Rewrite the sentence in active voice: 'The ball was thrown by John.',John threw the ball. Answer: John threw the ball.
Summarize in one sentence: 'Photosynthesis is how plants use sunlight to make food...',"Photosynthesis is the process by which plants convert sunlight, water, and carbon dioxide into glucose and oxygen. Answer: concise summary."
720 stickers are shared equally among 24 students. How many does each student get?,Each gets = 720 ÷ 24 = 30. Answer: 30.
Find the GCD of 149 and 100.,"Using the Euclidean algorithm, GCD(149, 100) = 1. Answer: 1."
Fix the punctuation: 'Lets eat Grandma',"Let's eat, Grandma. Answer: Let's eat, Grandma."
Rewrite the sentence in active voice: 'The ball was thrown by John.',John threw the ball. Answer: John threw the ball.
What was the Renaissance? One sentence.,"A cultural and intellectual revival starting in 14th‑century Italy that emphasized art, science, and humanism. Answer: European cultural revival."
Why is the printing press significant?,"It enabled mass production of books, spreading literacy and ideas rapidly across Europe. Answer: mass knowledge spread."
Why is the printing press significant?,"It enabled mass production of books, spreading literacy and ideas rapidly across Europe. Answer: mass knowledge spread."
Explain refraction in simple words.,Refraction is the bending of light as it passes between media with different optical density due to speed change. Answer: bending due to speed change.
1222 stickers are shared equally among 47 students. How many does each student get?,Each gets = 1222 ÷ 47 = 26. Answer: 26.
A box has 43 rows of markers with 49 in each row. How many markers are there?,Total = 43 × 49 = 2107. Answer: 2107.
Rewrite the sentence in active voice: 'The ball was thrown by John.',John threw the ball. Answer: John threw the ball.
What was the Renaissance? One sentence.,"A cultural and intellectual revival starting in 14th‑century Italy that emphasized art, science, and humanism. Answer: European cultural revival."
What is Big-O time for binary search?,Binary search runs in O(log n) time on a sorted array. Answer: O(log n).
There were 32 apples in a basket. 10 were eaten. How many remain?,Remaining = 32 - 10 = 22. Answer: 22.
State Ohm's law and give a simple calculation.,"Ohm's law: V = I R. If I = 2 A and R = 5 Ω, then V = 10 V. Answer: V = IR."
Why is the printing press significant?,"It enabled mass production of books, spreading literacy and ideas rapidly across Europe. Answer: mass knowledge spread."
Solve for x: 8x + -1 = -5.,8x = -5 - -1 ⇒ x = (-5 - -1)/8 = -0.5. Answer: -0.5.
Define molar mass.,"Molar mass is the mass of one mole of a substance, in g/mol. Example: H₂O ≈ 18 g/mol. Answer: mass per mole."
Find the LCM of 93 and 68.,93 = 3 × 31; 68 = 2 × 2 × 17. LCM = 6324. Answer: 6324.
Explain difference between list and tuple in Python.,"List is mutable; tuple is immutable. Example: lists can append, tuples cannot. Answer: mutability difference."
Define molar mass.,"Molar mass is the mass of one mole of a substance, in g/mol. Example: H₂O ≈ 18 g/mol. Answer: mass per mole."
Find the LCM of 88 and 112.,88 = 2 × 2 × 2 × 11; 112 = 2 × 2 × 2 × 2 × 7. LCM = 1232. Answer: 1232.
Find 10% of 166.,10% of 166 = (10/100)×166 = 16.6. Answer: 16.6.
What was the Renaissance? One sentence.,"A cultural and intellectual revival starting in 14th‑century Italy that emphasized art, science, and humanism. Answer: European cultural revival."
Fix the punctuation: 'Lets eat Grandma',"Let's eat, Grandma. Answer: Let's eat, Grandma."
What does a hash map provide on average?,"Average O(1) insert, lookup, and delete via hashing. Answer: O(1) average operations."
Find 12% of 186.,12% of 186 = (12/100)×186 = 22.32. Answer: 22.32.
A class has 34 boys and 40 girls. How many students are there in total?,Total = 34 + 40 = 74. Answer: 74.
150 stickers are shared equally among 5 students. How many does each student get?,Each gets = 150 ÷ 5 = 30. Answer: 30.
Find the LCM of 158 and 158.,158 = 2 × 79; 158 = 2 × 79. LCM = 158. Answer: 158.
Find 35% of 71.,35% of 71 = (35/100)×71 = 24.85. Answer: 24.85.
Find the GCD of 62 and 107.,"Using the Euclidean algorithm, GCD(62, 107) = 1. Answer: 1."
Explain difference between list and tuple in Python.,"List is mutable; tuple is immutable. Example: lists can append, tuples cannot. Answer: mutability difference."
940 stickers are shared equally among 20 students. How many does each student get?,Each gets = 940 ÷ 20 = 47. Answer: 47.
Why is the printing press significant?,"It enabled mass production of books, spreading literacy and ideas rapidly across Europe. Answer: mass knowledge spread."
A box has 8 rows of markers with 11 in each row. How many markers are there?,Total = 8 × 11 = 88. Answer: 88.
Explain difference between list and tuple in Python.,"List is mutable; tuple is immutable. Example: lists can append, tuples cannot. Answer: mutability difference."
Find the GCD of 226 and 214.,"Using the Euclidean algorithm, GCD(226, 214) = 2. Answer: 2."
Find the GCD of 244 and 176.,"Using the Euclidean algorithm, GCD(244, 176) = 4. Answer: 4."
Explain difference between list and tuple in Python.,"List is mutable; tuple is immutable. Example: lists can append, tuples cannot. Answer: mutability difference."
Write the prime factorization of 210.,210 = 2 × 3 × 5 × 7. Answer: 2 × 3 × 5 × 7.
A box has 50 rows of markers with 28 in each row. How many markers are there?,Total = 50 × 28 = 1400. Answer: 1400.
There were 44 apples in a basket. 17 were eaten. How many remain?,Remaining = 44 - 17 = 27. Answer: 27.
Why is the printing press significant?,"It enabled mass production of books, spreading literacy and ideas rapidly across Europe. Answer: mass knowledge spread."
State Ohm's law and give a simple calculation.,"Ohm's law: V = I R. If I = 2 A and R = 5 Ω, then V = 10 V. Answer: V = IR."
Fix the punctuation: 'Lets eat Grandma',"Let's eat, Grandma. Answer: Let's eat, Grandma."
Fix the punctuation: 'Lets eat Grandma',"Let's eat, Grandma. Answer: Let's eat, Grandma."
Why is the printing press significant?,"It enabled mass production of books, spreading literacy and ideas rapidly across Europe. Answer: mass knowledge spread."
Solve for x: 3x + -20 = 13.,3x = 13 - -20 ⇒ x = (13 - -20)/3 = 11.0. Answer: 11.0.
Find the LCM of 88 and 82.,88 = 2 × 2 × 2 × 11; 82 = 2 × 41. LCM = 3608. Answer: 3608.
Rewrite the sentence in active voice: 'The ball was thrown by John.',John threw the ball. Answer: John threw the ball.
Rewrite the sentence in active voice: 'The ball was thrown by John.',John threw the ball. Answer: John threw the ball.
Rewrite the sentence in active voice: 'The ball was thrown by John.',John threw the ball. Answer: John threw the ball.
A class has 43 boys and 11 girls. How many students are there in total?,Total = 43 + 11 = 54. Answer: 54.
A box has 47 rows of markers with 44 in each row. How many markers are there?,Total = 47 × 44 = 2068. Answer: 2068.
Fix the punctuation: 'Lets eat Grandma',"Let's eat, Grandma. Answer: Let's eat, Grandma."
A box has 46 rows of markers with 37 in each row. How many markers are there?,Total = 46 × 37 = 1702. Answer: 1702.
A box has 49 rows of markers with 22 in each row. How many markers are there?,Total = 49 × 22 = 1078. Answer: 1078.
Write the prime factorization of 290.,290 = 2 × 5 × 29. Answer: 2 × 5 × 29.
What was the Renaissance? One sentence.,"A cultural and intellectual revival starting in 14th‑century Italy that emphasized art, science, and humanism. Answer: European cultural revival."
There were 30 apples in a basket. 27 were eaten. How many remain?,Remaining = 30 - 27 = 3. Answer: 3.
Why is the printing press significant?,"It enabled mass production of books, spreading literacy and ideas rapidly across Europe. Answer: mass knowledge spread."
1032 stickers are shared equally among 24 students. How many does each student get?,Each gets = 1032 ÷ 24 = 43. Answer: 43.
Explain refraction in simple words.,Refraction is the bending of light as it passes between media with different optical density due to speed change. Answer: bending due to speed change.
Find the LCM of 139 and 87.,139 = 139; 87 = 3 × 29. LCM = 12093. Answer: 12093.
Summarize in one sentence: 'Photosynthesis is how plants use sunlight to make food...',"Photosynthesis is the process by which plants convert sunlight, water, and carbon dioxide into glucose and oxygen. Answer: concise summary."
A box has 49 rows of markers with 10 in each row. How many markers are there?,Total = 49 × 10 = 490. Answer: 490.
Differentiate speed and velocity briefly.,"Speed is scalar (magnitude only); velocity is vector (magnitude and direction). Example: 10 m/s east is velocity; 10 m/s is speed. Answer: speed=scalar, velocity=vector."
Why is the printing press significant?,"It enabled mass production of books, spreading literacy and ideas rapidly across Europe. Answer: mass knowledge spread."
Why is the printing press significant?,"It enabled mass production of books, spreading literacy and ideas rapidly across Europe. Answer: mass knowledge spread."
A class has 12 boys and 3 girls. How many students are there in total?,Total = 12 + 3 = 15. Answer: 15.
Why is the printing press significant?,"It enabled mass production of books, spreading literacy and ideas rapidly across Europe. Answer: mass knowledge spread."
Explain refraction in simple words.,Refraction is the bending of light as it passes between media with different optical density due to speed change. Answer: bending due to speed change.
A class has 29 boys and 34 girls. How many students are there in total?,Total = 29 + 34 = 63. Answer: 63.
A box has 5 rows of markers with 25 in each row. How many markers are there?,Total = 5 × 25 = 125. Answer: 125.
A class has 34 boys and 24 girls. How many students are there in total?,Total = 34 + 24 = 58. Answer: 58.
Convert 2044 g to kilograms.,2044 g ÷ 1000 = 2.044 kg. Answer: 2.044 kg.
What is Big-O time for binary search?,Binary search runs in O(log n) time on a sorted array. Answer: O(log n).
Fix the punctuation: 'Lets eat Grandma',"Let's eat, Grandma. Answer: Let's eat, Grandma."
Define molar mass.,"Molar mass is the mass of one mole of a substance, in g/mol. Example: H₂O ≈ 18 g/mol. Answer: mass per mole."
What was the Renaissance? One sentence.,"A cultural and intellectual revival starting in 14th‑century Italy that emphasized art, science, and humanism. Answer: European cultural revival."
What does a hash map provide on average?,"Average O(1) insert, lookup, and delete via hashing. Answer: O(1) average operations."
Explain difference between list and tuple in Python.,"List is mutable; tuple is immutable. Example: lists can append, tuples cannot. Answer: mutability difference."
There were 35 apples in a basket. 26 were eaten. How many remain?,Remaining = 35 - 26 = 9. Answer: 9.
Write the prime factorization of 284.,284 = 2 × 2 × 71. Answer: 2 × 2 × 71.
What was the Renaissance? One sentence.,"A cultural and intellectual revival starting in 14th‑century Italy that emphasized art, science, and humanism. Answer: European cultural revival."
Explain what a function does in programming.,A function groups reusable code to perform a task; it can take inputs (parameters) and return outputs. Answer: reusable code block.
Find the GCD of 219 and 212.,"Using the Euclidean algorithm, GCD(219, 212) = 1. Answer: 1."
Find the LCM of 17 and 110.,17 = 17; 110 = 2 × 5 × 11. LCM = 1870. Answer: 1870.
What is a catalyst?,"A catalyst increases reaction rate by lowering activation energy without being consumed. Answer: speeds up reaction, not consumed."
What is a catalyst?,"A catalyst increases reaction rate by lowering activation energy without being consumed. Answer: speeds up reaction, not consumed."
Write the prime factorization of 366.,366 = 2 × 3 × 61. Answer: 2 × 3 × 61.
Why is the printing press significant?,"It enabled mass production of books, spreading literacy and ideas rapidly across Europe. Answer: mass knowledge spread."
Why is the printing press significant?,"It enabled mass production of books, spreading literacy and ideas rapidly across Europe. Answer: mass knowledge spread."
Explain what a function does in programming.,A function groups reusable code to perform a task; it can take inputs (parameters) and return outputs. Answer: reusable code block.
870 stickers are shared equally among 29 students. How many does each student get?,Each gets = 870 ÷ 29 = 30. Answer: 30.
There were 28 apples in a basket. 12 were eaten. How many remain?,Remaining = 28 - 12 = 16. Answer: 16.
What was the Renaissance? One sentence.,"A cultural and intellectual revival starting in 14th‑century Italy that emphasized art, science, and humanism. Answer: European cultural revival."
Summarize in one sentence: 'Photosynthesis is how plants use sunlight to make food...',"Photosynthesis is the process by which plants convert sunlight, water, and carbon dioxide into glucose and oxygen. Answer: concise summary."
Rewrite the sentence in active voice: 'The ball was thrown by John.',John threw the ball. Answer: John threw the ball.
A class has 34 boys and 35 girls. How many students are there in total?,Total = 34 + 35 = 69. Answer: 69.
465 stickers are shared equally among 15 students. How many does each student get?,Each gets = 465 ÷ 15 = 31. Answer: 31.
Convert 2570 m to centimeters.,2570 m × 100 = 257000 cm. Answer: 257000 cm.
What is Big-O time for binary search?,Binary search runs in O(log n) time on a sorted array. Answer: O(log n).
Why is the printing press significant?,"It enabled mass production of books, spreading literacy and ideas rapidly across Europe. Answer: mass knowledge spread."
Find the LCM of 96 and 148.,96 = 2 × 2 × 2 × 2 × 2 × 3; 148 = 2 × 2 × 37. LCM = 3552. Answer: 3552.
What is Big-O time for binary search?,Binary search runs in O(log n) time on a sorted array. Answer: O(log n).
What was the Renaissance? One sentence.,"A cultural and intellectual revival starting in 14th‑century Italy that emphasized art, science, and humanism. Answer: European cultural revival."
Write the prime factorization of 176.,176 = 2 × 2 × 2 × 2 × 11. Answer: 2 × 2 × 2 × 2 × 11.
What does a hash map provide on average?,"Average O(1) insert, lookup, and delete via hashing. Answer: O(1) average operations."
Explain what a function does in programming.,A function groups reusable code to perform a task; it can take inputs (parameters) and return outputs. Answer: reusable code block.
Find the GCD of 74 and 217.,"Using the Euclidean algorithm, GCD(74, 217) = 1. Answer: 1."
Write the prime factorization of 165.,165 = 3 × 5 × 11. Answer: 3 × 5 × 11.
State Ohm's law and give a simple calculation.,"Ohm's law: V = I R. If I = 2 A and R = 5 Ω, then V = 10 V. Answer: V = IR."
A class has 33 boys and 2 girls. How many students are there in total?,Total = 33 + 2 = 35. Answer: 35.
Why is the printing press significant?,"It enabled mass production of books, spreading literacy and ideas rapidly across Europe. Answer: mass knowledge spread."
Find the LCM of 108 and 125.,108 = 2 × 2 × 3 × 3 × 3; 125 = 5 × 5 × 5. LCM = 13500. Answer: 13500.
Why is the printing press significant?,"It enabled mass production of books, spreading literacy and ideas rapidly across Europe. Answer: mass knowledge spread."
Why is the printing press significant?,"It enabled mass production of books, spreading literacy and ideas rapidly across Europe. Answer: mass knowledge spread."
Explain what a function does in programming.,A function groups reusable code to perform a task; it can take inputs (parameters) and return outputs. Answer: reusable code block.
Summarize in one sentence: 'Photosynthesis is how plants use sunlight to make food...',"Photosynthesis is the process by which plants convert sunlight, water, and carbon dioxide into glucose and oxygen. Answer: concise summary."
What was the Renaissance? One sentence.,"A cultural and intellectual revival starting in 14th‑century Italy that emphasized art, science, and humanism. Answer: European cultural revival."
Define molar mass.,"Molar mass is the mass of one mole of a substance, in g/mol. Example: H₂O ≈ 18 g/mol. Answer: mass per mole."
1550 stickers are shared equally among 31 students. How many does each student get?,Each gets = 1550 ÷ 31 = 50. Answer: 50.
A box has 30 rows of markers with 11 in each row. How many markers are there?,Total = 30 × 11 = 330. Answer: 330.
Find 40% of 390.,40% of 390 = (40/100)×390 = 156.0. Answer: 156.0.
Fix the punctuation: 'Lets eat Grandma',"Let's eat, Grandma. Answer: Let's eat, Grandma."
What is the law of conservation of mass?,"In a closed system, mass is conserved during a chemical reaction; mass of reactants equals mass of products. Answer: mass conserved."
What is Big-O time for binary search?,Binary search runs in O(log n) time on a sorted array. Answer: O(log n).
A box has 30 rows of markers with 49 in each row. How many markers are there?,Total = 30 × 49 = 1470. Answer: 1470.
A class has 7 boys and 12 girls. How many students are there in total?,Total = 7 + 12 = 19. Answer: 19.
Why is the printing press significant?,"It enabled mass production of books, spreading literacy and ideas rapidly across Europe. Answer: mass knowledge spread."
What was the Renaissance? One sentence.,"A cultural and intellectual revival starting in 14th‑century Italy that emphasized art, science, and humanism. Answer: European cultural revival."
There were 37 apples in a basket. 7 were eaten. How many remain?,Remaining = 37 - 7 = 30. Answer: 30.
What was the Renaissance? One sentence.,"A cultural and intellectual revival starting in 14th‑century Italy that emphasized art, science, and humanism. Answer: European cultural revival."
What was the Renaissance? One sentence.,"A cultural and intellectual revival starting in 14th‑century Italy that emphasized art, science, and humanism. Answer: European cultural revival."
Summarize in one sentence: 'Photosynthesis is how plants use sunlight to make food...',"Photosynthesis is the process by which plants convert sunlight, water, and carbon dioxide into glucose and oxygen. Answer: concise summary."
Find the LCM of 170 and 138.,170 = 2 × 5 × 17; 138 = 2 × 3 × 23. LCM = 11730. Answer: 11730.
Explain Newton's first law with an example.,Newton's first law (law of inertia) states an object remains at rest or moves at constant velocity unless acted on by a net external force. Example: A puck on frictionless ice glides at constant speed. Answer: Law of inertia.
Explain difference between list and tuple in Python.,"List is mutable; tuple is immutable. Example: lists can append, tuples cannot. Answer: mutability difference."
What is a catalyst?,"A catalyst increases reaction rate by lowering activation energy without being consumed. Answer: speeds up reaction, not consumed."
Find 20% of 360.,20% of 360 = (20/100)×360 = 72.0. Answer: 72.0.
Summarize in one sentence: 'Photosynthesis is how plants use sunlight to make food...',"Photosynthesis is the process by which plants convert sunlight, water, and carbon dioxide into glucose and oxygen. Answer: concise summary."
Solve for x: 1x + 1 = 7.,1x = 7 - 1 ⇒ x = (7 - 1)/1 = 6.0. Answer: 6.0.
What is the law of conservation of mass?,"In a closed system, mass is conserved during a chemical reaction; mass of reactants equals mass of products. Answer: mass conserved."
Find 25% of 212.,25% of 212 = (25/100)×212 = 53.0. Answer: 53.0.
What is Big-O time for binary search?,Binary search runs in O(log n) time on a sorted array. Answer: O(log n).
Find the LCM of 140 and 45.,140 = 2 × 2 × 5 × 7; 45 = 3 × 3 × 5. LCM = 1260. Answer: 1260.
Explain difference between list and tuple in Python.,"List is mutable; tuple is immutable. Example: lists can append, tuples cannot. Answer: mutability difference."
Explain refraction in simple words.,Refraction is the bending of light as it passes between media with different optical density due to speed change. Answer: bending due to speed change.
Find the GCD of 159 and 210.,"Using the Euclidean algorithm, GCD(159, 210) = 3. Answer: 3."
A box has 12 rows of markers with 5 in each row. How many markers are there?,Total = 12 × 5 = 60. Answer: 60.
Explain Newton's first law with an example.,Newton's first law (law of inertia) states an object remains at rest or moves at constant velocity unless acted on by a net external force. Example: A puck on frictionless ice glides at constant speed. Answer: Law of inertia.
105 stickers are shared equally among 5 students. How many does each student get?,Each gets = 105 ÷ 5 = 21. Answer: 21.
Write the prime factorization of 92.,92 = 2 × 2 × 23. Answer: 2 × 2 × 23.
Fix the punctuation: 'Lets eat Grandma',"Let's eat, Grandma. Answer: Let's eat, Grandma."
Explain what a function does in programming.,A function groups reusable code to perform a task; it can take inputs (parameters) and return outputs. Answer: reusable code block.
Find the LCM of 53 and 63.,53 = 53; 63 = 3 × 3 × 7. LCM = 3339. Answer: 3339.
What was the Renaissance? One sentence.,"A cultural and intellectual revival starting in 14th‑century Italy that emphasized art, science, and humanism. Answer: European cultural revival."
Summarize in one sentence: 'Photosynthesis is how plants use sunlight to make food...',"Photosynthesis is the process by which plants convert sunlight, water, and carbon dioxide into glucose and oxygen. Answer: concise summary."
Why is the printing press significant?,"It enabled mass production of books, spreading literacy and ideas rapidly across Europe. Answer: mass knowledge spread."
Write the prime factorization of 51.,51 = 3 × 17. Answer: 3 × 17.
Explain what a function does in programming.,A function groups reusable code to perform a task; it can take inputs (parameters) and return outputs. Answer: reusable code block.
Why is the printing press significant?,"It enabled mass production of books, spreading literacy and ideas rapidly across Europe. Answer: mass knowledge spread."
Solve for x: 1x + 6 = 20.,1x = 20 - 6 ⇒ x = (20 - 6)/1 = 14.0. Answer: 14.0.
Explain Newton's first law with an example.,Newton's first law (law of inertia) states an object remains at rest or moves at constant velocity unless acted on by a net external force. Example: A puck on frictionless ice glides at constant speed. Answer: Law of inertia.
What is Big-O time for binary search?,Binary search runs in O(log n) time on a sorted array. Answer: O(log n).
Define molar mass.,"Molar mass is the mass of one mole of a substance, in g/mol. Example: H₂O ≈ 18 g/mol. Answer: mass per mole."
210 stickers are shared equally among 10 students. How many does each student get?,Each gets = 210 ÷ 10 = 21. Answer: 21.
Rewrite the sentence in active voice: 'The ball was thrown by John.',John threw the ball. Answer: John threw the ball.
There were 34 apples in a basket. 15 were eaten. How many remain?,Remaining = 34 - 15 = 19. Answer: 19.
Explain difference between list and tuple in Python.,"List is mutable; tuple is immutable. Example: lists can append, tuples cannot. Answer: mutability difference."
Define molar mass.,"Molar mass is the mass of one mole of a substance, in g/mol. Example: H₂O ≈ 18 g/mol. Answer: mass per mole."
Summarize in one sentence: 'Photosynthesis is how plants use sunlight to make food...',"Photosynthesis is the process by which plants convert sunlight, water, and carbon dioxide into glucose and oxygen. Answer: concise summary."
Rewrite the sentence in active voice: 'The ball was thrown by John.',John threw the ball. Answer: John threw the ball.
Solve for x: 10x + -2 = -10.,10x = -10 - -2 ⇒ x = (-10 - -2)/10 = -0.8. Answer: -0.8.
Find the LCM of 125 and 71.,125 = 5 × 5 × 5; 71 = 71. LCM = 8875. Answer: 8875.
Why is the printing press significant?,"It enabled mass production of books, spreading literacy and ideas rapidly across Europe. Answer: mass knowledge spread."
There were 26 apples in a basket. 24 were eaten. How many remain?,Remaining = 26 - 24 = 2. Answer: 2.
Why is the printing press significant?,"It enabled mass production of books, spreading literacy and ideas rapidly across Europe. Answer: mass knowledge spread."
Find the GCD of 275 and 290.,"Using the Euclidean algorithm, GCD(275, 290) = 5. Answer: 5."
Write the prime factorization of 65.,65 = 5 × 13. Answer: 5 × 13.
Summarize in one sentence: 'Photosynthesis is how plants use sunlight to make food...',"Photosynthesis is the process by which plants convert sunlight, water, and carbon dioxide into glucose and oxygen. Answer: concise summary."
Find the GCD of 286 and 145.,"Using the Euclidean algorithm, GCD(286, 145) = 1. Answer: 1."
Rewrite the sentence in active voice: 'The ball was thrown by John.',John threw the ball. Answer: John threw the ball.
Why is the printing press significant?,"It enabled mass production of books, spreading literacy and ideas rapidly across Europe. Answer: mass knowledge spread."
A box has 23 rows of markers with 42 in each row. How many markers are there?,Total = 23 × 42 = 966. Answer: 966.
There were 30 apples in a basket. 19 were eaten. How many remain?,Remaining = 30 - 19 = 11. Answer: 11.
There were 23 apples in a basket. 22 were eaten. How many remain?,Remaining = 23 - 22 = 1. Answer: 1.
Summarize in one sentence: 'Photosynthesis is how plants use sunlight to make food...',"Photosynthesis is the process by which plants convert sunlight, water, and carbon dioxide into glucose and oxygen. Answer: concise summary."
What is Big-O time for binary search?,Binary search runs in O(log n) time on a sorted array. Answer: O(log n).
A class has 10 boys and 43 girls. How many students are there in total?,Total = 10 + 43 = 53. Answer: 53.
Why is the printing press significant?,"It enabled mass production of books, spreading literacy and ideas rapidly across Europe. Answer: mass knowledge spread."
Find the LCM of 174 and 46.,174 = 2 × 3 × 29; 46 = 2 × 23. LCM = 4002. Answer: 4002.
Summarize in one sentence: 'Photosynthesis is how plants use sunlight to make food...',"Photosynthesis is the process by which plants convert sunlight, water, and carbon dioxide into glucose and oxygen. Answer: concise summary."
1551 stickers are shared equally among 47 students. How many does each student get?,Each gets = 1551 ÷ 47 = 33. Answer: 33.
What was the Renaissance? One sentence.,"A cultural and intellectual revival starting in 14th‑century Italy that emphasized art, science, and humanism. Answer: European cultural revival."
A class has 43 boys and 6 girls. How many students are there in total?,Total = 43 + 6 = 49. Answer: 49.
A class has 30 boys and 45 girls. How many students are there in total?,Total = 30 + 45 = 75. Answer: 75.
Explain what a function does in programming.,A function groups reusable code to perform a task; it can take inputs (parameters) and return outputs. Answer: reusable code block.
Why is the printing press significant?,"It enabled mass production of books, spreading literacy and ideas rapidly across Europe. Answer: mass knowledge spread."
Rewrite the sentence in active voice: 'The ball was thrown by John.',John threw the ball. Answer: John threw the ball.
18 stickers are shared equally among 2 students. How many does each student get?,Each gets = 18 ÷ 2 = 9. Answer: 9.
Explain difference between list and tuple in Python.,"List is mutable; tuple is immutable. Example: lists can append, tuples cannot. Answer: mutability difference."
Rewrite the sentence in active voice: 'The ball was thrown by John.',John threw the ball. Answer: John threw the ball.
Explain Newton's first law with an example.,Newton's first law (law of inertia) states an object remains at rest or moves at constant velocity unless acted on by a net external force. Example: A puck on frictionless ice glides at constant speed. Answer: Law of inertia.
What does a hash map provide on average?,"Average O(1) insert, lookup, and delete via hashing. Answer: O(1) average operations."
Differentiate speed and velocity briefly.,"Speed is scalar (magnitude only); velocity is vector (magnitude and direction). Example: 10 m/s east is velocity; 10 m/s is speed. Answer: speed=scalar, velocity=vector."
Why is the printing press significant?,"It enabled mass production of books, spreading literacy and ideas rapidly across Europe. Answer: mass knowledge spread."
256 stickers are shared equally among 16 students. How many does each student get?,Each gets = 256 ÷ 16 = 16. Answer: 16.
What is Big-O time for binary search?,Binary search runs in O(log n) time on a sorted array. Answer: O(log n).
Explain what a function does in programming.,A function groups reusable code to perform a task; it can take inputs (parameters) and return outputs. Answer: reusable code block.
There were 47 apples in a basket. 40 were eaten. How many remain?,Remaining = 47 - 40 = 7. Answer: 7.
Find the GCD of 204 and 58.,"Using the Euclidean algorithm, GCD(204, 58) = 2. Answer: 2."
Explain what a function does in programming.,A function groups reusable code to perform a task; it can take inputs (parameters) and return outputs. Answer: reusable code block.
Define molar mass.,"Molar mass is the mass of one mole of a substance, in g/mol. Example: H₂O ≈ 18 g/mol. Answer: mass per mole."
State Ohm's law and give a simple calculation.,"Ohm's law: V = I R. If I = 2 A and R = 5 Ω, then V = 10 V. Answer: V = IR."
Find 10% of 115.,10% of 115 = (10/100)×115 = 11.5. Answer: 11.5.
Explain refraction in simple words.,Refraction is the bending of light as it passes between media with different optical density due to speed change. Answer: bending due to speed change.
What was the Renaissance? One sentence.,"A cultural and intellectual revival starting in 14th‑century Italy that emphasized art, science, and humanism. Answer: European cultural revival."
Why is the printing press significant?,"It enabled mass production of books, spreading literacy and ideas rapidly across Europe. Answer: mass knowledge spread."
Explain Newton's first law with an example.,Newton's first law (law of inertia) states an object remains at rest or moves at constant velocity unless acted on by a net external force. Example: A puck on frictionless ice glides at constant speed. Answer: Law of inertia.
A box has 45 rows of markers with 36 in each row. How many markers are there?,Total = 45 × 36 = 1620. Answer: 1620.
A class has 37 boys and 31 girls. How many students are there in total?,Total = 37 + 31 = 68. Answer: 68.
Summarize in one sentence: 'Photosynthesis is how plants use sunlight to make food...',"Photosynthesis is the process by which plants convert sunlight, water, and carbon dioxide into glucose and oxygen. Answer: concise summary."
A box has 43 rows of markers with 5 in each row. How many markers are there?,Total = 43 × 5 = 215. Answer: 215.
Fix the punctuation: 'Lets eat Grandma',"Let's eat, Grandma. Answer: Let's eat, Grandma."
What is Big-O time for binary search?,Binary search runs in O(log n) time on a sorted array. Answer: O(log n).
1085 stickers are shared equally among 35 students. How many does each student get?,Each gets = 1085 ÷ 35 = 31. Answer: 31.
What is Big-O time for binary search?,Binary search runs in O(log n) time on a sorted array. Answer: O(log n).
A box has 16 rows of markers with 5 in each row. How many markers are there?,Total = 16 × 5 = 80. Answer: 80.
Summarize in one sentence: 'Photosynthesis is how plants use sunlight to make food...',"Photosynthesis is the process by which plants convert sunlight, water, and carbon dioxide into glucose and oxygen. Answer: concise summary."
Fix the punctuation: 'Lets eat Grandma',"Let's eat, Grandma. Answer: Let's eat, Grandma."
Solve for x: 4x + 1 = -15.,4x = -15 - 1 ⇒ x = (-15 - 1)/4 = -4.0. Answer: -4.0.
What was the Renaissance? One sentence.,"A cultural and intellectual revival starting in 14th‑century Italy that emphasized art, science, and humanism. Answer: European cultural revival."
736 stickers are shared equally among 16 students. How many does each student get?,Each gets = 736 ÷ 16 = 46. Answer: 46.
Find the GCD of 102 and 86.,"Using the Euclidean algorithm, GCD(102, 86) = 2. Answer: 2."
What does a hash map provide on average?,"Average O(1) insert, lookup, and delete via hashing. Answer: O(1) average operations."
Convert 1585 cm to meters.,1585 cm ÷ 100 = 15.85 m. Answer: 15.85 m.
Fix the punctuation: 'Lets eat Grandma',"Let's eat, Grandma. Answer: Let's eat, Grandma."
Find 20% of 370.,20% of 370 = (20/100)×370 = 74.0. Answer: 74.0.
Explain difference between list and tuple in Python.,"List is mutable; tuple is immutable. Example: lists can append, tuples cannot. Answer: mutability difference."
Solve for x: 4x + 1 = -17.,4x = -17 - 1 ⇒ x = (-17 - 1)/4 = -4.5. Answer: -4.5.
Explain difference between list and tuple in Python.,"List is mutable; tuple is immutable. Example: lists can append, tuples cannot. Answer: mutability difference."
Find 30% of 367.,30% of 367 = (30/100)×367 = 110.1. Answer: 110.1.
Convert 7315 m to centimeters.,7315 m × 100 = 731500 cm. Answer: 731500 cm.
Find the LCM of 17 and 10.,17 = 17; 10 = 2 × 5. LCM = 170. Answer: 170.
Fix the punctuation: 'Lets eat Grandma',"Let's eat, Grandma. Answer: Let's eat, Grandma."
A class has 6 boys and 10 girls. How many students are there in total?,Total = 6 + 10 = 16. Answer: 16.
Rewrite the sentence in active voice: 'The ball was thrown by John.',John threw the ball. Answer: John threw the ball.
Explain what a function does in programming.,A function groups reusable code to perform a task; it can take inputs (parameters) and return outputs. Answer: reusable code block.
Find the LCM of 175 and 16.,175 = 5 × 5 × 7; 16 = 2 × 2 × 2 × 2. LCM = 2800. Answer: 2800.
What was the Renaissance? One sentence.,"A cultural and intellectual revival starting in 14th‑century Italy that emphasized art, science, and humanism. Answer: European cultural revival."
Explain what a function does in programming.,A function groups reusable code to perform a task; it can take inputs (parameters) and return outputs. Answer: reusable code block.
Rewrite the sentence in active voice: 'The ball was thrown by John.',John threw the ball. Answer: John threw the ball.
Why is the printing press significant?,"It enabled mass production of books, spreading literacy and ideas rapidly across Europe. Answer: mass knowledge spread."
Explain Newton's first law with an example.,Newton's first law (law of inertia) states an object remains at rest or moves at constant velocity unless acted on by a net external force. Example: A puck on frictionless ice glides at constant speed. Answer: Law of inertia.
Fix the punctuation: 'Lets eat Grandma',"Let's eat, Grandma. Answer: Let's eat, Grandma."
Fix the punctuation: 'Lets eat Grandma',"Let's eat, Grandma. Answer: Let's eat, Grandma."
What was the Renaissance? One sentence.,"A cultural and intellectual revival starting in 14th‑century Italy that emphasized art, science, and humanism. Answer: European cultural revival."
What is Big-O time for binary search?,Binary search runs in O(log n) time on a sorted array. Answer: O(log n).
Summarize in one sentence: 'Photosynthesis is how plants use sunlight to make food...',"Photosynthesis is the process by which plants convert sunlight, water, and carbon dioxide into glucose and oxygen. Answer: concise summary."
Explain difference between list and tuple in Python.,"List is mutable; tuple is immutable. Example: lists can append, tuples cannot. Answer: mutability difference."
Find the LCM of 5 and 154.,5 = 5; 154 = 2 × 7 × 11. LCM = 770. Answer: 770.
There were 39 apples in a basket. 6 were eaten. How many remain?,Remaining = 39 - 6 = 33. Answer: 33.
What was the Renaissance? One sentence.,"A cultural and intellectual revival starting in 14th‑century Italy that emphasized art, science, and humanism. Answer: European cultural revival."
A box has 34 rows of markers with 18 in each row. How many markers are there?,Total = 34 × 18 = 612. Answer: 612.
Fix the punctuation: 'Lets eat Grandma',"Let's eat, Grandma. Answer: Let's eat, Grandma."
There were 41 apples in a basket. 30 were eaten. How many remain?,Remaining = 41 - 30 = 11. Answer: 11.
State Ohm's law and give a simple calculation.,"Ohm's law: V = I R. If I = 2 A and R = 5 Ω, then V = 10 V. Answer: V = IR."
Find the LCM of 34 and 81.,34 = 2 × 17; 81 = 3 × 3 × 3 × 3. LCM = 2754. Answer: 2754.
Why is the printing press significant?,"It enabled mass production of books, spreading literacy and ideas rapidly across Europe. Answer: mass knowledge spread."
Why is the printing press significant?,"It enabled mass production of books, spreading literacy and ideas rapidly across Europe. Answer: mass knowledge spread."
Explain difference between list and tuple in Python.,"List is mutable; tuple is immutable. Example: lists can append, tuples cannot. Answer: mutability difference."
What is a catalyst?,"A catalyst increases reaction rate by lowering activation energy without being consumed. Answer: speeds up reaction, not consumed."
What does a hash map provide on average?,"Average O(1) insert, lookup, and delete via hashing. Answer: O(1) average operations."
What does a hash map provide on average?,"Average O(1) insert, lookup, and delete via hashing. Answer: O(1) average operations."
Find 50% of 350.,50% of 350 = (50/100)×350 = 175.0. Answer: 175.0.
There were 11 apples in a basket. 5 were eaten. How many remain?,Remaining = 11 - 5 = 6. Answer: 6.
What was the Renaissance? One sentence.,"A cultural and intellectual revival starting in 14th‑century Italy that emphasized art, science, and humanism. Answer: European cultural revival."
Fix the punctuation: 'Lets eat Grandma',"Let's eat, Grandma. Answer: Let's eat, Grandma."
What does conservation of energy mean?,"Energy cannot be created or destroyed, only transformed between forms; total energy in an isolated system remains constant. Answer: energy conserved."
A box has 14 rows of markers with 6 in each row. How many markers are there?,Total = 14 × 6 = 84. Answer: 84.
What is a catalyst?,"A catalyst increases reaction rate by lowering activation energy without being consumed. Answer: speeds up reaction, not consumed."
A box has 46 rows of markers with 31 in each row. How many markers are there?,Total = 46 × 31 = 1426. Answer: 1426.
Why is the printing press significant?,"It enabled mass production of books, spreading literacy and ideas rapidly across Europe. Answer: mass knowledge spread."
Why is the printing press significant?,"It enabled mass production of books, spreading literacy and ideas rapidly across Europe. Answer: mass knowledge spread."
Fix the punctuation: 'Lets eat Grandma',"Let's eat, Grandma. Answer: Let's eat, Grandma."
Differentiate speed and velocity briefly.,"Speed is scalar (magnitude only); velocity is vector (magnitude and direction). Example: 10 m/s east is velocity; 10 m/s is speed. Answer: speed=scalar, velocity=vector."
Rewrite the sentence in active voice: 'The ball was thrown by John.',John threw the ball. Answer: John threw the ball.
Rewrite the sentence in active voice: 'The ball was thrown by John.',John threw the ball. Answer: John threw the ball.
Convert 3655 m to centimeters.,3655 m × 100 = 365500 cm. Answer: 365500 cm.
What is a catalyst?,"A catalyst increases reaction rate by lowering activation energy without being consumed. Answer: speeds up reaction, not consumed."
What was the Renaissance? One sentence.,"A cultural and intellectual revival starting in 14th‑century Italy that emphasized art, science, and humanism. Answer: European cultural revival."
What is a catalyst?,"A catalyst increases reaction rate by lowering activation energy without being consumed. Answer: speeds up reaction, not consumed."
1127 stickers are shared equally among 23 students. How many does each student get?,Each gets = 1127 ÷ 23 = 49. Answer: 49.
What is the law of conservation of mass?,"In a closed system, mass is conserved during a chemical reaction; mass of reactants equals mass of products. Answer: mass conserved."
Explain Newton's first law with an example.,Newton's first law (law of inertia) states an object remains at rest or moves at constant velocity unless acted on by a net external force. Example: A puck on frictionless ice glides at constant speed. Answer: Law of inertia.
What is Big-O time for binary search?,Binary search runs in O(log n) time on a sorted array. Answer: O(log n).
Write the prime factorization of 35.,35 = 5 × 7. Answer: 5 × 7.
What was the Renaissance? One sentence.,"A cultural and intellectual revival starting in 14th‑century Italy that emphasized art, science, and humanism. Answer: European cultural revival."
Explain refraction in simple words.,Refraction is the bending of light as it passes between media with different optical density due to speed change. Answer: bending due to speed change.
Rewrite the sentence in active voice: 'The ball was thrown by John.',John threw the ball. Answer: John threw the ball.
A box has 39 rows of markers with 50 in each row. How many markers are there?,Total = 39 × 50 = 1950. Answer: 1950.
Find the LCM of 52 and 52.,52 = 2 × 2 × 13; 52 = 2 × 2 × 13. LCM = 52. Answer: 52.
Explain difference between list and tuple in Python.,"List is mutable; tuple is immutable. Example: lists can append, tuples cannot. Answer: mutability difference."
Explain refraction in simple words.,Refraction is the bending of light as it passes between media with different optical density due to speed change. Answer: bending due to speed change.
There were 23 apples in a basket. 13 were eaten. How many remain?,Remaining = 23 - 13 = 10. Answer: 10.
What does conservation of energy mean?,"Energy cannot be created or destroyed, only transformed between forms; total energy in an isolated system remains constant. Answer: energy conserved."
Find the GCD of 136 and 53.,"Using the Euclidean algorithm, GCD(136, 53) = 1. Answer: 1."
Convert 2249 g to kilograms.,2249 g ÷ 1000 = 2.249 kg. Answer: 2.249 kg.
There were 23 apples in a basket. 9 were eaten. How many remain?,Remaining = 23 - 9 = 14. Answer: 14.
Explain what a function does in programming.,A function groups reusable code to perform a task; it can take inputs (parameters) and return outputs. Answer: reusable code block.
Define an acid and a base (Arrhenius).,"Arrhenius acid produces H⁺ in water; base produces OH⁻ in water. Example: HCl (acid), NaOH (base). Answer: H⁺ vs OH⁻ producers."
Explain difference between list and tuple in Python.,"List is mutable; tuple is immutable. Example: lists can append, tuples cannot. Answer: mutability difference."
Why is the printing press significant?,"It enabled mass production of books, spreading literacy and ideas rapidly across Europe. Answer: mass knowledge spread."
There were 9 apples in a basket. 6 were eaten. How many remain?,Remaining = 9 - 6 = 3. Answer: 3.
What does conservation of energy mean?,"Energy cannot be created or destroyed, only transformed between forms; total energy in an isolated system remains constant. Answer: energy conserved."
Define molar mass.,"Molar mass is the mass of one mole of a substance, in g/mol. Example: H₂O ≈ 18 g/mol. Answer: mass per mole."
Summarize in one sentence: 'Photosynthesis is how plants use sunlight to make food...',"Photosynthesis is the process by which plants convert sunlight, water, and carbon dioxide into glucose and oxygen. Answer: concise summary."
What does a hash map provide on average?,"Average O(1) insert, lookup, and delete via hashing. Answer: O(1) average operations."
Why is the printing press significant?,"It enabled mass production of books, spreading literacy and ideas rapidly across Europe. Answer: mass knowledge spread."
There were 17 apples in a basket. 4 were eaten. How many remain?,Remaining = 17 - 4 = 13. Answer: 13.
Why is the printing press significant?,"It enabled mass production of books, spreading literacy and ideas rapidly across Europe. Answer: mass knowledge spread."
Define an acid and a base (Arrhenius).,"Arrhenius acid produces H⁺ in water; base produces OH⁻ in water. Example: HCl (acid), NaOH (base). Answer: H⁺ vs OH⁻ producers."
Explain Newton's first law with an example.,Newton's first law (law of inertia) states an object remains at rest or moves at constant velocity unless acted on by a net external force. Example: A puck on frictionless ice glides at constant speed. Answer: Law of inertia.
190 stickers are shared equally among 19 students. How many does each student get?,Each gets = 190 ÷ 19 = 10. Answer: 10.
Differentiate speed and velocity briefly.,"Speed is scalar (magnitude only); velocity is vector (magnitude and direction). Example: 10 m/s east is velocity; 10 m/s is speed. Answer: speed=scalar, velocity=vector."
Summarize in one sentence: 'Photosynthesis is how plants use sunlight to make food...',"Photosynthesis is the process by which plants convert sunlight, water, and carbon dioxide into glucose and oxygen. Answer: concise summary."
What was the Renaissance? One sentence.,"A cultural and intellectual revival starting in 14th‑century Italy that emphasized art, science, and humanism. Answer: European cultural revival."
Define molar mass.,"Molar mass is the mass of one mole of a substance, in g/mol. Example: H₂O ≈ 18 g/mol. Answer: mass per mole."
Summarize in one sentence: 'Photosynthesis is how plants use sunlight to make food...',"Photosynthesis is the process by which plants convert sunlight, water, and carbon dioxide into glucose and oxygen. Answer: concise summary."
Why is the printing press significant?,"It enabled mass production of books, spreading literacy and ideas rapidly across Europe. Answer: mass knowledge spread."
Summarize in one sentence: 'Photosynthesis is how plants use sunlight to make food...',"Photosynthesis is the process by which plants convert sunlight, water, and carbon dioxide into glucose and oxygen. Answer: concise summary."
Rewrite the sentence in active voice: 'The ball was thrown by John.',John threw the ball. Answer: John threw the ball.
What does a hash map provide on average?,"Average O(1) insert, lookup, and delete via hashing. Answer: O(1) average operations."
Why is the printing press significant?,"It enabled mass production of books, spreading literacy and ideas rapidly across Europe. Answer: mass knowledge spread."
A box has 33 rows of markers with 32 in each row. How many markers are there?,Total = 33 × 32 = 1056. Answer: 1056.
Why is the printing press significant?,"It enabled mass production of books, spreading literacy and ideas rapidly across Europe. Answer: mass knowledge spread."
A class has 39 boys and 43 girls. How many students are there in total?,Total = 39 + 43 = 82. Answer: 82.
What does conservation of energy mean?,"Energy cannot be created or destroyed, only transformed between forms; total energy in an isolated system remains constant. Answer: energy conserved."
What is a catalyst?,"A catalyst increases reaction rate by lowering activation energy without being consumed. Answer: speeds up reaction, not consumed."
What is the law of conservation of mass?,"In a closed system, mass is conserved during a chemical reaction; mass of reactants equals mass of products. Answer: mass conserved."
Explain refraction in simple words.,Refraction is the bending of light as it passes between media with different optical density due to speed change. Answer: bending due to speed change.
Fix the punctuation: 'Lets eat Grandma',"Let's eat, Grandma. Answer: Let's eat, Grandma."
What was the Renaissance? One sentence.,"A cultural and intellectual revival starting in 14th‑century Italy that emphasized art, science, and humanism. Answer: European cultural revival."
What does a hash map provide on average?,"Average O(1) insert, lookup, and delete via hashing. Answer: O(1) average operations."
What was the Renaissance? One sentence.,"A cultural and intellectual revival starting in 14th‑century Italy that emphasized art, science, and humanism. Answer: European cultural revival."
Differentiate speed and velocity briefly.,"Speed is scalar (magnitude only); velocity is vector (magnitude and direction). Example: 10 m/s east is velocity; 10 m/s is speed. Answer: speed=scalar, velocity=vector."
Explain what a function does in programming.,A function groups reusable code to perform a task; it can take inputs (parameters) and return outputs. Answer: reusable code block.
Why is the printing press significant?,"It enabled mass production of books, spreading literacy and ideas rapidly across Europe. Answer: mass knowledge spread."
Explain Newton's first law with an example.,Newton's first law (law of inertia) states an object remains at rest or moves at constant velocity unless acted on by a net external force. Example: A puck on frictionless ice glides at constant speed. Answer: Law of inertia.
Summarize in one sentence: 'Photosynthesis is how plants use sunlight to make food...',"Photosynthesis is the process by which plants convert sunlight, water, and carbon dioxide into glucose and oxygen. Answer: concise summary."
Why is the printing press significant?,"It enabled mass production of books, spreading literacy and ideas rapidly across Europe. Answer: mass knowledge spread."
Fix the punctuation: 'Lets eat Grandma',"Let's eat, Grandma. Answer: Let's eat, Grandma."
Fix the punctuation: 'Lets eat Grandma',"Let's eat, Grandma. Answer: Let's eat, Grandma."
Fix the punctuation: 'Lets eat Grandma',"Let's eat, Grandma. Answer: Let's eat, Grandma."
Fix the punctuation: 'Lets eat Grandma',"Let's eat, Grandma. Answer: Let's eat, Grandma."
Explain what a function does in programming.,A function groups reusable code to perform a task; it can take inputs (parameters) and return outputs. Answer: reusable code block.
Find the GCD of 228 and 121.,"Using the Euclidean algorithm, GCD(228, 121) = 1. Answer: 1."
What is Big-O time for binary search?,Binary search runs in O(log n) time on a sorted array. Answer: O(log n).
What is Big-O time for binary search?,Binary search runs in O(log n) time on a sorted array. Answer: O(log n).
What is Big-O time for binary search?,Binary search runs in O(log n) time on a sorted array. Answer: O(log n).
Explain difference between list and tuple in Python.,"List is mutable; tuple is immutable. Example: lists can append, tuples cannot. Answer: mutability difference."
Find the LCM of 20 and 94.,20 = 2 × 2 × 5; 94 = 2 × 47. LCM = 940. Answer: 940.
Find 20% of 152.,20% of 152 = (20/100)×152 = 30.4. Answer: 30.4.
Define an acid and a base (Arrhenius).,"Arrhenius acid produces H⁺ in water; base produces OH⁻ in water. Example: HCl (acid), NaOH (base). Answer: H⁺ vs OH⁻ producers."
What does a hash map provide on average?,"Average O(1) insert, lookup, and delete via hashing. Answer: O(1) average operations."
There were 45 apples in a basket. 19 were eaten. How many remain?,Remaining = 45 - 19 = 26. Answer: 26.
A box has 40 rows of markers with 10 in each row. How many markers are there?,Total = 40 × 10 = 400. Answer: 400.
Write the prime factorization of 164.,164 = 2 × 2 × 41. Answer: 2 × 2 × 41.
Explain what a function does in programming.,A function groups reusable code to perform a task; it can take inputs (parameters) and return outputs. Answer: reusable code block.
Summarize in one sentence: 'Photosynthesis is how plants use sunlight to make food...',"Photosynthesis is the process by which plants convert sunlight, water, and carbon dioxide into glucose and oxygen. Answer: concise summary."
There were 32 apples in a basket. 2 were eaten. How many remain?,Remaining = 32 - 2 = 30. Answer: 30.
Rewrite the sentence in active voice: 'The ball was thrown by John.',John threw the ball. Answer: John threw the ball.
What does conservation of energy mean?,"Energy cannot be created or destroyed, only transformed between forms; total energy in an isolated system remains constant. Answer: energy conserved."
Rewrite the sentence in active voice: 'The ball was thrown by John.',John threw the ball. Answer: John threw the ball.
Why is the printing press significant?,"It enabled mass production of books, spreading literacy and ideas rapidly across Europe. Answer: mass knowledge spread."
A class has 31 boys and 23 girls. How many students are there in total?,Total = 31 + 23 = 54. Answer: 54.
Explain difference between list and tuple in Python.,"List is mutable; tuple is immutable. Example: lists can append, tuples cannot. Answer: mutability difference."
Summarize in one sentence: 'Photosynthesis is how plants use sunlight to make food...',"Photosynthesis is the process by which plants convert sunlight, water, and carbon dioxide into glucose and oxygen. Answer: concise summary."
Rewrite the sentence in active voice: 'The ball was thrown by John.',John threw the ball. Answer: John threw the ball.
Fix the punctuation: 'Lets eat Grandma',"Let's eat, Grandma. Answer: Let's eat, Grandma."
What was the Renaissance? One sentence.,"A cultural and intellectual revival starting in 14th‑century Italy that emphasized art, science, and humanism. Answer: European cultural revival."
Explain difference between list and tuple in Python.,"List is mutable; tuple is immutable. Example: lists can append, tuples cannot. Answer: mutability difference."
What was the Renaissance? One sentence.,"A cultural and intellectual revival starting in 14th‑century Italy that emphasized art, science, and humanism. Answer: European cultural revival."
What is Big-O time for binary search?,Binary search runs in O(log n) time on a sorted array. Answer: O(log n).
Summarize in one sentence: 'Photosynthesis is how plants use sunlight to make food...',"Photosynthesis is the process by which plants convert sunlight, water, and carbon dioxide into glucose and oxygen. Answer: concise summary."
What does a hash map provide on average?,"Average O(1) insert, lookup, and delete via hashing. Answer: O(1) average operations."
What is the law of conservation of mass?,"In a closed system, mass is conserved during a chemical reaction; mass of reactants equals mass of products. Answer: mass conserved."
Summarize in one sentence: 'Photosynthesis is how plants use sunlight to make food...',"Photosynthesis is the process by which plants convert sunlight, water, and carbon dioxide into glucose and oxygen. Answer: concise summary."
Summarize in one sentence: 'Photosynthesis is how plants use sunlight to make food...',"Photosynthesis is the process by which plants convert sunlight, water, and carbon dioxide into glucose and oxygen. Answer: concise summary."
Why is the printing press significant?,"It enabled mass production of books, spreading literacy and ideas rapidly across Europe. Answer: mass knowledge spread."
What is Big-O time for binary search?,Binary search runs in O(log n) time on a sorted array. Answer: O(log n).
What was the Renaissance? One sentence.,"A cultural and intellectual revival starting in 14th‑century Italy that emphasized art, science, and humanism. Answer: European cultural revival."
State Ohm's law and give a simple calculation.,"Ohm's law: V = I R. If I = 2 A and R = 5 Ω, then V = 10 V. Answer: V = IR."
Explain what a function does in programming.,A function groups reusable code to perform a task; it can take inputs (parameters) and return outputs. Answer: reusable code block.
Rewrite the sentence in active voice: 'The ball was thrown by John.',John threw the ball. Answer: John threw the ball.
Rewrite the sentence in active voice: 'The ball was thrown by John.',John threw the ball. Answer: John threw the ball.
Why is the printing press significant?,"It enabled mass production of books, spreading literacy and ideas rapidly across Europe. Answer: mass knowledge spread."
What is a catalyst?,"A catalyst increases reaction rate by lowering activation energy without being consumed. Answer: speeds up reaction, not consumed."
Write the prime factorization of 311.,311 = 311. Answer: 311.
Summarize in one sentence: 'Photosynthesis is how plants use sunlight to make food...',"Photosynthesis is the process by which plants convert sunlight, water, and carbon dioxide into glucose and oxygen. Answer: concise summary."
What is Big-O time for binary search?,Binary search runs in O(log n) time on a sorted array. Answer: O(log n).
Differentiate speed and velocity briefly.,"Speed is scalar (magnitude only); velocity is vector (magnitude and direction). Example: 10 m/s east is velocity; 10 m/s is speed. Answer: speed=scalar, velocity=vector."
A class has 37 boys and 13 girls. How many students are there in total?,Total = 37 + 13 = 50. Answer: 50.
A class has 40 boys and 33 girls. How many students are there in total?,Total = 40 + 33 = 73. Answer: 73.
What does conservation of energy mean?,"Energy cannot be created or destroyed, only transformed between forms; total energy in an isolated system remains constant. Answer: energy conserved."
Solve for x: 5x + -7 = -6.,5x = -6 - -7 ⇒ x = (-6 - -7)/5 = 0.2. Answer: 0.2.
What is Big-O time for binary search?,Binary search runs in O(log n) time on a sorted array. Answer: O(log n).
Rewrite the sentence in active voice: 'The ball was thrown by John.',John threw the ball. Answer: John threw the ball.
What is Big-O time for binary search?,Binary search runs in O(log n) time on a sorted array. Answer: O(log n).
Define an acid and a base (Arrhenius).,"Arrhenius acid produces H⁺ in water; base produces OH⁻ in water. Example: HCl (acid), NaOH (base). Answer: H⁺ vs OH⁻ producers."
Fix the punctuation: 'Lets eat Grandma',"Let's eat, Grandma. Answer: Let's eat, Grandma."
Differentiate speed and velocity briefly.,"Speed is scalar (magnitude only); velocity is vector (magnitude and direction). Example: 10 m/s east is velocity; 10 m/s is speed. Answer: speed=scalar, velocity=vector."
Define molar mass.,"Molar mass is the mass of one mole of a substance, in g/mol. Example: H₂O ≈ 18 g/mol. Answer: mass per mole."
Fix the punctuation: 'Lets eat Grandma',"Let's eat, Grandma. Answer: Let's eat, Grandma."
There were 26 apples in a basket. 6 were eaten. How many remain?,Remaining = 26 - 6 = 20. Answer: 20.
What does conservation of energy mean?,"Energy cannot be created or destroyed, only transformed between forms; total energy in an isolated system remains constant. Answer: energy conserved."
Explain what a function does in programming.,A function groups reusable code to perform a task; it can take inputs (parameters) and return outputs. Answer: reusable code block.
There were 44 apples in a basket. 32 were eaten. How many remain?,Remaining = 44 - 32 = 12. Answer: 12.
Why is the printing press significant?,"It enabled mass production of books, spreading literacy and ideas rapidly across Europe. Answer: mass knowledge spread."
What was the Renaissance? One sentence.,"A cultural and intellectual revival starting in 14th‑century Italy that emphasized art, science, and humanism. Answer: European cultural revival."
Why is the printing press significant?,"It enabled mass production of books, spreading literacy and ideas rapidly across Europe. Answer: mass knowledge spread."
Explain difference between list and tuple in Python.,"List is mutable; tuple is immutable. Example: lists can append, tuples cannot. Answer: mutability difference."
Find the GCD of 230 and 34.,"Using the Euclidean algorithm, GCD(230, 34) = 2. Answer: 2."
Summarize in one sentence: 'Photosynthesis is how plants use sunlight to make food...',"Photosynthesis is the process by which plants convert sunlight, water, and carbon dioxide into glucose and oxygen. Answer: concise summary."
Define molar mass.,"Molar mass is the mass of one mole of a substance, in g/mol. Example: H₂O ≈ 18 g/mol. Answer: mass per mole."
Explain what a function does in programming.,A function groups reusable code to perform a task; it can take inputs (parameters) and return outputs. Answer: reusable code block.
Fix the punctuation: 'Lets eat Grandma',"Let's eat, Grandma. Answer: Let's eat, Grandma."
What was the Renaissance? One sentence.,"A cultural and intellectual revival starting in 14th‑century Italy that emphasized art, science, and humanism. Answer: European cultural revival."
140 stickers are shared equally among 7 students. How many does each student get?,Each gets = 140 ÷ 7 = 20. Answer: 20.
What does a hash map provide on average?,"Average O(1) insert, lookup, and delete via hashing. Answer: O(1) average operations."
Summarize in one sentence: 'Photosynthesis is how plants use sunlight to make food...',"Photosynthesis is the process by which plants convert sunlight, water, and carbon dioxide into glucose and oxygen. Answer: concise summary."
What is the law of conservation of mass?,"In a closed system, mass is conserved during a chemical reaction; mass of reactants equals mass of products. Answer: mass conserved."
State Ohm's law and give a simple calculation.,"Ohm's law: V = I R. If I = 2 A and R = 5 Ω, then V = 10 V. Answer: V = IR."
Why is the printing press significant?,"It enabled mass production of books, spreading literacy and ideas rapidly across Europe. Answer: mass knowledge spread."
Fix the punctuation: 'Lets eat Grandma',"Let's eat, Grandma. Answer: Let's eat, Grandma."
A class has 13 boys and 46 girls. How many students are there in total?,Total = 13 + 46 = 59. Answer: 59.
Summarize in one sentence: 'Photosynthesis is how plants use sunlight to make food...',"Photosynthesis is the process by which plants convert sunlight, water, and carbon dioxide into glucose and oxygen. Answer: concise summary."
Find the GCD of 82 and 142.,"Using the Euclidean algorithm, GCD(82, 142) = 2. Answer: 2."
A class has 36 boys and 20 girls. How many students are there in total?,Total = 36 + 20 = 56. Answer: 56.
There were 48 apples in a basket. 48 were eaten. How many remain?,Remaining = 48 - 48 = 0. Answer: 0.
Fix the punctuation: 'Lets eat Grandma',"Let's eat, Grandma. Answer: Let's eat, Grandma."
What was the Renaissance? One sentence.,"A cultural and intellectual revival starting in 14th‑century Italy that emphasized art, science, and humanism. Answer: European cultural revival."
What is Big-O time for binary search?,Binary search runs in O(log n) time on a sorted array. Answer: O(log n).
Find 25% of 216.,25% of 216 = (25/100)×216 = 54.0. Answer: 54.0.
Rewrite the sentence in active voice: 'The ball was thrown by John.',John threw the ball. Answer: John threw the ball.
Explain difference between list and tuple in Python.,"List is mutable; tuple is immutable. Example: lists can append, tuples cannot. Answer: mutability difference."
What was the Renaissance? One sentence.,"A cultural and intellectual revival starting in 14th‑century Italy that emphasized art, science, and humanism. Answer: European cultural revival."
Rewrite the sentence in active voice: 'The ball was thrown by John.',John threw the ball. Answer: John threw the ball.
Convert 7568 g to kilograms.,7568 g ÷ 1000 = 7.568 kg. Answer: 7.568 kg.
Explain what a function does in programming.,A function groups reusable code to perform a task; it can take inputs (parameters) and return outputs. Answer: reusable code block.
What is the law of conservation of mass?,"In a closed system, mass is conserved during a chemical reaction; mass of reactants equals mass of products. Answer: mass conserved."
Find the LCM of 66 and 31.,66 = 2 × 3 × 11; 31 = 31. LCM = 2046. Answer: 2046.
220 stickers are shared equally among 10 students. How many does each student get?,Each gets = 220 ÷ 10 = 22. Answer: 22.
Fix the punctuation: 'Lets eat Grandma',"Let's eat, Grandma. Answer: Let's eat, Grandma."
Find the LCM of 142 and 170.,142 = 2 × 71; 170 = 2 × 5 × 17. LCM = 12070. Answer: 12070.
What is a catalyst?,"A catalyst increases reaction rate by lowering activation energy without being consumed. Answer: speeds up reaction, not consumed."
What is a catalyst?,"A catalyst increases reaction rate by lowering activation energy without being consumed. Answer: speeds up reaction, not consumed."
Explain difference between list and tuple in Python.,"List is mutable; tuple is immutable. Example: lists can append, tuples cannot. Answer: mutability difference."
Explain Newton's first law with an example.,Newton's first law (law of inertia) states an object remains at rest or moves at constant velocity unless acted on by a net external force. Example: A puck on frictionless ice glides at constant speed. Answer: Law of inertia.
What was the Renaissance? One sentence.,"A cultural and intellectual revival starting in 14th‑century Italy that emphasized art, science, and humanism. Answer: European cultural revival."
Explain refraction in simple words.,Refraction is the bending of light as it passes between media with different optical density due to speed change. Answer: bending due to speed change.
Find 12% of 250.,12% of 250 = (12/100)×250 = 30.0. Answer: 30.0.
Convert 184 m to centimeters.,184 m × 100 = 18400 cm. Answer: 18400 cm.
Explain difference between list and tuple in Python.,"List is mutable; tuple is immutable. Example: lists can append, tuples cannot. Answer: mutability difference."
Fix the punctuation: 'Lets eat Grandma',"Let's eat, Grandma. Answer: Let's eat, Grandma."
What does conservation of energy mean?,"Energy cannot be created or destroyed, only transformed between forms; total energy in an isolated system remains constant. Answer: energy conserved."
There were 45 apples in a basket. 4 were eaten. How many remain?,Remaining = 45 - 4 = 41. Answer: 41.
Summarize in one sentence: 'Photosynthesis is how plants use sunlight to make food...',"Photosynthesis is the process by which plants convert sunlight, water, and carbon dioxide into glucose and oxygen. Answer: concise summary."
Convert 8567 m to centimeters.,8567 m × 100 = 856700 cm. Answer: 856700 cm.
A class has 47 boys and 44 girls. How many students are there in total?,Total = 47 + 44 = 91. Answer: 91.
Summarize in one sentence: 'Photosynthesis is how plants use sunlight to make food...',"Photosynthesis is the process by which plants convert sunlight, water, and carbon dioxide into glucose and oxygen. Answer: concise summary."
Explain what a function does in programming.,A function groups reusable code to perform a task; it can take inputs (parameters) and return outputs. Answer: reusable code block.
Find 5% of 52.,5% of 52 = (5/100)×52 = 2.6. Answer: 2.6.
Rewrite the sentence in active voice: 'The ball was thrown by John.',John threw the ball. Answer: John threw the ball.
Define an acid and a base (Arrhenius).,"Arrhenius acid produces H⁺ in water; base produces OH⁻ in water. Example: HCl (acid), NaOH (base). Answer: H⁺ vs OH⁻ producers."
What does conservation of energy mean?,"Energy cannot be created or destroyed, only transformed between forms; total energy in an isolated system remains constant. Answer: energy conserved."
Find the LCM of 109 and 9.,109 = 109; 9 = 3 × 3. LCM = 981. Answer: 981.
Write the prime factorization of 118.,118 = 2 × 59. Answer: 2 × 59.
There were 44 apples in a basket. 6 were eaten. How many remain?,Remaining = 44 - 6 = 38. Answer: 38.
Convert 2751 m to centimeters.,2751 m × 100 = 275100 cm. Answer: 275100 cm.
Explain Newton's first law with an example.,Newton's first law (law of inertia) states an object remains at rest or moves at constant velocity unless acted on by a net external force. Example: A puck on frictionless ice glides at constant speed. Answer: Law of inertia.
Summarize in one sentence: 'Photosynthesis is how plants use sunlight to make food...',"Photosynthesis is the process by which plants convert sunlight, water, and carbon dioxide into glucose and oxygen. Answer: concise summary."
Write the prime factorization of 185.,185 = 5 × 37. Answer: 5 × 37.
What was the Renaissance? One sentence.,"A cultural and intellectual revival starting in 14th‑century Italy that emphasized art, science, and humanism. Answer: European cultural revival."
What was the Renaissance? One sentence.,"A cultural and intellectual revival starting in 14th‑century Italy that emphasized art, science, and humanism. Answer: European cultural revival."
Why is the printing press significant?,"It enabled mass production of books, spreading literacy and ideas rapidly across Europe. Answer: mass knowledge spread."
Rewrite the sentence in active voice: 'The ball was thrown by John.',John threw the ball. Answer: John threw the ball.
What does conservation of energy mean?,"Energy cannot be created or destroyed, only transformed between forms; total energy in an isolated system remains constant. Answer: energy conserved."
Write the prime factorization of 185.,185 = 5 × 37. Answer: 5 × 37.
Explain Newton's first law with an example.,Newton's first law (law of inertia) states an object remains at rest or moves at constant velocity unless acted on by a net external force. Example: A puck on frictionless ice glides at constant speed. Answer: Law of inertia.
Summarize in one sentence: 'Photosynthesis is how plants use sunlight to make food...',"Photosynthesis is the process by which plants convert sunlight, water, and carbon dioxide into glucose and oxygen. Answer: concise summary."
What is Big-O time for binary search?,Binary search runs in O(log n) time on a sorted array. Answer: O(log n).
Rewrite the sentence in active voice: 'The ball was thrown by John.',John threw the ball. Answer: John threw the ball.
Rewrite the sentence in active voice: 'The ball was thrown by John.',John threw the ball. Answer: John threw the ball.
Convert 4563 m to centimeters.,4563 m × 100 = 456300 cm. Answer: 456300 cm.
Why is the printing press significant?,"It enabled mass production of books, spreading literacy and ideas rapidly across Europe. Answer: mass knowledge spread."
Find the LCM of 57 and 107.,57 = 3 × 19; 107 = 107. LCM = 6099. Answer: 6099.
Explain what a function does in programming.,A function groups reusable code to perform a task; it can take inputs (parameters) and return outputs. Answer: reusable code block.
Convert 8785 m to centimeters.,8785 m × 100 = 878500 cm. Answer: 878500 cm.
Explain refraction in simple words.,Refraction is the bending of light as it passes between media with different optical density due to speed change. Answer: bending due to speed change.
Find 50% of 216.,50% of 216 = (50/100)×216 = 108.0. Answer: 108.0.
There were 45 apples in a basket. 26 were eaten. How many remain?,Remaining = 45 - 26 = 19. Answer: 19.
Explain difference between list and tuple in Python.,"List is mutable; tuple is immutable. Example: lists can append, tuples cannot. Answer: mutability difference."
A box has 50 rows of markers with 46 in each row. How many markers are there?,Total = 50 × 46 = 2300. Answer: 2300.
A box has 32 rows of markers with 6 in each row. How many markers are there?,Total = 32 × 6 = 192. Answer: 192.
Find 30% of 349.,30% of 349 = (30/100)×349 = 104.7. Answer: 104.7.
Summarize in one sentence: 'Photosynthesis is how plants use sunlight to make food...',"Photosynthesis is the process by which plants convert sunlight, water, and carbon dioxide into glucose and oxygen. Answer: concise summary."
A class has 49 boys and 16 girls. How many students are there in total?,Total = 49 + 16 = 65. Answer: 65.
Explain Newton's first law with an example.,Newton's first law (law of inertia) states an object remains at rest or moves at constant velocity unless acted on by a net external force. Example: A puck on frictionless ice glides at constant speed. Answer: Law of inertia.
What was the Renaissance? One sentence.,"A cultural and intellectual revival starting in 14th‑century Italy that emphasized art, science, and humanism. Answer: European cultural revival."
Explain difference between list and tuple in Python.,"List is mutable; tuple is immutable. Example: lists can append, tuples cannot. Answer: mutability difference."
There were 50 apples in a basket. 29 were eaten. How many remain?,Remaining = 50 - 29 = 21. Answer: 21.
What was the Renaissance? One sentence.,"A cultural and intellectual revival starting in 14th‑century Italy that emphasized art, science, and humanism. Answer: European cultural revival."
Find the GCD of 193 and 257.,"Using the Euclidean algorithm, GCD(193, 257) = 1. Answer: 1."
Explain difference between list and tuple in Python.,"List is mutable; tuple is immutable. Example: lists can append, tuples cannot. Answer: mutability difference."
What is the law of conservation of mass?,"In a closed system, mass is conserved during a chemical reaction; mass of reactants equals mass of products. Answer: mass conserved."
Explain Newton's first law with an example.,Newton's first law (law of inertia) states an object remains at rest or moves at constant velocity unless acted on by a net external force. Example: A puck on frictionless ice glides at constant speed. Answer: Law of inertia.
What is a catalyst?,"A catalyst increases reaction rate by lowering activation energy without being consumed. Answer: speeds up reaction, not consumed."
A box has 23 rows of markers with 10 in each row. How many markers are there?,Total = 23 × 10 = 230. Answer: 230.
What is Big-O time for binary search?,Binary search runs in O(log n) time on a sorted array. Answer: O(log n).
Why is the printing press significant?,"It enabled mass production of books, spreading literacy and ideas rapidly across Europe. Answer: mass knowledge spread."
A class has 20 boys and 50 girls. How many students are there in total?,Total = 20 + 50 = 70. Answer: 70.
Define an acid and a base (Arrhenius).,"Arrhenius acid produces H⁺ in water; base produces OH⁻ in water. Example: HCl (acid), NaOH (base). Answer: H⁺ vs OH⁻ producers."
Explain difference between list and tuple in Python.,"List is mutable; tuple is immutable. Example: lists can append, tuples cannot. Answer: mutability difference."
Define molar mass.,"Molar mass is the mass of one mole of a substance, in g/mol. Example: H₂O ≈ 18 g/mol. Answer: mass per mole."
Convert 4069 m to centimeters.,4069 m × 100 = 406900 cm. Answer: 406900 cm.
768 stickers are shared equally among 48 students. How many does each student get?,Each gets = 768 ÷ 48 = 16. Answer: 16.
Why is the printing press significant?,"It enabled mass production of books, spreading literacy and ideas rapidly across Europe. Answer: mass knowledge spread."
What is a catalyst?,"A catalyst increases reaction rate by lowering activation energy without being consumed. Answer: speeds up reaction, not consumed."
12 stickers are shared equally among 2 students. How many does each student get?,Each gets = 12 ÷ 2 = 6. Answer: 6.
Find the GCD of 28 and 74.,"Using the Euclidean algorithm, GCD(28, 74) = 2. Answer: 2."
State Ohm's law and give a simple calculation.,"Ohm's law: V = I R. If I = 2 A and R = 5 Ω, then V = 10 V. Answer: V = IR."
Find the GCD of 283 and 106.,"Using the Euclidean algorithm, GCD(283, 106) = 1. Answer: 1."
Define molar mass.,"Molar mass is the mass of one mole of a substance, in g/mol. Example: H₂O ≈ 18 g/mol. Answer: mass per mole."
Solve for x: 12x + 9 = -1.,12x = -1 - 9 ⇒ x = (-1 - 9)/12 = -0.8333333333333334. Answer: -0.8333333333333334.
What does conservation of energy mean?,"Energy cannot be created or destroyed, only transformed between forms; total energy in an isolated system remains constant. Answer: energy conserved."
What is the law of conservation of mass?,"In a closed system, mass is conserved during a chemical reaction; mass of reactants equals mass of products. Answer: mass conserved."
What does conservation of energy mean?,"Energy cannot be created or destroyed, only transformed between forms; total energy in an isolated system remains constant. Answer: energy conserved."
What does a hash map provide on average?,"Average O(1) insert, lookup, and delete via hashing. Answer: O(1) average operations."
Why is the printing press significant?,"It enabled mass production of books, spreading literacy and ideas rapidly across Europe. Answer: mass knowledge spread."
266 stickers are shared equally among 14 students. How many does each student get?,Each gets = 266 ÷ 14 = 19. Answer: 19.
Write the prime factorization of 223.,223 = 223. Answer: 223.
Rewrite the sentence in active voice: 'The ball was thrown by John.',John threw the ball. Answer: John threw the ball.
Fix the punctuation: 'Lets eat Grandma',"Let's eat, Grandma. Answer: Let's eat, Grandma."
Summarize in one sentence: 'Photosynthesis is how plants use sunlight to make food...',"Photosynthesis is the process by which plants convert sunlight, water, and carbon dioxide into glucose and oxygen. Answer: concise summary."
Why is the printing press significant?,"It enabled mass production of books, spreading literacy and ideas rapidly across Europe. Answer: mass knowledge spread."
What is a catalyst?,"A catalyst increases reaction rate by lowering activation energy without being consumed. Answer: speeds up reaction, not consumed."
Solve for x: 7x + -15 = -1.,7x = -1 - -15 ⇒ x = (-1 - -15)/7 = 2.0. Answer: 2.0.
What was the Renaissance? One sentence.,"A cultural and intellectual revival starting in 14th‑century Italy that emphasized art, science, and humanism. Answer: European cultural revival."
What was the Renaissance? One sentence.,"A cultural and intellectual revival starting in 14th‑century Italy that emphasized art, science, and humanism. Answer: European cultural revival."
Explain what a function does in programming.,A function groups reusable code to perform a task; it can take inputs (parameters) and return outputs. Answer: reusable code block.
Fix the punctuation: 'Lets eat Grandma',"Let's eat, Grandma. Answer: Let's eat, Grandma."
Fix the punctuation: 'Lets eat Grandma',"Let's eat, Grandma. Answer: Let's eat, Grandma."
Summarize in one sentence: 'Photosynthesis is how plants use sunlight to make food...',"Photosynthesis is the process by which plants convert sunlight, water, and carbon dioxide into glucose and oxygen. Answer: concise summary."
Why is the printing press significant?,"It enabled mass production of books, spreading literacy and ideas rapidly across Europe. Answer: mass knowledge spread."
Write the prime factorization of 89.,89 = 89. Answer: 89.
There were 32 apples in a basket. 14 were eaten. How many remain?,Remaining = 32 - 14 = 18. Answer: 18.
Explain Newton's first law with an example.,Newton's first law (law of inertia) states an object remains at rest or moves at constant velocity unless acted on by a net external force. Example: A puck on frictionless ice glides at constant speed. Answer: Law of inertia.
Find 30% of 241.,30% of 241 = (30/100)×241 = 72.3. Answer: 72.3.
Fix the punctuation: 'Lets eat Grandma',"Let's eat, Grandma. Answer: Let's eat, Grandma."
Summarize in one sentence: 'Photosynthesis is how plants use sunlight to make food...',"Photosynthesis is the process by which plants convert sunlight, water, and carbon dioxide into glucose and oxygen. Answer: concise summary."
Explain what a function does in programming.,A function groups reusable code to perform a task; it can take inputs (parameters) and return outputs. Answer: reusable code block.
Fix the punctuation: 'Lets eat Grandma',"Let's eat, Grandma. Answer: Let's eat, Grandma."
234 stickers are shared equally among 39 students. How many does each student get?,Each gets = 234 ÷ 39 = 6. Answer: 6.
Find the LCM of 100 and 146.,100 = 2 × 2 × 5 × 5; 146 = 2 × 73. LCM = 7300. Answer: 7300.
What does conservation of energy mean?,"Energy cannot be created or destroyed, only transformed between forms; total energy in an isolated system remains constant. Answer: energy conserved."
Fix the punctuation: 'Lets eat Grandma',"Let's eat, Grandma. Answer: Let's eat, Grandma."
816 stickers are shared equally among 24 students. How many does each student get?,Each gets = 816 ÷ 24 = 34. Answer: 34.
A class has 46 boys and 25 girls. How many students are there in total?,Total = 46 + 25 = 71. Answer: 71.
There were 29 apples in a basket. 26 were eaten. How many remain?,Remaining = 29 - 26 = 3. Answer: 3.
What is a catalyst?,"A catalyst increases reaction rate by lowering activation energy without being consumed. Answer: speeds up reaction, not consumed."
Write the prime factorization of 343.,343 = 7 × 7 × 7. Answer: 7 × 7 × 7.
There were 45 apples in a basket. 3 were eaten. How many remain?,Remaining = 45 - 3 = 42. Answer: 42.
Explain what a function does in programming.,A function groups reusable code to perform a task; it can take inputs (parameters) and return outputs. Answer: reusable code block.
There were 18 apples in a basket. 11 were eaten. How many remain?,Remaining = 18 - 11 = 7. Answer: 7.
What was the Renaissance? One sentence.,"A cultural and intellectual revival starting in 14th‑century Italy that emphasized art, science, and humanism. Answer: European cultural revival."
Find the LCM of 199 and 25.,199 = 199; 25 = 5 × 5. LCM = 4975. Answer: 4975.
1222 stickers are shared equally among 47 students. How many does each student get?,Each gets = 1222 ÷ 47 = 26. Answer: 26.
There were 39 apples in a basket. 7 were eaten. How many remain?,Remaining = 39 - 7 = 32. Answer: 32.
Rewrite the sentence in active voice: 'The ball was thrown by John.',John threw the ball. Answer: John threw the ball.
Fix the punctuation: 'Lets eat Grandma',"Let's eat, Grandma. Answer: Let's eat, Grandma."
714 stickers are shared equally among 21 students. How many does each student get?,Each gets = 714 ÷ 21 = 34. Answer: 34.
Why is the printing press significant?,"It enabled mass production of books, spreading literacy and ideas rapidly across Europe. Answer: mass knowledge spread."
A class has 28 boys and 50 girls. How many students are there in total?,Total = 28 + 50 = 78. Answer: 78.
Convert 9382 g to kilograms.,9382 g ÷ 1000 = 9.382 kg. Answer: 9.382 kg.
Explain refraction in simple words.,Refraction is the bending of light as it passes between media with different optical density due to speed change. Answer: bending due to speed change.
735 stickers are shared equally among 15 students. How many does each student get?,Each gets = 735 ÷ 15 = 49. Answer: 49.
There were 21 apples in a basket. 2 were eaten. How many remain?,Remaining = 21 - 2 = 19. Answer: 19.
Rewrite the sentence in active voice: 'The ball was thrown by John.',John threw the ball. Answer: John threw the ball.
Find the LCM of 200 and 180.,200 = 2 × 2 × 2 × 5 × 5; 180 = 2 × 2 × 3 × 3 × 5. LCM = 1800. Answer: 1800.
Summarize in one sentence: 'Photosynthesis is how plants use sunlight to make food...',"Photosynthesis is the process by which plants convert sunlight, water, and carbon dioxide into glucose and oxygen. Answer: concise summary."
Summarize in one sentence: 'Photosynthesis is how plants use sunlight to make food...',"Photosynthesis is the process by which plants convert sunlight, water, and carbon dioxide into glucose and oxygen. Answer: concise summary."
Explain what a function does in programming.,A function groups reusable code to perform a task; it can take inputs (parameters) and return outputs. Answer: reusable code block.
State Ohm's law and give a simple calculation.,"Ohm's law: V = I R. If I = 2 A and R = 5 Ω, then V = 10 V. Answer: V = IR."
Explain difference between list and tuple in Python.,"List is mutable; tuple is immutable. Example: lists can append, tuples cannot. Answer: mutability difference."
140 stickers are shared equally among 10 students. How many does each student get?,Each gets = 140 ÷ 10 = 14. Answer: 14.
Define molar mass.,"Molar mass is the mass of one mole of a substance, in g/mol. Example: H₂O ≈ 18 g/mol. Answer: mass per mole."
Solve for x: 10x + -7 = -9.,10x = -9 - -7 ⇒ x = (-9 - -7)/10 = -0.2. Answer: -0.2.
Explain Newton's first law with an example.,Newton's first law (law of inertia) states an object remains at rest or moves at constant velocity unless acted on by a net external force. Example: A puck on frictionless ice glides at constant speed. Answer: Law of inertia.
There were 50 apples in a basket. 13 were eaten. How many remain?,Remaining = 50 - 13 = 37. Answer: 37.
Explain what a function does in programming.,A function groups reusable code to perform a task; it can take inputs (parameters) and return outputs. Answer: reusable code block.
Summarize in one sentence: 'Photosynthesis is how plants use sunlight to make food...',"Photosynthesis is the process by which plants convert sunlight, water, and carbon dioxide into glucose and oxygen. Answer: concise summary."
What was the Renaissance? One sentence.,"A cultural and intellectual revival starting in 14th‑century Italy that emphasized art, science, and humanism. Answer: European cultural revival."
A box has 12 rows of markers with 7 in each row. How many markers are there?,Total = 12 × 7 = 84. Answer: 84.
Solve for x: 2x + -3 = -16.,2x = -16 - -3 ⇒ x = (-16 - -3)/2 = -6.5. Answer: -6.5.
What is Big-O time for binary search?,Binary search runs in O(log n) time on a sorted array. Answer: O(log n).
What was the Renaissance? One sentence.,"A cultural and intellectual revival starting in 14th‑century Italy that emphasized art, science, and humanism. Answer: European cultural revival."
Fix the punctuation: 'Lets eat Grandma',"Let's eat, Grandma. Answer: Let's eat, Grandma."
A class has 50 boys and 8 girls. How many students are there in total?,Total = 50 + 8 = 58. Answer: 58.
Write the prime factorization of 23.,23 = 23. Answer: 23.
A class has 39 boys and 4 girls. How many students are there in total?,Total = 39 + 4 = 43. Answer: 43.
Define molar mass.,"Molar mass is the mass of one mole of a substance, in g/mol. Example: H₂O ≈ 18 g/mol. Answer: mass per mole."
Solve for x: 10x + 13 = -3.,10x = -3 - 13 ⇒ x = (-3 - 13)/10 = -1.6. Answer: -1.6.
Fix the punctuation: 'Lets eat Grandma',"Let's eat, Grandma. Answer: Let's eat, Grandma."
Explain what a function does in programming.,A function groups reusable code to perform a task; it can take inputs (parameters) and return outputs. Answer: reusable code block.
What does a hash map provide on average?,"Average O(1) insert, lookup, and delete via hashing. Answer: O(1) average operations."
There were 23 apples in a basket. 22 were eaten. How many remain?,Remaining = 23 - 22 = 1. Answer: 1.
Explain what a function does in programming.,A function groups reusable code to perform a task; it can take inputs (parameters) and return outputs. Answer: reusable code block.
Summarize in one sentence: 'Photosynthesis is how plants use sunlight to make food...',"Photosynthesis is the process by which plants convert sunlight, water, and carbon dioxide into glucose and oxygen. Answer: concise summary."
Write the prime factorization of 189.,189 = 3 × 3 × 3 × 7. Answer: 3 × 3 × 3 × 7.
Find the LCM of 118 and 180.,118 = 2 × 59; 180 = 2 × 2 × 3 × 3 × 5. LCM = 10620. Answer: 10620.
Summarize in one sentence: 'Photosynthesis is how plants use sunlight to make food...',"Photosynthesis is the process by which plants convert sunlight, water, and carbon dioxide into glucose and oxygen. Answer: concise summary."
Explain Newton's first law with an example.,Newton's first law (law of inertia) states an object remains at rest or moves at constant velocity unless acted on by a net external force. Example: A puck on frictionless ice glides at constant speed. Answer: Law of inertia.
What was the Renaissance? One sentence.,"A cultural and intellectual revival starting in 14th‑century Italy that emphasized art, science, and humanism. Answer: European cultural revival."
Why is the printing press significant?,"It enabled mass production of books, spreading literacy and ideas rapidly across Europe. Answer: mass knowledge spread."
A box has 50 rows of markers with 17 in each row. How many markers are there?,Total = 50 × 17 = 850. Answer: 850.
Summarize in one sentence: 'Photosynthesis is how plants use sunlight to make food...',"Photosynthesis is the process by which plants convert sunlight, water, and carbon dioxide into glucose and oxygen. Answer: concise summary."
1408 stickers are shared equally among 44 students. How many does each student get?,Each gets = 1408 ÷ 44 = 32. Answer: 32.
A box has 14 rows of markers with 2 in each row. How many markers are there?,Total = 14 × 2 = 28. Answer: 28.
Convert 5902 cm to meters.,5902 cm ÷ 100 = 59.02 m. Answer: 59.02 m.
990 stickers are shared equally among 22 students. How many does each student get?,Each gets = 990 ÷ 22 = 45. Answer: 45.
What is a catalyst?,"A catalyst increases reaction rate by lowering activation energy without being consumed. Answer: speeds up reaction, not consumed."
Summarize in one sentence: 'Photosynthesis is how plants use sunlight to make food...',"Photosynthesis is the process by which plants convert sunlight, water, and carbon dioxide into glucose and oxygen. Answer: concise summary."
What was the Renaissance? One sentence.,"A cultural and intellectual revival starting in 14th‑century Italy that emphasized art, science, and humanism. Answer: European cultural revival."
Explain what a function does in programming.,A function groups reusable code to perform a task; it can take inputs (parameters) and return outputs. Answer: reusable code block.
Summarize in one sentence: 'Photosynthesis is how plants use sunlight to make food...',"Photosynthesis is the process by which plants convert sunlight, water, and carbon dioxide into glucose and oxygen. Answer: concise summary."
384 stickers are shared equally among 8 students. How many does each student get?,Each gets = 384 ÷ 8 = 48. Answer: 48.
Explain difference between list and tuple in Python.,"List is mutable; tuple is immutable. Example: lists can append, tuples cannot. Answer: mutability difference."
A class has 11 boys and 35 girls. How many students are there in total?,Total = 11 + 35 = 46. Answer: 46.
What is a catalyst?,"A catalyst increases reaction rate by lowering activation energy without being consumed. Answer: speeds up reaction, not consumed."
Write the prime factorization of 364.,364 = 2 × 2 × 7 × 13. Answer: 2 × 2 × 7 × 13.
Why is the printing press significant?,"It enabled mass production of books, spreading literacy and ideas rapidly across Europe. Answer: mass knowledge spread."
What is a catalyst?,"A catalyst increases reaction rate by lowering activation energy without being consumed. Answer: speeds up reaction, not consumed."
Solve for x: 11x + 14 = -5.,11x = -5 - 14 ⇒ x = (-5 - 14)/11 = -1.7272727272727273. Answer: -1.7272727272727273.
What does conservation of energy mean?,"Energy cannot be created or destroyed, only transformed between forms; total energy in an isolated system remains constant. Answer: energy conserved."
Differentiate speed and velocity briefly.,"Speed is scalar (magnitude only); velocity is vector (magnitude and direction). Example: 10 m/s east is velocity; 10 m/s is speed. Answer: speed=scalar, velocity=vector."
Solve for x: 12x + -19 = -10.,12x = -10 - -19 ⇒ x = (-10 - -19)/12 = 0.75. Answer: 0.75.
Explain what a function does in programming.,A function groups reusable code to perform a task; it can take inputs (parameters) and return outputs. Answer: reusable code block.
Explain difference between list and tuple in Python.,"List is mutable; tuple is immutable. Example: lists can append, tuples cannot. Answer: mutability difference."
792 stickers are shared equally among 18 students. How many does each student get?,Each gets = 792 ÷ 18 = 44. Answer: 44.
There were 44 apples in a basket. 9 were eaten. How many remain?,Remaining = 44 - 9 = 35. Answer: 35.
Why is the printing press significant?,"It enabled mass production of books, spreading literacy and ideas rapidly across Europe. Answer: mass knowledge spread."
Convert 5453 cm to meters.,5453 cm ÷ 100 = 54.53 m. Answer: 54.53 m.
What was the Renaissance? One sentence.,"A cultural and intellectual revival starting in 14th‑century Italy that emphasized art, science, and humanism. Answer: European cultural revival."
598 stickers are shared equally among 23 students. How many does each student get?,Each gets = 598 ÷ 23 = 26. Answer: 26.
1591 stickers are shared equally among 43 students. How many does each student get?,Each gets = 1591 ÷ 43 = 37. Answer: 37.
What does conservation of energy mean?,"Energy cannot be created or destroyed, only transformed between forms; total energy in an isolated system remains constant. Answer: energy conserved."
What is Big-O time for binary search?,Binary search runs in O(log n) time on a sorted array. Answer: O(log n).
What is Big-O time for binary search?,Binary search runs in O(log n) time on a sorted array. Answer: O(log n).
Find the LCM of 89 and 191.,89 = 89; 191 = 191. LCM = 16999. Answer: 16999.
What was the Renaissance? One sentence.,"A cultural and intellectual revival starting in 14th‑century Italy that emphasized art, science, and humanism. Answer: European cultural revival."
A box has 9 rows of markers with 38 in each row. How many markers are there?,Total = 9 × 38 = 342. Answer: 342.
Define an acid and a base (Arrhenius).,"Arrhenius acid produces H⁺ in water; base produces OH⁻ in water. Example: HCl (acid), NaOH (base). Answer: H⁺ vs OH⁻ producers."
Summarize in one sentence: 'Photosynthesis is how plants use sunlight to make food...',"Photosynthesis is the process by which plants convert sunlight, water, and carbon dioxide into glucose and oxygen. Answer: concise summary."
A class has 2 boys and 21 girls. How many students are there in total?,Total = 2 + 21 = 23. Answer: 23.
What was the Renaissance? One sentence.,"A cultural and intellectual revival starting in 14th‑century Italy that emphasized art, science, and humanism. Answer: European cultural revival."
Fix the punctuation: 'Lets eat Grandma',"Let's eat, Grandma. Answer: Let's eat, Grandma."
What does a hash map provide on average?,"Average O(1) insert, lookup, and delete via hashing. Answer: O(1) average operations."
There were 35 apples in a basket. 10 were eaten. How many remain?,Remaining = 35 - 10 = 25. Answer: 25.
Solve for x: 1x + 14 = 9.,1x = 9 - 14 ⇒ x = (9 - 14)/1 = -5.0. Answer: -5.0.
Explain difference between list and tuple in Python.,"List is mutable; tuple is immutable. Example: lists can append, tuples cannot. Answer: mutability difference."
Explain difference between list and tuple in Python.,"List is mutable; tuple is immutable. Example: lists can append, tuples cannot. Answer: mutability difference."
Summarize in one sentence: 'Photosynthesis is how plants use sunlight to make food...',"Photosynthesis is the process by which plants convert sunlight, water, and carbon dioxide into glucose and oxygen. Answer: concise summary."
Rewrite the sentence in active voice: 'The ball was thrown by John.',John threw the ball. Answer: John threw the ball.
Why is the printing press significant?,"It enabled mass production of books, spreading literacy and ideas rapidly across Europe. Answer: mass knowledge spread."
Explain Newton's first law with an example.,Newton's first law (law of inertia) states an object remains at rest or moves at constant velocity unless acted on by a net external force. Example: A puck on frictionless ice glides at constant speed. Answer: Law of inertia.
Why is the printing press significant?,"It enabled mass production of books, spreading literacy and ideas rapidly across Europe. Answer: mass knowledge spread."
What is Big-O time for binary search?,Binary search runs in O(log n) time on a sorted array. Answer: O(log n).
Explain what a function does in programming.,A function groups reusable code to perform a task; it can take inputs (parameters) and return outputs. Answer: reusable code block.
A box has 15 rows of markers with 33 in each row. How many markers are there?,Total = 15 × 33 = 495. Answer: 495.
A box has 26 rows of markers with 5 in each row. How many markers are there?,Total = 26 × 5 = 130. Answer: 130.
What does conservation of energy mean?,"Energy cannot be created or destroyed, only transformed between forms; total energy in an isolated system remains constant. Answer: energy conserved."
A class has 16 boys and 46 girls. How many students are there in total?,Total = 16 + 46 = 62. Answer: 62.
What is a catalyst?,"A catalyst increases reaction rate by lowering activation energy without being consumed. Answer: speeds up reaction, not consumed."
There were 27 apples in a basket. 21 were eaten. How many remain?,Remaining = 27 - 21 = 6. Answer: 6.
Find 20% of 250.,20% of 250 = (20/100)×250 = 50.0. Answer: 50.0.
Summarize in one sentence: 'Photosynthesis is how plants use sunlight to make food...',"Photosynthesis is the process by which plants convert sunlight, water, and carbon dioxide into glucose and oxygen. Answer: concise summary."
Fix the punctuation: 'Lets eat Grandma',"Let's eat, Grandma. Answer: Let's eat, Grandma."
Fix the punctuation: 'Lets eat Grandma',"Let's eat, Grandma. Answer: Let's eat, Grandma."
Find 18% of 194.,18% of 194 = (18/100)×194 = 34.92. Answer: 34.92.
644 stickers are shared equally among 14 students. How many does each student get?,Each gets = 644 ÷ 14 = 46. Answer: 46.
Find the GCD of 167 and 299.,"Using the Euclidean algorithm, GCD(167, 299) = 1. Answer: 1."
Convert 4982 g to kilograms.,4982 g ÷ 1000 = 4.982 kg. Answer: 4.982 kg.
There were 38 apples in a basket. 12 were eaten. How many remain?,Remaining = 38 - 12 = 26. Answer: 26.
Summarize in one sentence: 'Photosynthesis is how plants use sunlight to make food...',"Photosynthesis is the process by which plants convert sunlight, water, and carbon dioxide into glucose and oxygen. Answer: concise summary."
Fix the punctuation: 'Lets eat Grandma',"Let's eat, Grandma. Answer: Let's eat, Grandma."
What does conservation of energy mean?,"Energy cannot be created or destroyed, only transformed between forms; total energy in an isolated system remains constant. Answer: energy conserved."
What does conservation of energy mean?,"Energy cannot be created or destroyed, only transformed between forms; total energy in an isolated system remains constant. Answer: energy conserved."
A box has 43 rows of markers with 2 in each row. How many markers are there?,Total = 43 × 2 = 86. Answer: 86.
There were 38 apples in a basket. 8 were eaten. How many remain?,Remaining = 38 - 8 = 30. Answer: 30.
Fix the punctuation: 'Lets eat Grandma',"Let's eat, Grandma. Answer: Let's eat, Grandma."
A class has 12 boys and 5 girls. How many students are there in total?,Total = 12 + 5 = 17. Answer: 17.
Explain what a function does in programming.,A function groups reusable code to perform a task; it can take inputs (parameters) and return outputs. Answer: reusable code block.
Explain Newton's first law with an example.,Newton's first law (law of inertia) states an object remains at rest or moves at constant velocity unless acted on by a net external force. Example: A puck on frictionless ice glides at constant speed. Answer: Law of inertia.
Find 20% of 382.,20% of 382 = (20/100)×382 = 76.4. Answer: 76.4.
Why is the printing press significant?,"It enabled mass production of books, spreading literacy and ideas rapidly across Europe. Answer: mass knowledge spread."
What is the law of conservation of mass?,"In a closed system, mass is conserved during a chemical reaction; mass of reactants equals mass of products. Answer: mass conserved."
Explain Newton's first law with an example.,Newton's first law (law of inertia) states an object remains at rest or moves at constant velocity unless acted on by a net external force. Example: A puck on frictionless ice glides at constant speed. Answer: Law of inertia.
Find the GCD of 205 and 252.,"Using the Euclidean algorithm, GCD(205, 252) = 1. Answer: 1."
Explain difference between list and tuple in Python.,"List is mutable; tuple is immutable. Example: lists can append, tuples cannot. Answer: mutability difference."
A class has 49 boys and 26 girls. How many students are there in total?,Total = 49 + 26 = 75. Answer: 75.
Summarize in one sentence: 'Photosynthesis is how plants use sunlight to make food...',"Photosynthesis is the process by which plants convert sunlight, water, and carbon dioxide into glucose and oxygen. Answer: concise summary."
Fix the punctuation: 'Lets eat Grandma',"Let's eat, Grandma. Answer: Let's eat, Grandma."
A box has 43 rows of markers with 30 in each row. How many markers are there?,Total = 43 × 30 = 1290. Answer: 1290.
Find the LCM of 31 and 23.,31 = 31; 23 = 23. LCM = 713. Answer: 713.
Solve for x: 11x + 12 = -6.,11x = -6 - 12 ⇒ x = (-6 - 12)/11 = -1.6363636363636365. Answer: -1.6363636363636365.
Find 40% of 343.,40% of 343 = (40/100)×343 = 137.2. Answer: 137.2.
Fix the punctuation: 'Lets eat Grandma',"Let's eat, Grandma. Answer: Let's eat, Grandma."
There were 49 apples in a basket. 8 were eaten. How many remain?,Remaining = 49 - 8 = 41. Answer: 41.
Fix the punctuation: 'Lets eat Grandma',"Let's eat, Grandma. Answer: Let's eat, Grandma."
A box has 46 rows of markers with 29 in each row. How many markers are there?,Total = 46 × 29 = 1334. Answer: 1334.
What was the Renaissance? One sentence.,"A cultural and intellectual revival starting in 14th‑century Italy that emphasized art, science, and humanism. Answer: European cultural revival."
Write the prime factorization of 52.,52 = 2 × 2 × 13. Answer: 2 × 2 × 13.
468 stickers are shared equally among 36 students. How many does each student get?,Each gets = 468 ÷ 36 = 13. Answer: 13.
81 stickers are shared equally among 3 students. How many does each student get?,Each gets = 81 ÷ 3 = 27. Answer: 27.
Find 35% of 349.,35% of 349 = (35/100)×349 = 122.15. Answer: 122.15.
There were 43 apples in a basket. 9 were eaten. How many remain?,Remaining = 43 - 9 = 34. Answer: 34.
There were 13 apples in a basket. 9 were eaten. How many remain?,Remaining = 13 - 9 = 4. Answer: 4.
Find 20% of 278.,20% of 278 = (20/100)×278 = 55.6. Answer: 55.6.
Find the LCM of 34 and 149.,34 = 2 × 17; 149 = 149. LCM = 5066. Answer: 5066.
State Ohm's law and give a simple calculation.,"Ohm's law: V = I R. If I = 2 A and R = 5 Ω, then V = 10 V. Answer: V = IR."
Find 5% of 181.,5% of 181 = (5/100)×181 = 9.05. Answer: 9.05.
Find the LCM of 131 and 78.,131 = 131; 78 = 2 × 3 × 13. LCM = 10218. Answer: 10218.
Explain difference between list and tuple in Python.,"List is mutable; tuple is immutable. Example: lists can append, tuples cannot. Answer: mutability difference."
Summarize in one sentence: 'Photosynthesis is how plants use sunlight to make food...',"Photosynthesis is the process by which plants convert sunlight, water, and carbon dioxide into glucose and oxygen. Answer: concise summary."
Find the GCD of 155 and 25.,"Using the Euclidean algorithm, GCD(155, 25) = 5. Answer: 5."
Why is the printing press significant?,"It enabled mass production of books, spreading literacy and ideas rapidly across Europe. Answer: mass knowledge spread."
There were 36 apples in a basket. 30 were eaten. How many remain?,Remaining = 36 - 30 = 6. Answer: 6.
Why is the printing press significant?,"It enabled mass production of books, spreading literacy and ideas rapidly across Europe. Answer: mass knowledge spread."
A box has 22 rows of markers with 35 in each row. How many markers are there?,Total = 22 × 35 = 770. Answer: 770.
What was the Renaissance? One sentence.,"A cultural and intellectual revival starting in 14th‑century Italy that emphasized art, science, and humanism. Answer: European cultural revival."
A class has 8 boys and 44 girls. How many students are there in total?,Total = 8 + 44 = 52. Answer: 52.
Explain Newton's first law with an example.,Newton's first law (law of inertia) states an object remains at rest or moves at constant velocity unless acted on by a net external force. Example: A puck on frictionless ice glides at constant speed. Answer: Law of inertia.
State Ohm's law and give a simple calculation.,"Ohm's law: V = I R. If I = 2 A and R = 5 Ω, then V = 10 V. Answer: V = IR."
Explain difference between list and tuple in Python.,"List is mutable; tuple is immutable. Example: lists can append, tuples cannot. Answer: mutability difference."
Define molar mass.,"Molar mass is the mass of one mole of a substance, in g/mol. Example: H₂O ≈ 18 g/mol. Answer: mass per mole."
Define an acid and a base (Arrhenius).,"Arrhenius acid produces H⁺ in water; base produces OH⁻ in water. Example: HCl (acid), NaOH (base). Answer: H⁺ vs OH⁻ producers."
Explain difference between list and tuple in Python.,"List is mutable; tuple is immutable. Example: lists can append, tuples cannot. Answer: mutability difference."
A class has 41 boys and 29 girls. How many students are there in total?,Total = 41 + 29 = 70. Answer: 70.
Why is the printing press significant?,"It enabled mass production of books, spreading literacy and ideas rapidly across Europe. Answer: mass knowledge spread."
Explain what a function does in programming.,A function groups reusable code to perform a task; it can take inputs (parameters) and return outputs. Answer: reusable code block.
324 stickers are shared equally among 12 students. How many does each student get?,Each gets = 324 ÷ 12 = 27. Answer: 27.
Write the prime factorization of 366.,366 = 2 × 3 × 61. Answer: 2 × 3 × 61.
Summarize in one sentence: 'Photosynthesis is how plants use sunlight to make food...',"Photosynthesis is the process by which plants convert sunlight, water, and carbon dioxide into glucose and oxygen. Answer: concise summary."
Define molar mass.,"Molar mass is the mass of one mole of a substance, in g/mol. Example: H₂O ≈ 18 g/mol. Answer: mass per mole."
Differentiate speed and velocity briefly.,"Speed is scalar (magnitude only); velocity is vector (magnitude and direction). Example: 10 m/s east is velocity; 10 m/s is speed. Answer: speed=scalar, velocity=vector."
There were 48 apples in a basket. 19 were eaten. How many remain?,Remaining = 48 - 19 = 29. Answer: 29.
There were 38 apples in a basket. 25 were eaten. How many remain?,Remaining = 38 - 25 = 13. Answer: 13.
Rewrite the sentence in active voice: 'The ball was thrown by John.',John threw the ball. Answer: John threw the ball.
Explain what a function does in programming.,A function groups reusable code to perform a task; it can take inputs (parameters) and return outputs. Answer: reusable code block.
Rewrite the sentence in active voice: 'The ball was thrown by John.',John threw the ball. Answer: John threw the ball.
What was the Renaissance? One sentence.,"A cultural and intellectual revival starting in 14th‑century Italy that emphasized art, science, and humanism. Answer: European cultural revival."
Write the prime factorization of 83.,83 = 83. Answer: 83.
What was the Renaissance? One sentence.,"A cultural and intellectual revival starting in 14th‑century Italy that emphasized art, science, and humanism. Answer: European cultural revival."
A class has 37 boys and 28 girls. How many students are there in total?,Total = 37 + 28 = 65. Answer: 65.
What is Big-O time for binary search?,Binary search runs in O(log n) time on a sorted array. Answer: O(log n).
What does a hash map provide on average?,"Average O(1) insert, lookup, and delete via hashing. Answer: O(1) average operations."
Explain difference between list and tuple in Python.,"List is mutable; tuple is immutable. Example: lists can append, tuples cannot. Answer: mutability difference."
Explain refraction in simple words.,Refraction is the bending of light as it passes between media with different optical density due to speed change. Answer: bending due to speed change.
Find the LCM of 98 and 58.,98 = 2 × 7 × 7; 58 = 2 × 29. LCM = 2842. Answer: 2842.
Rewrite the sentence in active voice: 'The ball was thrown by John.',John threw the ball. Answer: John threw the ball.
Find the GCD of 271 and 158.,"Using the Euclidean algorithm, GCD(271, 158) = 1. Answer: 1."
Why is the printing press significant?,"It enabled mass production of books, spreading literacy and ideas rapidly across Europe. Answer: mass knowledge spread."
Find 40% of 228.,40% of 228 = (40/100)×228 = 91.2. Answer: 91.2.
What does a hash map provide on average?,"Average O(1) insert, lookup, and delete via hashing. Answer: O(1) average operations."
What was the Renaissance? One sentence.,"A cultural and intellectual revival starting in 14th‑century Italy that emphasized art, science, and humanism. Answer: European cultural revival."
Find the GCD of 164 and 201.,"Using the Euclidean algorithm, GCD(164, 201) = 1. Answer: 1."
Define an acid and a base (Arrhenius).,"Arrhenius acid produces H⁺ in water; base produces OH⁻ in water. Example: HCl (acid), NaOH (base). Answer: H⁺ vs OH⁻ producers."
1620 stickers are shared equally among 45 students. How many does each student get?,Each gets = 1620 ÷ 45 = 36. Answer: 36.
Summarize in one sentence: 'Photosynthesis is how plants use sunlight to make food...',"Photosynthesis is the process by which plants convert sunlight, water, and carbon dioxide into glucose and oxygen. Answer: concise summary."
Explain refraction in simple words.,Refraction is the bending of light as it passes between media with different optical density due to speed change. Answer: bending due to speed change.
Convert 8415 m to centimeters.,8415 m × 100 = 841500 cm. Answer: 841500 cm.
State Ohm's law and give a simple calculation.,"Ohm's law: V = I R. If I = 2 A and R = 5 Ω, then V = 10 V. Answer: V = IR."
What is the law of conservation of mass?,"In a closed system, mass is conserved during a chemical reaction; mass of reactants equals mass of products. Answer: mass conserved."
Why is the printing press significant?,"It enabled mass production of books, spreading literacy and ideas rapidly across Europe. Answer: mass knowledge spread."
Convert 6065 m to centimeters.,6065 m × 100 = 606500 cm. Answer: 606500 cm.
What is the law of conservation of mass?,"In a closed system, mass is conserved during a chemical reaction; mass of reactants equals mass of products. Answer: mass conserved."
403 stickers are shared equally among 31 students. How many does each student get?,Each gets = 403 ÷ 31 = 13. Answer: 13.
Explain what a function does in programming.,A function groups reusable code to perform a task; it can take inputs (parameters) and return outputs. Answer: reusable code block.
Why is the printing press significant?,"It enabled mass production of books, spreading literacy and ideas rapidly across Europe. Answer: mass knowledge spread."
Explain what a function does in programming.,A function groups reusable code to perform a task; it can take inputs (parameters) and return outputs. Answer: reusable code block.
What was the Renaissance? One sentence.,"A cultural and intellectual revival starting in 14th‑century Italy that emphasized art, science, and humanism. Answer: European cultural revival."
What is Big-O time for binary search?,Binary search runs in O(log n) time on a sorted array. Answer: O(log n).
Explain what a function does in programming.,A function groups reusable code to perform a task; it can take inputs (parameters) and return outputs. Answer: reusable code block.
What is Big-O time for binary search?,Binary search runs in O(log n) time on a sorted array. Answer: O(log n).
There were 7 apples in a basket. 6 were eaten. How many remain?,Remaining = 7 - 6 = 1. Answer: 1.
Find the GCD of 296 and 31.,"Using the Euclidean algorithm, GCD(296, 31) = 1. Answer: 1."
Convert 4684 m to centimeters.,4684 m × 100 = 468400 cm. Answer: 468400 cm.
Rewrite the sentence in active voice: 'The ball was thrown by John.',John threw the ball. Answer: John threw the ball.
Summarize in one sentence: 'Photosynthesis is how plants use sunlight to make food...',"Photosynthesis is the process by which plants convert sunlight, water, and carbon dioxide into glucose and oxygen. Answer: concise summary."
What was the Renaissance? One sentence.,"A cultural and intellectual revival starting in 14th‑century Italy that emphasized art, science, and humanism. Answer: European cultural revival."
Fix the punctuation: 'Lets eat Grandma',"Let's eat, Grandma. Answer: Let's eat, Grandma."
What was the Renaissance? One sentence.,"A cultural and intellectual revival starting in 14th‑century Italy that emphasized art, science, and humanism. Answer: European cultural revival."
Rewrite the sentence in active voice: 'The ball was thrown by John.',John threw the ball. Answer: John threw the ball.
What was the Renaissance? One sentence.,"A cultural and intellectual revival starting in 14th‑century Italy that emphasized art, science, and humanism. Answer: European cultural revival."
94 stickers are shared equally among 2 students. How many does each student get?,Each gets = 94 ÷ 2 = 47. Answer: 47.
A box has 36 rows of markers with 49 in each row. How many markers are there?,Total = 36 × 49 = 1764. Answer: 1764.
Define molar mass.,"Molar mass is the mass of one mole of a substance, in g/mol. Example: H₂O ≈ 18 g/mol. Answer: mass per mole."
160 stickers are shared equally among 40 students. How many does each student get?,Each gets = 160 ÷ 40 = 4. Answer: 4.
Define molar mass.,"Molar mass is the mass of one mole of a substance, in g/mol. Example: H₂O ≈ 18 g/mol. Answer: mass per mole."
State Ohm's law and give a simple calculation.,"Ohm's law: V = I R. If I = 2 A and R = 5 Ω, then V = 10 V. Answer: V = IR."
Write the prime factorization of 88.,88 = 2 × 2 × 2 × 11. Answer: 2 × 2 × 2 × 11.
Why is the printing press significant?,"It enabled mass production of books, spreading literacy and ideas rapidly across Europe. Answer: mass knowledge spread."
Solve for x: 8x + 4 = -10.,8x = -10 - 4 ⇒ x = (-10 - 4)/8 = -1.75. Answer: -1.75.
What is Big-O time for binary search?,Binary search runs in O(log n) time on a sorted array. Answer: O(log n).
Explain difference between list and tuple in Python.,"List is mutable; tuple is immutable. Example: lists can append, tuples cannot. Answer: mutability difference."
What was the Renaissance? One sentence.,"A cultural and intellectual revival starting in 14th‑century Italy that emphasized art, science, and humanism. Answer: European cultural revival."
What does a hash map provide on average?,"Average O(1) insert, lookup, and delete via hashing. Answer: O(1) average operations."
Fix the punctuation: 'Lets eat Grandma',"Let's eat, Grandma. Answer: Let's eat, Grandma."
Explain difference between list and tuple in Python.,"List is mutable; tuple is immutable. Example: lists can append, tuples cannot. Answer: mutability difference."
Convert 9320 g to kilograms.,9320 g ÷ 1000 = 9.32 kg. Answer: 9.32 kg.
Explain refraction in simple words.,Refraction is the bending of light as it passes between media with different optical density due to speed change. Answer: bending due to speed change.
136 stickers are shared equally among 34 students. How many does each student get?,Each gets = 136 ÷ 34 = 4. Answer: 4.
Why is the printing press significant?,"It enabled mass production of books, spreading literacy and ideas rapidly across Europe. Answer: mass knowledge spread."
Write the prime factorization of 23.,23 = 23. Answer: 23.
Why is the printing press significant?,"It enabled mass production of books, spreading literacy and ideas rapidly across Europe. Answer: mass knowledge spread."
What does a hash map provide on average?,"Average O(1) insert, lookup, and delete via hashing. Answer: O(1) average operations."
What is Big-O time for binary search?,Binary search runs in O(log n) time on a sorted array. Answer: O(log n).
Write the prime factorization of 389.,389 = 389. Answer: 389.
What is the law of conservation of mass?,"In a closed system, mass is conserved during a chemical reaction; mass of reactants equals mass of products. Answer: mass conserved."
What is Big-O time for binary search?,Binary search runs in O(log n) time on a sorted array. Answer: O(log n).
Solve for x: 8x + -8 = -15.,8x = -15 - -8 ⇒ x = (-15 - -8)/8 = -0.875. Answer: -0.875.
What was the Renaissance? One sentence.,"A cultural and intellectual revival starting in 14th‑century Italy that emphasized art, science, and humanism. Answer: European cultural revival."
Rewrite the sentence in active voice: 'The ball was thrown by John.',John threw the ball. Answer: John threw the ball.
Rewrite the sentence in active voice: 'The ball was thrown by John.',John threw the ball. Answer: John threw the ball.
Explain refraction in simple words.,Refraction is the bending of light as it passes between media with different optical density due to speed change. Answer: bending due to speed change.
What is a catalyst?,"A catalyst increases reaction rate by lowering activation energy without being consumed. Answer: speeds up reaction, not consumed."
Fix the punctuation: 'Lets eat Grandma',"Let's eat, Grandma. Answer: Let's eat, Grandma."
What does a hash map provide on average?,"Average O(1) insert, lookup, and delete via hashing. Answer: O(1) average operations."
Rewrite the sentence in active voice: 'The ball was thrown by John.',John threw the ball. Answer: John threw the ball.
Why is the printing press significant?,"It enabled mass production of books, spreading literacy and ideas rapidly across Europe. Answer: mass knowledge spread."
Solve for x: 11x + 8 = -10.,11x = -10 - 8 ⇒ x = (-10 - 8)/11 = -1.6363636363636365. Answer: -1.6363636363636365.
Define an acid and a base (Arrhenius).,"Arrhenius acid produces H⁺ in water; base produces OH⁻ in water. Example: HCl (acid), NaOH (base). Answer: H⁺ vs OH⁻ producers."
A box has 29 rows of markers with 2 in each row. How many markers are there?,Total = 29 × 2 = 58. Answer: 58.
There were 14 apples in a basket. 9 were eaten. How many remain?,Remaining = 14 - 9 = 5. Answer: 5.
What is Big-O time for binary search?,Binary search runs in O(log n) time on a sorted array. Answer: O(log n).
What is the law of conservation of mass?,"In a closed system, mass is conserved during a chemical reaction; mass of reactants equals mass of products. Answer: mass conserved."
Summarize in one sentence: 'Photosynthesis is how plants use sunlight to make food...',"Photosynthesis is the process by which plants convert sunlight, water, and carbon dioxide into glucose and oxygen. Answer: concise summary."
What is Big-O time for binary search?,Binary search runs in O(log n) time on a sorted array. Answer: O(log n).
What does conservation of energy mean?,"Energy cannot be created or destroyed, only transformed between forms; total energy in an isolated system remains constant. Answer: energy conserved."
Summarize in one sentence: 'Photosynthesis is how plants use sunlight to make food...',"Photosynthesis is the process by which plants convert sunlight, water, and carbon dioxide into glucose and oxygen. Answer: concise summary."
What is Big-O time for binary search?,Binary search runs in O(log n) time on a sorted array. Answer: O(log n).
Fix the punctuation: 'Lets eat Grandma',"Let's eat, Grandma. Answer: Let's eat, Grandma."
Why is the printing press significant?,"It enabled mass production of books, spreading literacy and ideas rapidly across Europe. Answer: mass knowledge spread."
A box has 47 rows of markers with 10 in each row. How many markers are there?,Total = 47 × 10 = 470. Answer: 470.
Summarize in one sentence: 'Photosynthesis is how plants use sunlight to make food...',"Photosynthesis is the process by which plants convert sunlight, water, and carbon dioxide into glucose and oxygen. Answer: concise summary."
There were 49 apples in a basket. 26 were eaten. How many remain?,Remaining = 49 - 26 = 23. Answer: 23.
Find the LCM of 7 and 34.,7 = 7; 34 = 2 × 17. LCM = 238. Answer: 238.
Define an acid and a base (Arrhenius).,"Arrhenius acid produces H⁺ in water; base produces OH⁻ in water. Example: HCl (acid), NaOH (base). Answer: H⁺ vs OH⁻ producers."
What was the Renaissance? One sentence.,"A cultural and intellectual revival starting in 14th‑century Italy that emphasized art, science, and humanism. Answer: European cultural revival."
A box has 17 rows of markers with 5 in each row. How many markers are there?,Total = 17 × 5 = 85. Answer: 85.
Summarize in one sentence: 'Photosynthesis is how plants use sunlight to make food...',"Photosynthesis is the process by which plants convert sunlight, water, and carbon dioxide into glucose and oxygen. Answer: concise summary."
58 stickers are shared equally among 2 students. How many does each student get?,Each gets = 58 ÷ 2 = 29. Answer: 29.
What does a hash map provide on average?,"Average O(1) insert, lookup, and delete via hashing. Answer: O(1) average operations."
Rewrite the sentence in active voice: 'The ball was thrown by John.',John threw the ball. Answer: John threw the ball.
Rewrite the sentence in active voice: 'The ball was thrown by John.',John threw the ball. Answer: John threw the ball.
What was the Renaissance? One sentence.,"A cultural and intellectual revival starting in 14th‑century Italy that emphasized art, science, and humanism. Answer: European cultural revival."
There were 34 apples in a basket. 13 were eaten. How many remain?,Remaining = 34 - 13 = 21. Answer: 21.
What is Big-O time for binary search?,Binary search runs in O(log n) time on a sorted array. Answer: O(log n).
Explain difference between list and tuple in Python.,"List is mutable; tuple is immutable. Example: lists can append, tuples cannot. Answer: mutability difference."
406 stickers are shared equally among 29 students. How many does each student get?,Each gets = 406 ÷ 29 = 14. Answer: 14.
There were 46 apples in a basket. 8 were eaten. How many remain?,Remaining = 46 - 8 = 38. Answer: 38.
State Ohm's law and give a simple calculation.,"Ohm's law: V = I R. If I = 2 A and R = 5 Ω, then V = 10 V. Answer: V = IR."
Differentiate speed and velocity briefly.,"Speed is scalar (magnitude only); velocity is vector (magnitude and direction). Example: 10 m/s east is velocity; 10 m/s is speed. Answer: speed=scalar, velocity=vector."
What is the law of conservation of mass?,"In a closed system, mass is conserved during a chemical reaction; mass of reactants equals mass of products. Answer: mass conserved."
Write the prime factorization of 118.,118 = 2 × 59. Answer: 2 × 59.
What is the law of conservation of mass?,"In a closed system, mass is conserved during a chemical reaction; mass of reactants equals mass of products. Answer: mass conserved."
Find 10% of 152.,10% of 152 = (10/100)×152 = 15.2. Answer: 15.2.
Solve for x: 7x + 13 = -1.,7x = -1 - 13 ⇒ x = (-1 - 13)/7 = -2.0. Answer: -2.0.
There were 42 apples in a basket. 16 were eaten. How many remain?,Remaining = 42 - 16 = 26. Answer: 26.
Explain what a function does in programming.,A function groups reusable code to perform a task; it can take inputs (parameters) and return outputs. Answer: reusable code block.
Rewrite the sentence in active voice: 'The ball was thrown by John.',John threw the ball. Answer: John threw the ball.
Why is the printing press significant?,"It enabled mass production of books, spreading literacy and ideas rapidly across Europe. Answer: mass knowledge spread."
A class has 5 boys and 21 girls. How many students are there in total?,Total = 5 + 21 = 26. Answer: 26.
What does a hash map provide on average?,"Average O(1) insert, lookup, and delete via hashing. Answer: O(1) average operations."
What does a hash map provide on average?,"Average O(1) insert, lookup, and delete via hashing. Answer: O(1) average operations."
A box has 28 rows of markers with 17 in each row. How many markers are there?,Total = 28 × 17 = 476. Answer: 476.
Find the GCD of 22 and 2.,"Using the Euclidean algorithm, GCD(22, 2) = 2. Answer: 2."
Convert 5270 cm to meters.,5270 cm ÷ 100 = 52.7 m. Answer: 52.7 m.
Explain what a function does in programming.,A function groups reusable code to perform a task; it can take inputs (parameters) and return outputs. Answer: reusable code block.
What is Big-O time for binary search?,Binary search runs in O(log n) time on a sorted array. Answer: O(log n).
Rewrite the sentence in active voice: 'The ball was thrown by John.',John threw the ball. Answer: John threw the ball.
Explain what a function does in programming.,A function groups reusable code to perform a task; it can take inputs (parameters) and return outputs. Answer: reusable code block.
What does a hash map provide on average?,"Average O(1) insert, lookup, and delete via hashing. Answer: O(1) average operations."
What is Big-O time for binary search?,Binary search runs in O(log n) time on a sorted array. Answer: O(log n).
Convert 224 m to centimeters.,224 m × 100 = 22400 cm. Answer: 22400 cm.
What was the Renaissance? One sentence.,"A cultural and intellectual revival starting in 14th‑century Italy that emphasized art, science, and humanism. Answer: European cultural revival."
What does a hash map provide on average?,"Average O(1) insert, lookup, and delete via hashing. Answer: O(1) average operations."
A box has 25 rows of markers with 49 in each row. How many markers are there?,Total = 25 × 49 = 1225. Answer: 1225.
Explain refraction in simple words.,Refraction is the bending of light as it passes between media with different optical density due to speed change. Answer: bending due to speed change.
What is the law of conservation of mass?,"In a closed system, mass is conserved during a chemical reaction; mass of reactants equals mass of products. Answer: mass conserved."
Find the LCM of 35 and 163.,35 = 5 × 7; 163 = 163. LCM = 5705. Answer: 5705.
A class has 40 boys and 9 girls. How many students are there in total?,Total = 40 + 9 = 49. Answer: 49.
What was the Renaissance? One sentence.,"A cultural and intellectual revival starting in 14th‑century Italy that emphasized art, science, and humanism. Answer: European cultural revival."
What is a catalyst?,"A catalyst increases reaction rate by lowering activation energy without being consumed. Answer: speeds up reaction, not consumed."
Find the LCM of 141 and 160.,141 = 3 × 47; 160 = 2 × 2 × 2 × 2 × 2 × 5. LCM = 22560. Answer: 22560.
What does a hash map provide on average?,"Average O(1) insert, lookup, and delete via hashing. Answer: O(1) average operations."
There were 50 apples in a basket. 32 were eaten. How many remain?,Remaining = 50 - 32 = 18. Answer: 18.
What was the Renaissance? One sentence.,"A cultural and intellectual revival starting in 14th‑century Italy that emphasized art, science, and humanism. Answer: European cultural revival."
Find the GCD of 100 and 216.,"Using the Euclidean algorithm, GCD(100, 216) = 4. Answer: 4."
Why is the printing press significant?,"It enabled mass production of books, spreading literacy and ideas rapidly across Europe. Answer: mass knowledge spread."
Why is the printing press significant?,"It enabled mass production of books, spreading literacy and ideas rapidly across Europe. Answer: mass knowledge spread."
Explain what a function does in programming.,A function groups reusable code to perform a task; it can take inputs (parameters) and return outputs. Answer: reusable code block.
423 stickers are shared equally among 47 students. How many does each student get?,Each gets = 423 ÷ 47 = 9. Answer: 9.
Solve for x: 7x + 13 = 12.,7x = 12 - 13 ⇒ x = (12 - 13)/7 = -0.14285714285714285. Answer: -0.14285714285714285.
Find the GCD of 142 and 68.,"Using the Euclidean algorithm, GCD(142, 68) = 2. Answer: 2."
What is Big-O time for binary search?,Binary search runs in O(log n) time on a sorted array. Answer: O(log n).
What was the Renaissance? One sentence.,"A cultural and intellectual revival starting in 14th‑century Italy that emphasized art, science, and humanism. Answer: European cultural revival."
686 stickers are shared equally among 14 students. How many does each student get?,Each gets = 686 ÷ 14 = 49. Answer: 49.
Summarize in one sentence: 'Photosynthesis is how plants use sunlight to make food...',"Photosynthesis is the process by which plants convert sunlight, water, and carbon dioxide into glucose and oxygen. Answer: concise summary."
What was the Renaissance? One sentence.,"A cultural and intellectual revival starting in 14th‑century Italy that emphasized art, science, and humanism. Answer: European cultural revival."
What is a catalyst?,"A catalyst increases reaction rate by lowering activation energy without being consumed. Answer: speeds up reaction, not consumed."
Why is the printing press significant?,"It enabled mass production of books, spreading literacy and ideas rapidly across Europe. Answer: mass knowledge spread."
Why is the printing press significant?,"It enabled mass production of books, spreading literacy and ideas rapidly across Europe. Answer: mass knowledge spread."
Summarize in one sentence: 'Photosynthesis is how plants use sunlight to make food...',"Photosynthesis is the process by which plants convert sunlight, water, and carbon dioxide into glucose and oxygen. Answer: concise summary."
Explain difference between list and tuple in Python.,"List is mutable; tuple is immutable. Example: lists can append, tuples cannot. Answer: mutability difference."
Explain Newton's first law with an example.,Newton's first law (law of inertia) states an object remains at rest or moves at constant velocity unless acted on by a net external force. Example: A puck on frictionless ice glides at constant speed. Answer: Law of inertia.
What does conservation of energy mean?,"Energy cannot be created or destroyed, only transformed between forms; total energy in an isolated system remains constant. Answer: energy conserved."
What was the Renaissance? One sentence.,"A cultural and intellectual revival starting in 14th‑century Italy that emphasized art, science, and humanism. Answer: European cultural revival."
Why is the printing press significant?,"It enabled mass production of books, spreading literacy and ideas rapidly across Europe. Answer: mass knowledge spread."
Why is the printing press significant?,"It enabled mass production of books, spreading literacy and ideas rapidly across Europe. Answer: mass knowledge spread."
Explain difference between list and tuple in Python.,"List is mutable; tuple is immutable. Example: lists can append, tuples cannot. Answer: mutability difference."
What does a hash map provide on average?,"Average O(1) insert, lookup, and delete via hashing. Answer: O(1) average operations."
What was the Renaissance? One sentence.,"A cultural and intellectual revival starting in 14th‑century Italy that emphasized art, science, and humanism. Answer: European cultural revival."
What does conservation of energy mean?,"Energy cannot be created or destroyed, only transformed between forms; total energy in an isolated system remains constant. Answer: energy conserved."
Find 18% of 171.,18% of 171 = (18/100)×171 = 30.78. Answer: 30.78.
Convert 2428 g to kilograms.,2428 g ÷ 1000 = 2.428 kg. Answer: 2.428 kg.
Explain refraction in simple words.,Refraction is the bending of light as it passes between media with different optical density due to speed change. Answer: bending due to speed change.
Convert 4080 cm to meters.,4080 cm ÷ 100 = 40.8 m. Answer: 40.8 m.
What was the Renaissance? One sentence.,"A cultural and intellectual revival starting in 14th‑century Italy that emphasized art, science, and humanism. Answer: European cultural revival."
Convert 5693 m to centimeters.,5693 m × 100 = 569300 cm. Answer: 569300 cm.
Why is the printing press significant?,"It enabled mass production of books, spreading literacy and ideas rapidly across Europe. Answer: mass knowledge spread."
What is Big-O time for binary search?,Binary search runs in O(log n) time on a sorted array. Answer: O(log n).
There were 37 apples in a basket. 18 were eaten. How many remain?,Remaining = 37 - 18 = 19. Answer: 19.
Summarize in one sentence: 'Photosynthesis is how plants use sunlight to make food...',"Photosynthesis is the process by which plants convert sunlight, water, and carbon dioxide into glucose and oxygen. Answer: concise summary."
What does a hash map provide on average?,"Average O(1) insert, lookup, and delete via hashing. Answer: O(1) average operations."
Convert 171 g to kilograms.,171 g ÷ 1000 = 0.171 kg. Answer: 0.171 kg.
Explain refraction in simple words.,Refraction is the bending of light as it passes between media with different optical density due to speed change. Answer: bending due to speed change.
Explain refraction in simple words.,Refraction is the bending of light as it passes between media with different optical density due to speed change. Answer: bending due to speed change.
Find 40% of 386.,40% of 386 = (40/100)×386 = 154.4. Answer: 154.4.
Convert 6259 m to centimeters.,6259 m × 100 = 625900 cm. Answer: 625900 cm.
Explain difference between list and tuple in Python.,"List is mutable; tuple is immutable. Example: lists can append, tuples cannot. Answer: mutability difference."
Rewrite the sentence in active voice: 'The ball was thrown by John.',John threw the ball. Answer: John threw the ball.
What does a hash map provide on average?,"Average O(1) insert, lookup, and delete via hashing. Answer: O(1) average operations."
What is the law of conservation of mass?,"In a closed system, mass is conserved during a chemical reaction; mass of reactants equals mass of products. Answer: mass conserved."
What is a catalyst?,"A catalyst increases reaction rate by lowering activation energy without being consumed. Answer: speeds up reaction, not consumed."
What is the law of conservation of mass?,"In a closed system, mass is conserved during a chemical reaction; mass of reactants equals mass of products. Answer: mass conserved."
Explain difference between list and tuple in Python.,"List is mutable; tuple is immutable. Example: lists can append, tuples cannot. Answer: mutability difference."
Rewrite the sentence in active voice: 'The ball was thrown by John.',John threw the ball. Answer: John threw the ball.
Rewrite the sentence in active voice: 'The ball was thrown by John.',John threw the ball. Answer: John threw the ball.
Rewrite the sentence in active voice: 'The ball was thrown by John.',John threw the ball. Answer: John threw the ball.
What does conservation of energy mean?,"Energy cannot be created or destroyed, only transformed between forms; total energy in an isolated system remains constant. Answer: energy conserved."
Why is the printing press significant?,"It enabled mass production of books, spreading literacy and ideas rapidly across Europe. Answer: mass knowledge spread."
A box has 13 rows of markers with 43 in each row. How many markers are there?,Total = 13 × 43 = 559. Answer: 559.
Write the prime factorization of 103.,103 = 103. Answer: 103.
What is the law of conservation of mass?,"In a closed system, mass is conserved during a chemical reaction; mass of reactants equals mass of products. Answer: mass conserved."
A class has 40 boys and 14 girls. How many students are there in total?,Total = 40 + 14 = 54. Answer: 54.
Differentiate speed and velocity briefly.,"Speed is scalar (magnitude only); velocity is vector (magnitude and direction). Example: 10 m/s east is velocity; 10 m/s is speed. Answer: speed=scalar, velocity=vector."
Rewrite the sentence in active voice: 'The ball was thrown by John.',John threw the ball. Answer: John threw the ball.
Summarize in one sentence: 'Photosynthesis is how plants use sunlight to make food...',"Photosynthesis is the process by which plants convert sunlight, water, and carbon dioxide into glucose and oxygen. Answer: concise summary."
Rewrite the sentence in active voice: 'The ball was thrown by John.',John threw the ball. Answer: John threw the ball.
A class has 35 boys and 10 girls. How many students are there in total?,Total = 35 + 10 = 45. Answer: 45.
What was the Renaissance? One sentence.,"A cultural and intellectual revival starting in 14th‑century Italy that emphasized art, science, and humanism. Answer: European cultural revival."
Fix the punctuation: 'Lets eat Grandma',"Let's eat, Grandma. Answer: Let's eat, Grandma."
Find the LCM of 5 and 197.,5 = 5; 197 = 197. LCM = 985. Answer: 985.
There were 10 apples in a basket. 4 were eaten. How many remain?,Remaining = 10 - 4 = 6. Answer: 6.
Write the prime factorization of 93.,93 = 3 × 31. Answer: 3 × 31.
A class has 40 boys and 2 girls. How many students are there in total?,Total = 40 + 2 = 42. Answer: 42.
Find 10% of 223.,10% of 223 = (10/100)×223 = 22.3. Answer: 22.3.
State Ohm's law and give a simple calculation.,"Ohm's law: V = I R. If I = 2 A and R = 5 Ω, then V = 10 V. Answer: V = IR."
Summarize in one sentence: 'Photosynthesis is how plants use sunlight to make food...',"Photosynthesis is the process by which plants convert sunlight, water, and carbon dioxide into glucose and oxygen. Answer: concise summary."
Rewrite the sentence in active voice: 'The ball was thrown by John.',John threw the ball. Answer: John threw the ball.
What does a hash map provide on average?,"Average O(1) insert, lookup, and delete via hashing. Answer: O(1) average operations."
Rewrite the sentence in active voice: 'The ball was thrown by John.',John threw the ball. Answer: John threw the ball.
Explain Newton's first law with an example.,Newton's first law (law of inertia) states an object remains at rest or moves at constant velocity unless acted on by a net external force. Example: A puck on frictionless ice glides at constant speed. Answer: Law of inertia.
Why is the printing press significant?,"It enabled mass production of books, spreading literacy and ideas rapidly across Europe. Answer: mass knowledge spread."
A class has 36 boys and 9 girls. How many students are there in total?,Total = 36 + 9 = 45. Answer: 45.
Find the LCM of 141 and 77.,141 = 3 × 47; 77 = 7 × 11. LCM = 10857. Answer: 10857.
Find 12% of 262.,12% of 262 = (12/100)×262 = 31.44. Answer: 31.44.
Find the GCD of 14 and 118.,"Using the Euclidean algorithm, GCD(14, 118) = 2. Answer: 2."
Fix the punctuation: 'Lets eat Grandma',"Let's eat, Grandma. Answer: Let's eat, Grandma."
Define an acid and a base (Arrhenius).,"Arrhenius acid produces H⁺ in water; base produces OH⁻ in water. Example: HCl (acid), NaOH (base). Answer: H⁺ vs OH⁻ producers."
320 stickers are shared equally among 20 students. How many does each student get?,Each gets = 320 ÷ 20 = 16. Answer: 16.
423 stickers are shared equally among 47 students. How many does each student get?,Each gets = 423 ÷ 47 = 9. Answer: 9.
Differentiate speed and velocity briefly.,"Speed is scalar (magnitude only); velocity is vector (magnitude and direction). Example: 10 m/s east is velocity; 10 m/s is speed. Answer: speed=scalar, velocity=vector."
Differentiate speed and velocity briefly.,"Speed is scalar (magnitude only); velocity is vector (magnitude and direction). Example: 10 m/s east is velocity; 10 m/s is speed. Answer: speed=scalar, velocity=vector."
What does a hash map provide on average?,"Average O(1) insert, lookup, and delete via hashing. Answer: O(1) average operations."
Find 10% of 220.,10% of 220 = (10/100)×220 = 22.0. Answer: 22.0.
What is Big-O time for binary search?,Binary search runs in O(log n) time on a sorted array. Answer: O(log n).
Find 12% of 127.,12% of 127 = (12/100)×127 = 15.24. Answer: 15.24.
Summarize in one sentence: 'Photosynthesis is how plants use sunlight to make food...',"Photosynthesis is the process by which plants convert sunlight, water, and carbon dioxide into glucose and oxygen. Answer: concise summary."
Explain difference between list and tuple in Python.,"List is mutable; tuple is immutable. Example: lists can append, tuples cannot. Answer: mutability difference."
A box has 29 rows of markers with 11 in each row. How many markers are there?,Total = 29 × 11 = 319. Answer: 319.
Why is the printing press significant?,"It enabled mass production of books, spreading literacy and ideas rapidly across Europe. Answer: mass knowledge spread."
What is Big-O time for binary search?,Binary search runs in O(log n) time on a sorted array. Answer: O(log n).
Explain what a function does in programming.,A function groups reusable code to perform a task; it can take inputs (parameters) and return outputs. Answer: reusable code block.
A class has 25 boys and 18 girls. How many students are there in total?,Total = 25 + 18 = 43. Answer: 43.
Find the GCD of 77 and 165.,"Using the Euclidean algorithm, GCD(77, 165) = 11. Answer: 11."
What is the law of conservation of mass?,"In a closed system, mass is conserved during a chemical reaction; mass of reactants equals mass of products. Answer: mass conserved."
Summarize in one sentence: 'Photosynthesis is how plants use sunlight to make food...',"Photosynthesis is the process by which plants convert sunlight, water, and carbon dioxide into glucose and oxygen. Answer: concise summary."
Rewrite the sentence in active voice: 'The ball was thrown by John.',John threw the ball. Answer: John threw the ball.
Find 18% of 268.,18% of 268 = (18/100)×268 = 48.24. Answer: 48.24.
Differentiate speed and velocity briefly.,"Speed is scalar (magnitude only); velocity is vector (magnitude and direction). Example: 10 m/s east is velocity; 10 m/s is speed. Answer: speed=scalar, velocity=vector."
Explain difference between list and tuple in Python.,"List is mutable; tuple is immutable. Example: lists can append, tuples cannot. Answer: mutability difference."
What is the law of conservation of mass?,"In a closed system, mass is conserved during a chemical reaction; mass of reactants equals mass of products. Answer: mass conserved."
What does a hash map provide on average?,"Average O(1) insert, lookup, and delete via hashing. Answer: O(1) average operations."
Fix the punctuation: 'Lets eat Grandma',"Let's eat, Grandma. Answer: Let's eat, Grandma."
Summarize in one sentence: 'Photosynthesis is how plants use sunlight to make food...',"Photosynthesis is the process by which plants convert sunlight, water, and carbon dioxide into glucose and oxygen. Answer: concise summary."
Summarize in one sentence: 'Photosynthesis is how plants use sunlight to make food...',"Photosynthesis is the process by which plants convert sunlight, water, and carbon dioxide into glucose and oxygen. Answer: concise summary."
There were 23 apples in a basket. 10 were eaten. How many remain?,Remaining = 23 - 10 = 13. Answer: 13.
Fix the punctuation: 'Lets eat Grandma',"Let's eat, Grandma. Answer: Let's eat, Grandma."
Why is the printing press significant?,"It enabled mass production of books, spreading literacy and ideas rapidly across Europe. Answer: mass knowledge spread."
Why is the printing press significant?,"It enabled mass production of books, spreading literacy and ideas rapidly across Europe. Answer: mass knowledge spread."
What was the Renaissance? One sentence.,"A cultural and intellectual revival starting in 14th‑century Italy that emphasized art, science, and humanism. Answer: European cultural revival."
Rewrite the sentence in active voice: 'The ball was thrown by John.',John threw the ball. Answer: John threw the ball.
Why is the printing press significant?,"It enabled mass production of books, spreading literacy and ideas rapidly across Europe. Answer: mass knowledge spread."
What was the Renaissance? One sentence.,"A cultural and intellectual revival starting in 14th‑century Italy that emphasized art, science, and humanism. Answer: European cultural revival."
A box has 7 rows of markers with 17 in each row. How many markers are there?,Total = 7 × 17 = 119. Answer: 119.
Find the GCD of 10 and 187.,"Using the Euclidean algorithm, GCD(10, 187) = 1. Answer: 1."
Why is the printing press significant?,"It enabled mass production of books, spreading literacy and ideas rapidly across Europe. Answer: mass knowledge spread."
Differentiate speed and velocity briefly.,"Speed is scalar (magnitude only); velocity is vector (magnitude and direction). Example: 10 m/s east is velocity; 10 m/s is speed. Answer: speed=scalar, velocity=vector."
Write the prime factorization of 204.,204 = 2 × 2 × 3 × 17. Answer: 2 × 2 × 3 × 17.
Explain refraction in simple words.,Refraction is the bending of light as it passes between media with different optical density due to speed change. Answer: bending due to speed change.
Rewrite the sentence in active voice: 'The ball was thrown by John.',John threw the ball. Answer: John threw the ball.
Why is the printing press significant?,"It enabled mass production of books, spreading literacy and ideas rapidly across Europe. Answer: mass knowledge spread."
What does conservation of energy mean?,"Energy cannot be created or destroyed, only transformed between forms; total energy in an isolated system remains constant. Answer: energy conserved."
Explain Newton's first law with an example.,Newton's first law (law of inertia) states an object remains at rest or moves at constant velocity unless acted on by a net external force. Example: A puck on frictionless ice glides at constant speed. Answer: Law of inertia.
There were 10 apples in a basket. 9 were eaten. How many remain?,Remaining = 10 - 9 = 1. Answer: 1.
Summarize in one sentence: 'Photosynthesis is how plants use sunlight to make food...',"Photosynthesis is the process by which plants convert sunlight, water, and carbon dioxide into glucose and oxygen. Answer: concise summary."
Convert 6959 g to kilograms.,6959 g ÷ 1000 = 6.959 kg. Answer: 6.959 kg.
Convert 1737 m to centimeters.,1737 m × 100 = 173700 cm. Answer: 173700 cm.
What was the Renaissance? One sentence.,"A cultural and intellectual revival starting in 14th‑century Italy that emphasized art, science, and humanism. Answer: European cultural revival."
Summarize in one sentence: 'Photosynthesis is how plants use sunlight to make food...',"Photosynthesis is the process by which plants convert sunlight, water, and carbon dioxide into glucose and oxygen. Answer: concise summary."
Explain Newton's first law with an example.,Newton's first law (law of inertia) states an object remains at rest or moves at constant velocity unless acted on by a net external force. Example: A puck on frictionless ice glides at constant speed. Answer: Law of inertia.
Define an acid and a base (Arrhenius).,"Arrhenius acid produces H⁺ in water; base produces OH⁻ in water. Example: HCl (acid), NaOH (base). Answer: H⁺ vs OH⁻ producers."
Differentiate speed and velocity briefly.,"Speed is scalar (magnitude only); velocity is vector (magnitude and direction). Example: 10 m/s east is velocity; 10 m/s is speed. Answer: speed=scalar, velocity=vector."
Differentiate speed and velocity briefly.,"Speed is scalar (magnitude only); velocity is vector (magnitude and direction). Example: 10 m/s east is velocity; 10 m/s is speed. Answer: speed=scalar, velocity=vector."
Find 12% of 263.,12% of 263 = (12/100)×263 = 31.56. Answer: 31.56.
What is a catalyst?,"A catalyst increases reaction rate by lowering activation energy without being consumed. Answer: speeds up reaction, not consumed."
A box has 10 rows of markers with 49 in each row. How many markers are there?,Total = 10 × 49 = 490. Answer: 490.
Fix the punctuation: 'Lets eat Grandma',"Let's eat, Grandma. Answer: Let's eat, Grandma."
A class has 23 boys and 30 girls. How many students are there in total?,Total = 23 + 30 = 53. Answer: 53.
What is Big-O time for binary search?,Binary search runs in O(log n) time on a sorted array. Answer: O(log n).
Explain Newton's first law with an example.,Newton's first law (law of inertia) states an object remains at rest or moves at constant velocity unless acted on by a net external force. Example: A puck on frictionless ice glides at constant speed. Answer: Law of inertia.
There were 40 apples in a basket. 4 were eaten. How many remain?,Remaining = 40 - 4 = 36. Answer: 36.
What was the Renaissance? One sentence.,"A cultural and intellectual revival starting in 14th‑century Italy that emphasized art, science, and humanism. Answer: European cultural revival."
Solve for x: 7x + 9 = 15.,7x = 15 - 9 ⇒ x = (15 - 9)/7 = 0.8571428571428571. Answer: 0.8571428571428571.
A box has 18 rows of markers with 38 in each row. How many markers are there?,Total = 18 × 38 = 684. Answer: 684.
There were 29 apples in a basket. 16 were eaten. How many remain?,Remaining = 29 - 16 = 13. Answer: 13.
What is Big-O time for binary search?,Binary search runs in O(log n) time on a sorted array. Answer: O(log n).
Why is the printing press significant?,"It enabled mass production of books, spreading literacy and ideas rapidly across Europe. Answer: mass knowledge spread."
What does conservation of energy mean?,"Energy cannot be created or destroyed, only transformed between forms; total energy in an isolated system remains constant. Answer: energy conserved."
Summarize in one sentence: 'Photosynthesis is how plants use sunlight to make food...',"Photosynthesis is the process by which plants convert sunlight, water, and carbon dioxide into glucose and oxygen. Answer: concise summary."
Find the GCD of 202 and 96.,"Using the Euclidean algorithm, GCD(202, 96) = 2. Answer: 2."
A class has 37 boys and 40 girls. How many students are there in total?,Total = 37 + 40 = 77. Answer: 77.
A box has 31 rows of markers with 32 in each row. How many markers are there?,Total = 31 × 32 = 992. Answer: 992.
1161 stickers are shared equally among 43 students. How many does each student get?,Each gets = 1161 ÷ 43 = 27. Answer: 27.
Explain Newton's first law with an example.,Newton's first law (law of inertia) states an object remains at rest or moves at constant velocity unless acted on by a net external force. Example: A puck on frictionless ice glides at constant speed. Answer: Law of inertia.
Explain what a function does in programming.,A function groups reusable code to perform a task; it can take inputs (parameters) and return outputs. Answer: reusable code block.
Explain refraction in simple words.,Refraction is the bending of light as it passes between media with different optical density due to speed change. Answer: bending due to speed change.
Find the LCM of 21 and 94.,21 = 3 × 7; 94 = 2 × 47. LCM = 1974. Answer: 1974.
Why is the printing press significant?,"It enabled mass production of books, spreading literacy and ideas rapidly across Europe. Answer: mass knowledge spread."
Find the GCD of 146 and 85.,"Using the Euclidean algorithm, GCD(146, 85) = 1. Answer: 1."
What was the Renaissance? One sentence.,"A cultural and intellectual revival starting in 14th‑century Italy that emphasized art, science, and humanism. Answer: European cultural revival."
Find the GCD of 7 and 160.,"Using the Euclidean algorithm, GCD(7, 160) = 1. Answer: 1."
Define molar mass.,"Molar mass is the mass of one mole of a substance, in g/mol. Example: H₂O ≈ 18 g/mol. Answer: mass per mole."
Explain Newton's first law with an example.,Newton's first law (law of inertia) states an object remains at rest or moves at constant velocity unless acted on by a net external force. Example: A puck on frictionless ice glides at constant speed. Answer: Law of inertia.
Explain refraction in simple words.,Refraction is the bending of light as it passes between media with different optical density due to speed change. Answer: bending due to speed change.
Find 5% of 339.,5% of 339 = (5/100)×339 = 16.95. Answer: 16.95.
Why is the printing press significant?,"It enabled mass production of books, spreading literacy and ideas rapidly across Europe. Answer: mass knowledge spread."
Find the LCM of 82 and 25.,82 = 2 × 41; 25 = 5 × 5. LCM = 2050. Answer: 2050.
What is Big-O time for binary search?,Binary search runs in O(log n) time on a sorted array. Answer: O(log n).
What does a hash map provide on average?,"Average O(1) insert, lookup, and delete via hashing. Answer: O(1) average operations."
Summarize in one sentence: 'Photosynthesis is how plants use sunlight to make food...',"Photosynthesis is the process by which plants convert sunlight, water, and carbon dioxide into glucose and oxygen. Answer: concise summary."
Define an acid and a base (Arrhenius).,"Arrhenius acid produces H⁺ in water; base produces OH⁻ in water. Example: HCl (acid), NaOH (base). Answer: H⁺ vs OH⁻ producers."
Summarize in one sentence: 'Photosynthesis is how plants use sunlight to make food...',"Photosynthesis is the process by which plants convert sunlight, water, and carbon dioxide into glucose and oxygen. Answer: concise summary."
Explain difference between list and tuple in Python.,"List is mutable; tuple is immutable. Example: lists can append, tuples cannot. Answer: mutability difference."
A box has 45 rows of markers with 8 in each row. How many markers are there?,Total = 45 × 8 = 360. Answer: 360.
Summarize in one sentence: 'Photosynthesis is how plants use sunlight to make food...',"Photosynthesis is the process by which plants convert sunlight, water, and carbon dioxide into glucose and oxygen. Answer: concise summary."
What was the Renaissance? One sentence.,"A cultural and intellectual revival starting in 14th‑century Italy that emphasized art, science, and humanism. Answer: European cultural revival."
What was the Renaissance? One sentence.,"A cultural and intellectual revival starting in 14th‑century Italy that emphasized art, science, and humanism. Answer: European cultural revival."
Find 30% of 245.,30% of 245 = (30/100)×245 = 73.5. Answer: 73.5.
What was the Renaissance? One sentence.,"A cultural and intellectual revival starting in 14th‑century Italy that emphasized art, science, and humanism. Answer: European cultural revival."
Explain difference between list and tuple in Python.,"List is mutable; tuple is immutable. Example: lists can append, tuples cannot. Answer: mutability difference."
What is a catalyst?,"A catalyst increases reaction rate by lowering activation energy without being consumed. Answer: speeds up reaction, not consumed."
Convert 1529 m to centimeters.,1529 m × 100 = 152900 cm. Answer: 152900 cm.
What does conservation of energy mean?,"Energy cannot be created or destroyed, only transformed between forms; total energy in an isolated system remains constant. Answer: energy conserved."
There were 43 apples in a basket. 11 were eaten. How many remain?,Remaining = 43 - 11 = 32. Answer: 32.
Why is the printing press significant?,"It enabled mass production of books, spreading literacy and ideas rapidly across Europe. Answer: mass knowledge spread."
Rewrite the sentence in active voice: 'The ball was thrown by John.',John threw the ball. Answer: John threw the ball.
What does a hash map provide on average?,"Average O(1) insert, lookup, and delete via hashing. Answer: O(1) average operations."
Explain what a function does in programming.,A function groups reusable code to perform a task; it can take inputs (parameters) and return outputs. Answer: reusable code block.
Convert 6351 cm to meters.,6351 cm ÷ 100 = 63.51 m. Answer: 63.51 m.
Differentiate speed and velocity briefly.,"Speed is scalar (magnitude only); velocity is vector (magnitude and direction). Example: 10 m/s east is velocity; 10 m/s is speed. Answer: speed=scalar, velocity=vector."
What is a catalyst?,"A catalyst increases reaction rate by lowering activation energy without being consumed. Answer: speeds up reaction, not consumed."
Find the LCM of 38 and 198.,38 = 2 × 19; 198 = 2 × 3 × 3 × 11. LCM = 3762. Answer: 3762.
What is Big-O time for binary search?,Binary search runs in O(log n) time on a sorted array. Answer: O(log n).
Rewrite the sentence in active voice: 'The ball was thrown by John.',John threw the ball. Answer: John threw the ball.
Fix the punctuation: 'Lets eat Grandma',"Let's eat, Grandma. Answer: Let's eat, Grandma."
Explain refraction in simple words.,Refraction is the bending of light as it passes between media with different optical density due to speed change. Answer: bending due to speed change.
Differentiate speed and velocity briefly.,"Speed is scalar (magnitude only); velocity is vector (magnitude and direction). Example: 10 m/s east is velocity; 10 m/s is speed. Answer: speed=scalar, velocity=vector."
What does a hash map provide on average?,"Average O(1) insert, lookup, and delete via hashing. Answer: O(1) average operations."
What is Big-O time for binary search?,Binary search runs in O(log n) time on a sorted array. Answer: O(log n).
Find the GCD of 237 and 134.,"Using the Euclidean algorithm, GCD(237, 134) = 1. Answer: 1."
Fix the punctuation: 'Lets eat Grandma',"Let's eat, Grandma. Answer: Let's eat, Grandma."
Summarize in one sentence: 'Photosynthesis is how plants use sunlight to make food...',"Photosynthesis is the process by which plants convert sunlight, water, and carbon dioxide into glucose and oxygen. Answer: concise summary."
Differentiate speed and velocity briefly.,"Speed is scalar (magnitude only); velocity is vector (magnitude and direction). Example: 10 m/s east is velocity; 10 m/s is speed. Answer: speed=scalar, velocity=vector."
Why is the printing press significant?,"It enabled mass production of books, spreading literacy and ideas rapidly across Europe. Answer: mass knowledge spread."
Write the prime factorization of 166.,166 = 2 × 83. Answer: 2 × 83.
Fix the punctuation: 'Lets eat Grandma',"Let's eat, Grandma. Answer: Let's eat, Grandma."
What was the Renaissance? One sentence.,"A cultural and intellectual revival starting in 14th‑century Italy that emphasized art, science, and humanism. Answer: European cultural revival."
Fix the punctuation: 'Lets eat Grandma',"Let's eat, Grandma. Answer: Let's eat, Grandma."
Why is the printing press significant?,"It enabled mass production of books, spreading literacy and ideas rapidly across Europe. Answer: mass knowledge spread."
What is Big-O time for binary search?,Binary search runs in O(log n) time on a sorted array. Answer: O(log n).
952 stickers are shared equally among 28 students. How many does each student get?,Each gets = 952 ÷ 28 = 34. Answer: 34.
What is Big-O time for binary search?,Binary search runs in O(log n) time on a sorted array. Answer: O(log n).
What was the Renaissance? One sentence.,"A cultural and intellectual revival starting in 14th‑century Italy that emphasized art, science, and humanism. Answer: European cultural revival."
A class has 17 boys and 46 girls. How many students are there in total?,Total = 17 + 46 = 63. Answer: 63.
Differentiate speed and velocity briefly.,"Speed is scalar (magnitude only); velocity is vector (magnitude and direction). Example: 10 m/s east is velocity; 10 m/s is speed. Answer: speed=scalar, velocity=vector."
Explain what a function does in programming.,A function groups reusable code to perform a task; it can take inputs (parameters) and return outputs. Answer: reusable code block.
What is the law of conservation of mass?,"In a closed system, mass is conserved during a chemical reaction; mass of reactants equals mass of products. Answer: mass conserved."
Find the GCD of 200 and 238.,"Using the Euclidean algorithm, GCD(200, 238) = 2. Answer: 2."
168 stickers are shared equally among 7 students. How many does each student get?,Each gets = 168 ÷ 7 = 24. Answer: 24.
Summarize in one sentence: 'Photosynthesis is how plants use sunlight to make food...',"Photosynthesis is the process by which plants convert sunlight, water, and carbon dioxide into glucose and oxygen. Answer: concise summary."
Why is the printing press significant?,"It enabled mass production of books, spreading literacy and ideas rapidly across Europe. Answer: mass knowledge spread."
Find the LCM of 48 and 189.,48 = 2 × 2 × 2 × 2 × 3; 189 = 3 × 3 × 3 × 7. LCM = 3024. Answer: 3024.
Solve for x: 7x + -8 = 5.,7x = 5 - -8 ⇒ x = (5 - -8)/7 = 1.8571428571428572. Answer: 1.8571428571428572.
What is Big-O time for binary search?,Binary search runs in O(log n) time on a sorted array. Answer: O(log n).
What does a hash map provide on average?,"Average O(1) insert, lookup, and delete via hashing. Answer: O(1) average operations."
Why is the printing press significant?,"It enabled mass production of books, spreading literacy and ideas rapidly across Europe. Answer: mass knowledge spread."
What is a catalyst?,"A catalyst increases reaction rate by lowering activation energy without being consumed. Answer: speeds up reaction, not consumed."
Write the prime factorization of 252.,252 = 2 × 2 × 3 × 3 × 7. Answer: 2 × 2 × 3 × 3 × 7.
Find 30% of 129.,30% of 129 = (30/100)×129 = 38.7. Answer: 38.7.
What does conservation of energy mean?,"Energy cannot be created or destroyed, only transformed between forms; total energy in an isolated system remains constant. Answer: energy conserved."
What is Big-O time for binary search?,Binary search runs in O(log n) time on a sorted array. Answer: O(log n).
Why is the printing press significant?,"It enabled mass production of books, spreading literacy and ideas rapidly across Europe. Answer: mass knowledge spread."
Write the prime factorization of 240.,240 = 2 × 2 × 2 × 2 × 3 × 5. Answer: 2 × 2 × 2 × 2 × 3 × 5.
Rewrite the sentence in active voice: 'The ball was thrown by John.',John threw the ball. Answer: John threw the ball.
Find the GCD of 13 and 218.,"Using the Euclidean algorithm, GCD(13, 218) = 1. Answer: 1."
What does a hash map provide on average?,"Average O(1) insert, lookup, and delete via hashing. Answer: O(1) average operations."
There were 13 apples in a basket. 7 were eaten. How many remain?,Remaining = 13 - 7 = 6. Answer: 6.
Write the prime factorization of 227.,227 = 227. Answer: 227.
Write the prime factorization of 384.,384 = 2 × 2 × 2 × 2 × 2 × 2 × 2 × 3. Answer: 2 × 2 × 2 × 2 × 2 × 2 × 2 × 3.
Fix the punctuation: 'Lets eat Grandma',"Let's eat, Grandma. Answer: Let's eat, Grandma."
What was the Renaissance? One sentence.,"A cultural and intellectual revival starting in 14th‑century Italy that emphasized art, science, and humanism. Answer: European cultural revival."
A class has 18 boys and 13 girls. How many students are there in total?,Total = 18 + 13 = 31. Answer: 31.
Solve for x: 6x + -1 = -10.,6x = -10 - -1 ⇒ x = (-10 - -1)/6 = -1.5. Answer: -1.5.
Define an acid and a base (Arrhenius).,"Arrhenius acid produces H⁺ in water; base produces OH⁻ in water. Example: HCl (acid), NaOH (base). Answer: H⁺ vs OH⁻ producers."
Fix the punctuation: 'Lets eat Grandma',"Let's eat, Grandma. Answer: Let's eat, Grandma."
Summarize in one sentence: 'Photosynthesis is how plants use sunlight to make food...',"Photosynthesis is the process by which plants convert sunlight, water, and carbon dioxide into glucose and oxygen. Answer: concise summary."
552 stickers are shared equally among 12 students. How many does each student get?,Each gets = 552 ÷ 12 = 46. Answer: 46.
Explain what a function does in programming.,A function groups reusable code to perform a task; it can take inputs (parameters) and return outputs. Answer: reusable code block.
Find 15% of 355.,15% of 355 = (15/100)×355 = 53.25. Answer: 53.25.
Convert 9478 m to centimeters.,9478 m × 100 = 947800 cm. Answer: 947800 cm.
Define an acid and a base (Arrhenius).,"Arrhenius acid produces H⁺ in water; base produces OH⁻ in water. Example: HCl (acid), NaOH (base). Answer: H⁺ vs OH⁻ producers."
A box has 48 rows of markers with 49 in each row. How many markers are there?,Total = 48 × 49 = 2352. Answer: 2352.
Find the GCD of 236 and 77.,"Using the Euclidean algorithm, GCD(236, 77) = 1. Answer: 1."
Fix the punctuation: 'Lets eat Grandma',"Let's eat, Grandma. Answer: Let's eat, Grandma."
Convert 6659 g to kilograms.,6659 g ÷ 1000 = 6.659 kg. Answer: 6.659 kg.
What was the Renaissance? One sentence.,"A cultural and intellectual revival starting in 14th‑century Italy that emphasized art, science, and humanism. Answer: European cultural revival."
Rewrite the sentence in active voice: 'The ball was thrown by John.',John threw the ball. Answer: John threw the ball.
A class has 30 boys and 42 girls. How many students are there in total?,Total = 30 + 42 = 72. Answer: 72.
Find the GCD of 98 and 217.,"Using the Euclidean algorithm, GCD(98, 217) = 7. Answer: 7."
432 stickers are shared equally among 36 students. How many does each student get?,Each gets = 432 ÷ 36 = 12. Answer: 12.
Define an acid and a base (Arrhenius).,"Arrhenius acid produces H⁺ in water; base produces OH⁻ in water. Example: HCl (acid), NaOH (base). Answer: H⁺ vs OH⁻ producers."
What does conservation of energy mean?,"Energy cannot be created or destroyed, only transformed between forms; total energy in an isolated system remains constant. Answer: energy conserved."
A box has 38 rows of markers with 2 in each row. How many markers are there?,Total = 38 × 2 = 76. Answer: 76.
What is Big-O time for binary search?,Binary search runs in O(log n) time on a sorted array. Answer: O(log n).
What does a hash map provide on average?,"Average O(1) insert, lookup, and delete via hashing. Answer: O(1) average operations."
What was the Renaissance? One sentence.,"A cultural and intellectual revival starting in 14th‑century Italy that emphasized art, science, and humanism. Answer: European cultural revival."
1419 stickers are shared equally among 33 students. How many does each student get?,Each gets = 1419 ÷ 33 = 43. Answer: 43.
Fix the punctuation: 'Lets eat Grandma',"Let's eat, Grandma. Answer: Let's eat, Grandma."
What does a hash map provide on average?,"Average O(1) insert, lookup, and delete via hashing. Answer: O(1) average operations."
Why is the printing press significant?,"It enabled mass production of books, spreading literacy and ideas rapidly across Europe. Answer: mass knowledge spread."
Why is the printing press significant?,"It enabled mass production of books, spreading literacy and ideas rapidly across Europe. Answer: mass knowledge spread."
Find the GCD of 236 and 221.,"Using the Euclidean algorithm, GCD(236, 221) = 1. Answer: 1."
Explain difference between list and tuple in Python.,"List is mutable; tuple is immutable. Example: lists can append, tuples cannot. Answer: mutability difference."
What was the Renaissance? One sentence.,"A cultural and intellectual revival starting in 14th‑century Italy that emphasized art, science, and humanism. Answer: European cultural revival."
Why is the printing press significant?,"It enabled mass production of books, spreading literacy and ideas rapidly across Europe. Answer: mass knowledge spread."
Fix the punctuation: 'Lets eat Grandma',"Let's eat, Grandma. Answer: Let's eat, Grandma."
2070 stickers are shared equally among 46 students. How many does each student get?,Each gets = 2070 ÷ 46 = 45. Answer: 45.
A class has 20 boys and 46 girls. How many students are there in total?,Total = 20 + 46 = 66. Answer: 66.
Find the LCM of 24 and 168.,24 = 2 × 2 × 2 × 3; 168 = 2 × 2 × 2 × 3 × 7. LCM = 168. Answer: 168.
Find 10% of 260.,10% of 260 = (10/100)×260 = 26.0. Answer: 26.0.
Summarize in one sentence: 'Photosynthesis is how plants use sunlight to make food...',"Photosynthesis is the process by which plants convert sunlight, water, and carbon dioxide into glucose and oxygen. Answer: concise summary."
What was the Renaissance? One sentence.,"A cultural and intellectual revival starting in 14th‑century Italy that emphasized art, science, and humanism. Answer: European cultural revival."
A class has 30 boys and 34 girls. How many students are there in total?,Total = 30 + 34 = 64. Answer: 64.
There were 28 apples in a basket. 20 were eaten. How many remain?,Remaining = 28 - 20 = 8. Answer: 8.
What is a catalyst?,"A catalyst increases reaction rate by lowering activation energy without being consumed. Answer: speeds up reaction, not consumed."
Why is the printing press significant?,"It enabled mass production of books, spreading literacy and ideas rapidly across Europe. Answer: mass knowledge spread."
Find the GCD of 242 and 65.,"Using the Euclidean algorithm, GCD(242, 65) = 1. Answer: 1."
Explain what a function does in programming.,A function groups reusable code to perform a task; it can take inputs (parameters) and return outputs. Answer: reusable code block.
Summarize in one sentence: 'Photosynthesis is how plants use sunlight to make food...',"Photosynthesis is the process by which plants convert sunlight, water, and carbon dioxide into glucose and oxygen. Answer: concise summary."
A class has 49 boys and 27 girls. How many students are there in total?,Total = 49 + 27 = 76. Answer: 76.
Explain difference between list and tuple in Python.,"List is mutable; tuple is immutable. Example: lists can append, tuples cannot. Answer: mutability difference."
Why is the printing press significant?,"It enabled mass production of books, spreading literacy and ideas rapidly across Europe. Answer: mass knowledge spread."
What does a hash map provide on average?,"Average O(1) insert, lookup, and delete via hashing. Answer: O(1) average operations."
Explain what a function does in programming.,A function groups reusable code to perform a task; it can take inputs (parameters) and return outputs. Answer: reusable code block.
34 stickers are shared equally among 17 students. How many does each student get?,Each gets = 34 ÷ 17 = 2. Answer: 2.
Find the LCM of 8 and 41.,8 = 2 × 2 × 2; 41 = 41. LCM = 328. Answer: 328.
What does a hash map provide on average?,"Average O(1) insert, lookup, and delete via hashing. Answer: O(1) average operations."
Explain difference between list and tuple in Python.,"List is mutable; tuple is immutable. Example: lists can append, tuples cannot. Answer: mutability difference."
Why is the printing press significant?,"It enabled mass production of books, spreading literacy and ideas rapidly across Europe. Answer: mass knowledge spread."
Define molar mass.,"Molar mass is the mass of one mole of a substance, in g/mol. Example: H₂O ≈ 18 g/mol. Answer: mass per mole."
Rewrite the sentence in active voice: 'The ball was thrown by John.',John threw the ball. Answer: John threw the ball.
Why is the printing press significant?,"It enabled mass production of books, spreading literacy and ideas rapidly across Europe. Answer: mass knowledge spread."
Find 12% of 269.,12% of 269 = (12/100)×269 = 32.28. Answer: 32.28.
There were 48 apples in a basket. 26 were eaten. How many remain?,Remaining = 48 - 26 = 22. Answer: 22.
Fix the punctuation: 'Lets eat Grandma',"Let's eat, Grandma. Answer: Let's eat, Grandma."
What was the Renaissance? One sentence.,"A cultural and intellectual revival starting in 14th‑century Italy that emphasized art, science, and humanism. Answer: European cultural revival."
Rewrite the sentence in active voice: 'The ball was thrown by John.',John threw the ball. Answer: John threw the ball.
Convert 2070 m to centimeters.,2070 m × 100 = 207000 cm. Answer: 207000 cm.
Convert 9453 g to kilograms.,9453 g ÷ 1000 = 9.453 kg. Answer: 9.453 kg.
There were 37 apples in a basket. 18 were eaten. How many remain?,Remaining = 37 - 18 = 19. Answer: 19.
Explain difference between list and tuple in Python.,"List is mutable; tuple is immutable. Example: lists can append, tuples cannot. Answer: mutability difference."
Find the LCM of 8 and 113.,8 = 2 × 2 × 2; 113 = 113. LCM = 904. Answer: 904.
Convert 9721 cm to meters.,9721 cm ÷ 100 = 97.21 m. Answer: 97.21 m.
Find 10% of 328.,10% of 328 = (10/100)×328 = 32.8. Answer: 32.8.
Why is the printing press significant?,"It enabled mass production of books, spreading literacy and ideas rapidly across Europe. Answer: mass knowledge spread."
Convert 2139 g to kilograms.,2139 g ÷ 1000 = 2.139 kg. Answer: 2.139 kg.
There were 42 apples in a basket. 24 were eaten. How many remain?,Remaining = 42 - 24 = 18. Answer: 18.
What does conservation of energy mean?,"Energy cannot be created or destroyed, only transformed between forms; total energy in an isolated system remains constant. Answer: energy conserved."
Explain difference between list and tuple in Python.,"List is mutable; tuple is immutable. Example: lists can append, tuples cannot. Answer: mutability difference."
What was the Renaissance? One sentence.,"A cultural and intellectual revival starting in 14th‑century Italy that emphasized art, science, and humanism. Answer: European cultural revival."
A class has 26 boys and 18 girls. How many students are there in total?,Total = 26 + 18 = 44. Answer: 44.
What is Big-O time for binary search?,Binary search runs in O(log n) time on a sorted array. Answer: O(log n).
Explain Newton's first law with an example.,Newton's first law (law of inertia) states an object remains at rest or moves at constant velocity unless acted on by a net external force. Example: A puck on frictionless ice glides at constant speed. Answer: Law of inertia.
A class has 39 boys and 8 girls. How many students are there in total?,Total = 39 + 8 = 47. Answer: 47.
Summarize in one sentence: 'Photosynthesis is how plants use sunlight to make food...',"Photosynthesis is the process by which plants convert sunlight, water, and carbon dioxide into glucose and oxygen. Answer: concise summary."
Find the LCM of 38 and 74.,38 = 2 × 19; 74 = 2 × 37. LCM = 1406. Answer: 1406.
Explain difference between list and tuple in Python.,"List is mutable; tuple is immutable. Example: lists can append, tuples cannot. Answer: mutability difference."
Find the LCM of 128 and 94.,128 = 2 × 2 × 2 × 2 × 2 × 2 × 2; 94 = 2 × 47. LCM = 6016. Answer: 6016.
What is the law of conservation of mass?,"In a closed system, mass is conserved during a chemical reaction; mass of reactants equals mass of products. Answer: mass conserved."
Solve for x: 1x + 6 = -16.,1x = -16 - 6 ⇒ x = (-16 - 6)/1 = -22.0. Answer: -22.0.
Summarize in one sentence: 'Photosynthesis is how plants use sunlight to make food...',"Photosynthesis is the process by which plants convert sunlight, water, and carbon dioxide into glucose and oxygen. Answer: concise summary."
Find the GCD of 216 and 194.,"Using the Euclidean algorithm, GCD(216, 194) = 2. Answer: 2."
Explain what a function does in programming.,A function groups reusable code to perform a task; it can take inputs (parameters) and return outputs. Answer: reusable code block.
State Ohm's law and give a simple calculation.,"Ohm's law: V = I R. If I = 2 A and R = 5 Ω, then V = 10 V. Answer: V = IR."
What is Big-O time for binary search?,Binary search runs in O(log n) time on a sorted array. Answer: O(log n).
Explain Newton's first law with an example.,Newton's first law (law of inertia) states an object remains at rest or moves at constant velocity unless acted on by a net external force. Example: A puck on frictionless ice glides at constant speed. Answer: Law of inertia.
Write the prime factorization of 197.,197 = 197. Answer: 197.
Summarize in one sentence: 'Photosynthesis is how plants use sunlight to make food...',"Photosynthesis is the process by which plants convert sunlight, water, and carbon dioxide into glucose and oxygen. Answer: concise summary."
What was the Renaissance? One sentence.,"A cultural and intellectual revival starting in 14th‑century Italy that emphasized art, science, and humanism. Answer: European cultural revival."
Define molar mass.,"Molar mass is the mass of one mole of a substance, in g/mol. Example: H₂O ≈ 18 g/mol. Answer: mass per mole."
There were 18 apples in a basket. 9 were eaten. How many remain?,Remaining = 18 - 9 = 9. Answer: 9.
What was the Renaissance? One sentence.,"A cultural and intellectual revival starting in 14th‑century Italy that emphasized art, science, and humanism. Answer: European cultural revival."
What was the Renaissance? One sentence.,"A cultural and intellectual revival starting in 14th‑century Italy that emphasized art, science, and humanism. Answer: European cultural revival."
What was the Renaissance? One sentence.,"A cultural and intellectual revival starting in 14th‑century Italy that emphasized art, science, and humanism. Answer: European cultural revival."
Define an acid and a base (Arrhenius).,"Arrhenius acid produces H⁺ in water; base produces OH⁻ in water. Example: HCl (acid), NaOH (base). Answer: H⁺ vs OH⁻ producers."
Find the GCD of 17 and 169.,"Using the Euclidean algorithm, GCD(17, 169) = 1. Answer: 1."
What does conservation of energy mean?,"Energy cannot be created or destroyed, only transformed between forms; total energy in an isolated system remains constant. Answer: energy conserved."
Convert 2074 g to kilograms.,2074 g ÷ 1000 = 2.074 kg. Answer: 2.074 kg.
Explain what a function does in programming.,A function groups reusable code to perform a task; it can take inputs (parameters) and return outputs. Answer: reusable code block.
Differentiate speed and velocity briefly.,"Speed is scalar (magnitude only); velocity is vector (magnitude and direction). Example: 10 m/s east is velocity; 10 m/s is speed. Answer: speed=scalar, velocity=vector."
What does a hash map provide on average?,"Average O(1) insert, lookup, and delete via hashing. Answer: O(1) average operations."
Summarize in one sentence: 'Photosynthesis is how plants use sunlight to make food...',"Photosynthesis is the process by which plants convert sunlight, water, and carbon dioxide into glucose and oxygen. Answer: concise summary."
Fix the punctuation: 'Lets eat Grandma',"Let's eat, Grandma. Answer: Let's eat, Grandma."
Why is the printing press significant?,"It enabled mass production of books, spreading literacy and ideas rapidly across Europe. Answer: mass knowledge spread."
Explain refraction in simple words.,Refraction is the bending of light as it passes between media with different optical density due to speed change. Answer: bending due to speed change.
What does conservation of energy mean?,"Energy cannot be created or destroyed, only transformed between forms; total energy in an isolated system remains constant. Answer: energy conserved."
893 stickers are shared equally among 47 students. How many does each student get?,Each gets = 893 ÷ 47 = 19. Answer: 19.
Find 18% of 350.,18% of 350 = (18/100)×350 = 63.0. Answer: 63.0.
What does conservation of energy mean?,"Energy cannot be created or destroyed, only transformed between forms; total energy in an isolated system remains constant. Answer: energy conserved."
957 stickers are shared equally among 33 students. How many does each student get?,Each gets = 957 ÷ 33 = 29. Answer: 29.
Summarize in one sentence: 'Photosynthesis is how plants use sunlight to make food...',"Photosynthesis is the process by which plants convert sunlight, water, and carbon dioxide into glucose and oxygen. Answer: concise summary."
A class has 19 boys and 22 girls. How many students are there in total?,Total = 19 + 22 = 41. Answer: 41.
Why is the printing press significant?,"It enabled mass production of books, spreading literacy and ideas rapidly across Europe. Answer: mass knowledge spread."
Rewrite the sentence in active voice: 'The ball was thrown by John.',John threw the ball. Answer: John threw the ball.
Why is the printing press significant?,"It enabled mass production of books, spreading literacy and ideas rapidly across Europe. Answer: mass knowledge spread."
What is Big-O time for binary search?,Binary search runs in O(log n) time on a sorted array. Answer: O(log n).
Rewrite the sentence in active voice: 'The ball was thrown by John.',John threw the ball. Answer: John threw the ball.
Find 40% of 179.,40% of 179 = (40/100)×179 = 71.6. Answer: 71.6.
Fix the punctuation: 'Lets eat Grandma',"Let's eat, Grandma. Answer: Let's eat, Grandma."
Why is the printing press significant?,"It enabled mass production of books, spreading literacy and ideas rapidly across Europe. Answer: mass knowledge spread."
Rewrite the sentence in active voice: 'The ball was thrown by John.',John threw the ball. Answer: John threw the ball.
Find the GCD of 167 and 221.,"Using the Euclidean algorithm, GCD(167, 221) = 1. Answer: 1."
Define an acid and a base (Arrhenius).,"Arrhenius acid produces H⁺ in water; base produces OH⁻ in water. Example: HCl (acid), NaOH (base). Answer: H⁺ vs OH⁻ producers."
Differentiate speed and velocity briefly.,"Speed is scalar (magnitude only); velocity is vector (magnitude and direction). Example: 10 m/s east is velocity; 10 m/s is speed. Answer: speed=scalar, velocity=vector."
Define an acid and a base (Arrhenius).,"Arrhenius acid produces H⁺ in water; base produces OH⁻ in water. Example: HCl (acid), NaOH (base). Answer: H⁺ vs OH⁻ producers."
Explain difference between list and tuple in Python.,"List is mutable; tuple is immutable. Example: lists can append, tuples cannot. Answer: mutability difference."
What is Big-O time for binary search?,Binary search runs in O(log n) time on a sorted array. Answer: O(log n).
Write the prime factorization of 372.,372 = 2 × 2 × 3 × 31. Answer: 2 × 2 × 3 × 31.
Convert 5389 cm to meters.,5389 cm ÷ 100 = 53.89 m. Answer: 53.89 m.
Summarize in one sentence: 'Photosynthesis is how plants use sunlight to make food...',"Photosynthesis is the process by which plants convert sunlight, water, and carbon dioxide into glucose and oxygen. Answer: concise summary."
Explain difference between list and tuple in Python.,"List is mutable; tuple is immutable. Example: lists can append, tuples cannot. Answer: mutability difference."
What was the Renaissance? One sentence.,"A cultural and intellectual revival starting in 14th‑century Italy that emphasized art, science, and humanism. Answer: European cultural revival."
Fix the punctuation: 'Lets eat Grandma',"Let's eat, Grandma. Answer: Let's eat, Grandma."
What was the Renaissance? One sentence.,"A cultural and intellectual revival starting in 14th‑century Italy that emphasized art, science, and humanism. Answer: European cultural revival."
What was the Renaissance? One sentence.,"A cultural and intellectual revival starting in 14th‑century Italy that emphasized art, science, and humanism. Answer: European cultural revival."
Find 40% of 192.,40% of 192 = (40/100)×192 = 76.8. Answer: 76.8.
228 stickers are shared equally among 6 students. How many does each student get?,Each gets = 228 ÷ 6 = 38. Answer: 38.
A box has 50 rows of markers with 29 in each row. How many markers are there?,Total = 50 × 29 = 1450. Answer: 1450.
Explain difference between list and tuple in Python.,"List is mutable; tuple is immutable. Example: lists can append, tuples cannot. Answer: mutability difference."
Explain Newton's first law with an example.,Newton's first law (law of inertia) states an object remains at rest or moves at constant velocity unless acted on by a net external force. Example: A puck on frictionless ice glides at constant speed. Answer: Law of inertia.
Fix the punctuation: 'Lets eat Grandma',"Let's eat, Grandma. Answer: Let's eat, Grandma."
Write the prime factorization of 235.,235 = 5 × 47. Answer: 5 × 47.
Find the LCM of 117 and 45.,117 = 3 × 3 × 13; 45 = 3 × 3 × 5. LCM = 585. Answer: 585.
Why is the printing press significant?,"It enabled mass production of books, spreading literacy and ideas rapidly across Europe. Answer: mass knowledge spread."
Why is the printing press significant?,"It enabled mass production of books, spreading literacy and ideas rapidly across Europe. Answer: mass knowledge spread."
Explain Newton's first law with an example.,Newton's first law (law of inertia) states an object remains at rest or moves at constant velocity unless acted on by a net external force. Example: A puck on frictionless ice glides at constant speed. Answer: Law of inertia.
What is Big-O time for binary search?,Binary search runs in O(log n) time on a sorted array. Answer: O(log n).
76 stickers are shared equally among 38 students. How many does each student get?,Each gets = 76 ÷ 38 = 2. Answer: 2.
Explain difference between list and tuple in Python.,"List is mutable; tuple is immutable. Example: lists can append, tuples cannot. Answer: mutability difference."
Rewrite the sentence in active voice: 'The ball was thrown by John.',John threw the ball. Answer: John threw the ball.
What was the Renaissance? One sentence.,"A cultural and intellectual revival starting in 14th‑century Italy that emphasized art, science, and humanism. Answer: European cultural revival."
What is Big-O time for binary search?,Binary search runs in O(log n) time on a sorted array. Answer: O(log n).
Solve for x: 2x + 6 = -1.,2x = -1 - 6 ⇒ x = (-1 - 6)/2 = -3.5. Answer: -3.5.
What does a hash map provide on average?,"Average O(1) insert, lookup, and delete via hashing. Answer: O(1) average operations."
Explain what a function does in programming.,A function groups reusable code to perform a task; it can take inputs (parameters) and return outputs. Answer: reusable code block.
Find 30% of 210.,30% of 210 = (30/100)×210 = 63.0. Answer: 63.0.
What was the Renaissance? One sentence.,"A cultural and intellectual revival starting in 14th‑century Italy that emphasized art, science, and humanism. Answer: European cultural revival."
Fix the punctuation: 'Lets eat Grandma',"Let's eat, Grandma. Answer: Let's eat, Grandma."
A class has 31 boys and 33 girls. How many students are there in total?,Total = 31 + 33 = 64. Answer: 64.
What is Big-O time for binary search?,Binary search runs in O(log n) time on a sorted array. Answer: O(log n).
Find the GCD of 26 and 7.,"Using the Euclidean algorithm, GCD(26, 7) = 1. Answer: 1."
Differentiate speed and velocity briefly.,"Speed is scalar (magnitude only); velocity is vector (magnitude and direction). Example: 10 m/s east is velocity; 10 m/s is speed. Answer: speed=scalar, velocity=vector."
Explain what a function does in programming.,A function groups reusable code to perform a task; it can take inputs (parameters) and return outputs. Answer: reusable code block.
State Ohm's law and give a simple calculation.,"Ohm's law: V = I R. If I = 2 A and R = 5 Ω, then V = 10 V. Answer: V = IR."
Find the GCD of 190 and 277.,"Using the Euclidean algorithm, GCD(190, 277) = 1. Answer: 1."
Convert 861 g to kilograms.,861 g ÷ 1000 = 0.861 kg. Answer: 0.861 kg.
Find the LCM of 14 and 79.,14 = 2 × 7; 79 = 79. LCM = 1106. Answer: 1106.
Write the prime factorization of 188.,188 = 2 × 2 × 47. Answer: 2 × 2 × 47.
A box has 41 rows of markers with 26 in each row. How many markers are there?,Total = 41 × 26 = 1066. Answer: 1066.
120 stickers are shared equally among 12 students. How many does each student get?,Each gets = 120 ÷ 12 = 10. Answer: 10.
Find the GCD of 165 and 77.,"Using the Euclidean algorithm, GCD(165, 77) = 11. Answer: 11."
Why is the printing press significant?,"It enabled mass production of books, spreading literacy and ideas rapidly across Europe. Answer: mass knowledge spread."
A class has 30 boys and 44 girls. How many students are there in total?,Total = 30 + 44 = 74. Answer: 74.
What was the Renaissance? One sentence.,"A cultural and intellectual revival starting in 14th‑century Italy that emphasized art, science, and humanism. Answer: European cultural revival."
Why is the printing press significant?,"It enabled mass production of books, spreading literacy and ideas rapidly across Europe. Answer: mass knowledge spread."
A box has 33 rows of markers with 19 in each row. How many markers are there?,Total = 33 × 19 = 627. Answer: 627.
A class has 32 boys and 16 girls. How many students are there in total?,Total = 32 + 16 = 48. Answer: 48.
What does a hash map provide on average?,"Average O(1) insert, lookup, and delete via hashing. Answer: O(1) average operations."
There were 24 apples in a basket. 7 were eaten. How many remain?,Remaining = 24 - 7 = 17. Answer: 17.
There were 49 apples in a basket. 43 were eaten. How many remain?,Remaining = 49 - 43 = 6. Answer: 6.
36 stickers are shared equally among 6 students. How many does each student get?,Each gets = 36 ÷ 6 = 6. Answer: 6.
Find the GCD of 8 and 112.,"Using the Euclidean algorithm, GCD(8, 112) = 8. Answer: 8."
Fix the punctuation: 'Lets eat Grandma',"Let's eat, Grandma. Answer: Let's eat, Grandma."
What is a catalyst?,"A catalyst increases reaction rate by lowering activation energy without being consumed. Answer: speeds up reaction, not consumed."
Write the prime factorization of 126.,126 = 2 × 3 × 3 × 7. Answer: 2 × 3 × 3 × 7.
Why is the printing press significant?,"It enabled mass production of books, spreading literacy and ideas rapidly across Europe. Answer: mass knowledge spread."
Explain what a function does in programming.,A function groups reusable code to perform a task; it can take inputs (parameters) and return outputs. Answer: reusable code block.
A class has 11 boys and 34 girls. How many students are there in total?,Total = 11 + 34 = 45. Answer: 45.
What does conservation of energy mean?,"Energy cannot be created or destroyed, only transformed between forms; total energy in an isolated system remains constant. Answer: energy conserved."
Explain what a function does in programming.,A function groups reusable code to perform a task; it can take inputs (parameters) and return outputs. Answer: reusable code block.
Summarize in one sentence: 'Photosynthesis is how plants use sunlight to make food...',"Photosynthesis is the process by which plants convert sunlight, water, and carbon dioxide into glucose and oxygen. Answer: concise summary."
What was the Renaissance? One sentence.,"A cultural and intellectual revival starting in 14th‑century Italy that emphasized art, science, and humanism. Answer: European cultural revival."
Rewrite the sentence in active voice: 'The ball was thrown by John.',John threw the ball. Answer: John threw the ball.
Write the prime factorization of 236.,236 = 2 × 2 × 59. Answer: 2 × 2 × 59.
Explain refraction in simple words.,Refraction is the bending of light as it passes between media with different optical density due to speed change. Answer: bending due to speed change.
What was the Renaissance? One sentence.,"A cultural and intellectual revival starting in 14th‑century Italy that emphasized art, science, and humanism. Answer: European cultural revival."
What is a catalyst?,"A catalyst increases reaction rate by lowering activation energy without being consumed. Answer: speeds up reaction, not consumed."
Convert 1806 cm to meters.,1806 cm ÷ 100 = 18.06 m. Answer: 18.06 m.
Solve for x: 3x + -3 = -19.,3x = -19 - -3 ⇒ x = (-19 - -3)/3 = -5.333333333333333. Answer: -5.333333333333333.
Summarize in one sentence: 'Photosynthesis is how plants use sunlight to make food...',"Photosynthesis is the process by which plants convert sunlight, water, and carbon dioxide into glucose and oxygen. Answer: concise summary."
Why is the printing press significant?,"It enabled mass production of books, spreading literacy and ideas rapidly across Europe. Answer: mass knowledge spread."
What does a hash map provide on average?,"Average O(1) insert, lookup, and delete via hashing. Answer: O(1) average operations."
Find 20% of 93.,20% of 93 = (20/100)×93 = 18.6. Answer: 18.6.
Rewrite the sentence in active voice: 'The ball was thrown by John.',John threw the ball. Answer: John threw the ball.
What is the law of conservation of mass?,"In a closed system, mass is conserved during a chemical reaction; mass of reactants equals mass of products. Answer: mass conserved."
Why is the printing press significant?,"It enabled mass production of books, spreading literacy and ideas rapidly across Europe. Answer: mass knowledge spread."
Why is the printing press significant?,"It enabled mass production of books, spreading literacy and ideas rapidly across Europe. Answer: mass knowledge spread."
Solve for x: 5x + 3 = -14.,5x = -14 - 3 ⇒ x = (-14 - 3)/5 = -3.4. Answer: -3.4.
Convert 6268 m to centimeters.,6268 m × 100 = 626800 cm. Answer: 626800 cm.
Rewrite the sentence in active voice: 'The ball was thrown by John.',John threw the ball. Answer: John threw the ball.
Explain difference between list and tuple in Python.,"List is mutable; tuple is immutable. Example: lists can append, tuples cannot. Answer: mutability difference."
Rewrite the sentence in active voice: 'The ball was thrown by John.',John threw the ball. Answer: John threw the ball.
Why is the printing press significant?,"It enabled mass production of books, spreading literacy and ideas rapidly across Europe. Answer: mass knowledge spread."
Why is the printing press significant?,"It enabled mass production of books, spreading literacy and ideas rapidly across Europe. Answer: mass knowledge spread."
Why is the printing press significant?,"It enabled mass production of books, spreading literacy and ideas rapidly across Europe. Answer: mass knowledge spread."
Convert 818 m to centimeters.,818 m × 100 = 81800 cm. Answer: 81800 cm.
Differentiate speed and velocity briefly.,"Speed is scalar (magnitude only); velocity is vector (magnitude and direction). Example: 10 m/s east is velocity; 10 m/s is speed. Answer: speed=scalar, velocity=vector."
Differentiate speed and velocity briefly.,"Speed is scalar (magnitude only); velocity is vector (magnitude and direction). Example: 10 m/s east is velocity; 10 m/s is speed. Answer: speed=scalar, velocity=vector."
Find the LCM of 149 and 70.,149 = 149; 70 = 2 × 5 × 7. LCM = 10430. Answer: 10430.
Differentiate speed and velocity briefly.,"Speed is scalar (magnitude only); velocity is vector (magnitude and direction). Example: 10 m/s east is velocity; 10 m/s is speed. Answer: speed=scalar, velocity=vector."
What was the Renaissance? One sentence.,"A cultural and intellectual revival starting in 14th‑century Italy that emphasized art, science, and humanism. Answer: European cultural revival."
Explain difference between list and tuple in Python.,"List is mutable; tuple is immutable. Example: lists can append, tuples cannot. Answer: mutability difference."
Why is the printing press significant?,"It enabled mass production of books, spreading literacy and ideas rapidly across Europe. Answer: mass knowledge spread."
Fix the punctuation: 'Lets eat Grandma',"Let's eat, Grandma. Answer: Let's eat, Grandma."
Find the GCD of 139 and 255.,"Using the Euclidean algorithm, GCD(139, 255) = 1. Answer: 1."
State Ohm's law and give a simple calculation.,"Ohm's law: V = I R. If I = 2 A and R = 5 Ω, then V = 10 V. Answer: V = IR."
Define an acid and a base (Arrhenius).,"Arrhenius acid produces H⁺ in water; base produces OH⁻ in water. Example: HCl (acid), NaOH (base). Answer: H⁺ vs OH⁻ producers."
A box has 20 rows of markers with 47 in each row. How many markers are there?,Total = 20 × 47 = 940. Answer: 940.
There were 8 apples in a basket. 2 were eaten. How many remain?,Remaining = 8 - 2 = 6. Answer: 6.
Why is the printing press significant?,"It enabled mass production of books, spreading literacy and ideas rapidly across Europe. Answer: mass knowledge spread."
There were 46 apples in a basket. 21 were eaten. How many remain?,Remaining = 46 - 21 = 25. Answer: 25.
Define an acid and a base (Arrhenius).,"Arrhenius acid produces H⁺ in water; base produces OH⁻ in water. Example: HCl (acid), NaOH (base). Answer: H⁺ vs OH⁻ producers."
There were 12 apples in a basket. 6 were eaten. How many remain?,Remaining = 12 - 6 = 6. Answer: 6.
Explain what a function does in programming.,A function groups reusable code to perform a task; it can take inputs (parameters) and return outputs. Answer: reusable code block.
Explain Newton's first law with an example.,Newton's first law (law of inertia) states an object remains at rest or moves at constant velocity unless acted on by a net external force. Example: A puck on frictionless ice glides at constant speed. Answer: Law of inertia.
A box has 32 rows of markers with 29 in each row. How many markers are there?,Total = 32 × 29 = 928. Answer: 928.
Find the GCD of 137 and 41.,"Using the Euclidean algorithm, GCD(137, 41) = 1. Answer: 1."
Explain Newton's first law with an example.,Newton's first law (law of inertia) states an object remains at rest or moves at constant velocity unless acted on by a net external force. Example: A puck on frictionless ice glides at constant speed. Answer: Law of inertia.
Why is the printing press significant?,"It enabled mass production of books, spreading literacy and ideas rapidly across Europe. Answer: mass knowledge spread."
Summarize in one sentence: 'Photosynthesis is how plants use sunlight to make food...',"Photosynthesis is the process by which plants convert sunlight, water, and carbon dioxide into glucose and oxygen. Answer: concise summary."
Solve for x: 4x + 10 = -13.,4x = -13 - 10 ⇒ x = (-13 - 10)/4 = -5.75. Answer: -5.75.
Find the LCM of 147 and 176.,147 = 3 × 7 × 7; 176 = 2 × 2 × 2 × 2 × 11. LCM = 25872. Answer: 25872.
Explain difference between list and tuple in Python.,"List is mutable; tuple is immutable. Example: lists can append, tuples cannot. Answer: mutability difference."
What was the Renaissance? One sentence.,"A cultural and intellectual revival starting in 14th‑century Italy that emphasized art, science, and humanism. Answer: European cultural revival."
Differentiate speed and velocity briefly.,"Speed is scalar (magnitude only); velocity is vector (magnitude and direction). Example: 10 m/s east is velocity; 10 m/s is speed. Answer: speed=scalar, velocity=vector."
Write the prime factorization of 396.,396 = 2 × 2 × 3 × 3 × 11. Answer: 2 × 2 × 3 × 3 × 11.
Explain what a function does in programming.,A function groups reusable code to perform a task; it can take inputs (parameters) and return outputs. Answer: reusable code block.
Summarize in one sentence: 'Photosynthesis is how plants use sunlight to make food...',"Photosynthesis is the process by which plants convert sunlight, water, and carbon dioxide into glucose and oxygen. Answer: concise summary."
What does a hash map provide on average?,"Average O(1) insert, lookup, and delete via hashing. Answer: O(1) average operations."
A box has 33 rows of markers with 18 in each row. How many markers are there?,Total = 33 × 18 = 594. Answer: 594.
Rewrite the sentence in active voice: 'The ball was thrown by John.',John threw the ball. Answer: John threw the ball.
What does a hash map provide on average?,"Average O(1) insert, lookup, and delete via hashing. Answer: O(1) average operations."
805 stickers are shared equally among 23 students. How many does each student get?,Each gets = 805 ÷ 23 = 35. Answer: 35.
Write the prime factorization of 371.,371 = 7 × 53. Answer: 7 × 53.
What was the Renaissance? One sentence.,"A cultural and intellectual revival starting in 14th‑century Italy that emphasized art, science, and humanism. Answer: European cultural revival."
What is the law of conservation of mass?,"In a closed system, mass is conserved during a chemical reaction; mass of reactants equals mass of products. Answer: mass conserved."
State Ohm's law and give a simple calculation.,"Ohm's law: V = I R. If I = 2 A and R = 5 Ω, then V = 10 V. Answer: V = IR."
Explain what a function does in programming.,A function groups reusable code to perform a task; it can take inputs (parameters) and return outputs. Answer: reusable code block.
Find the GCD of 297 and 222.,"Using the Euclidean algorithm, GCD(297, 222) = 3. Answer: 3."
Explain difference between list and tuple in Python.,"List is mutable; tuple is immutable. Example: lists can append, tuples cannot. Answer: mutability difference."
98 stickers are shared equally among 7 students. How many does each student get?,Each gets = 98 ÷ 7 = 14. Answer: 14.
152 stickers are shared equally among 8 students. How many does each student get?,Each gets = 152 ÷ 8 = 19. Answer: 19.
What was the Renaissance? One sentence.,"A cultural and intellectual revival starting in 14th‑century Italy that emphasized art, science, and humanism. Answer: European cultural revival."
What does a hash map provide on average?,"Average O(1) insert, lookup, and delete via hashing. Answer: O(1) average operations."
Explain what a function does in programming.,A function groups reusable code to perform a task; it can take inputs (parameters) and return outputs. Answer: reusable code block.
Why is the printing press significant?,"It enabled mass production of books, spreading literacy and ideas rapidly across Europe. Answer: mass knowledge spread."
What does a hash map provide on average?,"Average O(1) insert, lookup, and delete via hashing. Answer: O(1) average operations."
Explain Newton's first law with an example.,Newton's first law (law of inertia) states an object remains at rest or moves at constant velocity unless acted on by a net external force. Example: A puck on frictionless ice glides at constant speed. Answer: Law of inertia.
Why is the printing press significant?,"It enabled mass production of books, spreading literacy and ideas rapidly across Europe. Answer: mass knowledge spread."
What was the Renaissance? One sentence.,"A cultural and intellectual revival starting in 14th‑century Italy that emphasized art, science, and humanism. Answer: European cultural revival."
Fix the punctuation: 'Lets eat Grandma',"Let's eat, Grandma. Answer: Let's eat, Grandma."
Why is the printing press significant?,"It enabled mass production of books, spreading literacy and ideas rapidly across Europe. Answer: mass knowledge spread."
What is Big-O time for binary search?,Binary search runs in O(log n) time on a sorted array. Answer: O(log n).
Solve for x: 11x + -11 = 9.,11x = 9 - -11 ⇒ x = (9 - -11)/11 = 1.8181818181818181. Answer: 1.8181818181818181.
A box has 11 rows of markers with 35 in each row. How many markers are there?,Total = 11 × 35 = 385. Answer: 385.
What was the Renaissance? One sentence.,"A cultural and intellectual revival starting in 14th‑century Italy that emphasized art, science, and humanism. Answer: European cultural revival."
Explain what a function does in programming.,A function groups reusable code to perform a task; it can take inputs (parameters) and return outputs. Answer: reusable code block.
What is Big-O time for binary search?,Binary search runs in O(log n) time on a sorted array. Answer: O(log n).
What is Big-O time for binary search?,Binary search runs in O(log n) time on a sorted array. Answer: O(log n).
Rewrite the sentence in active voice: 'The ball was thrown by John.',John threw the ball. Answer: John threw the ball.
Explain refraction in simple words.,Refraction is the bending of light as it passes between media with different optical density due to speed change. Answer: bending due to speed change.
What was the Renaissance? One sentence.,"A cultural and intellectual revival starting in 14th‑century Italy that emphasized art, science, and humanism. Answer: European cultural revival."
Solve for x: 5x + -20 = 7.,5x = 7 - -20 ⇒ x = (7 - -20)/5 = 5.4. Answer: 5.4.
What is Big-O time for binary search?,Binary search runs in O(log n) time on a sorted array. Answer: O(log n).
Write the prime factorization of 90.,90 = 2 × 3 × 3 × 5. Answer: 2 × 3 × 3 × 5.
What does a hash map provide on average?,"Average O(1) insert, lookup, and delete via hashing. Answer: O(1) average operations."
What was the Renaissance? One sentence.,"A cultural and intellectual revival starting in 14th‑century Italy that emphasized art, science, and humanism. Answer: European cultural revival."
Convert 4435 cm to meters.,4435 cm ÷ 100 = 44.35 m. Answer: 44.35 m.
A class has 14 boys and 29 girls. How many students are there in total?,Total = 14 + 29 = 43. Answer: 43.
Explain difference between list and tuple in Python.,"List is mutable; tuple is immutable. Example: lists can append, tuples cannot. Answer: mutability difference."
Solve for x: 6x + -5 = 20.,6x = 20 - -5 ⇒ x = (20 - -5)/6 = 4.166666666666667. Answer: 4.166666666666667.
Fix the punctuation: 'Lets eat Grandma',"Let's eat, Grandma. Answer: Let's eat, Grandma."
Rewrite the sentence in active voice: 'The ball was thrown by John.',John threw the ball. Answer: John threw the ball.
What does a hash map provide on average?,"Average O(1) insert, lookup, and delete via hashing. Answer: O(1) average operations."
Why is the printing press significant?,"It enabled mass production of books, spreading literacy and ideas rapidly across Europe. Answer: mass knowledge spread."
What is the law of conservation of mass?,"In a closed system, mass is conserved during a chemical reaction; mass of reactants equals mass of products. Answer: mass conserved."
There were 39 apples in a basket. 22 were eaten. How many remain?,Remaining = 39 - 22 = 17. Answer: 17.
There were 18 apples in a basket. 14 were eaten. How many remain?,Remaining = 18 - 14 = 4. Answer: 4.
Summarize in one sentence: 'Photosynthesis is how plants use sunlight to make food...',"Photosynthesis is the process by which plants convert sunlight, water, and carbon dioxide into glucose and oxygen. Answer: concise summary."
Explain refraction in simple words.,Refraction is the bending of light as it passes between media with different optical density due to speed change. Answer: bending due to speed change.
What is Big-O time for binary search?,Binary search runs in O(log n) time on a sorted array. Answer: O(log n).
Explain what a function does in programming.,A function groups reusable code to perform a task; it can take inputs (parameters) and return outputs. Answer: reusable code block.
What was the Renaissance? One sentence.,"A cultural and intellectual revival starting in 14th‑century Italy that emphasized art, science, and humanism. Answer: European cultural revival."
Fix the punctuation: 'Lets eat Grandma',"Let's eat, Grandma. Answer: Let's eat, Grandma."
Find the GCD of 271 and 228.,"Using the Euclidean algorithm, GCD(271, 228) = 1. Answer: 1."
A box has 22 rows of markers with 34 in each row. How many markers are there?,Total = 22 × 34 = 748. Answer: 748.
Fix the punctuation: 'Lets eat Grandma',"Let's eat, Grandma. Answer: Let's eat, Grandma."
Fix the punctuation: 'Lets eat Grandma',"Let's eat, Grandma. Answer: Let's eat, Grandma."
Fix the punctuation: 'Lets eat Grandma',"Let's eat, Grandma. Answer: Let's eat, Grandma."
Rewrite the sentence in active voice: 'The ball was thrown by John.',John threw the ball. Answer: John threw the ball.
What was the Renaissance? One sentence.,"A cultural and intellectual revival starting in 14th‑century Italy that emphasized art, science, and humanism. Answer: European cultural revival."
Rewrite the sentence in active voice: 'The ball was thrown by John.',John threw the ball. Answer: John threw the ball.
Explain refraction in simple words.,Refraction is the bending of light as it passes between media with different optical density due to speed change. Answer: bending due to speed change.
Define molar mass.,"Molar mass is the mass of one mole of a substance, in g/mol. Example: H₂O ≈ 18 g/mol. Answer: mass per mole."
Explain difference between list and tuple in Python.,"List is mutable; tuple is immutable. Example: lists can append, tuples cannot. Answer: mutability difference."
Why is the printing press significant?,"It enabled mass production of books, spreading literacy and ideas rapidly across Europe. Answer: mass knowledge spread."
Solve for x: 3x + 5 = -20.,3x = -20 - 5 ⇒ x = (-20 - 5)/3 = -8.333333333333334. Answer: -8.333333333333334.
Summarize in one sentence: 'Photosynthesis is how plants use sunlight to make food...',"Photosynthesis is the process by which plants convert sunlight, water, and carbon dioxide into glucose and oxygen. Answer: concise summary."
Rewrite the sentence in active voice: 'The ball was thrown by John.',John threw the ball. Answer: John threw the ball.
Find the LCM of 71 and 168.,71 = 71; 168 = 2 × 2 × 2 × 3 × 7. LCM = 11928. Answer: 11928.
Write the prime factorization of 324.,324 = 2 × 2 × 3 × 3 × 3 × 3. Answer: 2 × 2 × 3 × 3 × 3 × 3.
Write the prime factorization of 309.,309 = 3 × 103. Answer: 3 × 103.
Summarize in one sentence: 'Photosynthesis is how plants use sunlight to make food...',"Photosynthesis is the process by which plants convert sunlight, water, and carbon dioxide into glucose and oxygen. Answer: concise summary."
What is Big-O time for binary search?,Binary search runs in O(log n) time on a sorted array. Answer: O(log n).
Convert 9579 m to centimeters.,9579 m × 100 = 957900 cm. Answer: 957900 cm.
What was the Renaissance? One sentence.,"A cultural and intellectual revival starting in 14th‑century Italy that emphasized art, science, and humanism. Answer: European cultural revival."
There were 35 apples in a basket. 15 were eaten. How many remain?,Remaining = 35 - 15 = 20. Answer: 20.
Why is the printing press significant?,"It enabled mass production of books, spreading literacy and ideas rapidly across Europe. Answer: mass knowledge spread."
What does conservation of energy mean?,"Energy cannot be created or destroyed, only transformed between forms; total energy in an isolated system remains constant. Answer: energy conserved."
A box has 42 rows of markers with 11 in each row. How many markers are there?,Total = 42 × 11 = 462. Answer: 462.
A class has 21 boys and 48 girls. How many students are there in total?,Total = 21 + 48 = 69. Answer: 69.
Summarize in one sentence: 'Photosynthesis is how plants use sunlight to make food...',"Photosynthesis is the process by which plants convert sunlight, water, and carbon dioxide into glucose and oxygen. Answer: concise summary."
A class has 14 boys and 9 girls. How many students are there in total?,Total = 14 + 9 = 23. Answer: 23.
Find the GCD of 63 and 268.,"Using the Euclidean algorithm, GCD(63, 268) = 1. Answer: 1."
Find the GCD of 106 and 55.,"Using the Euclidean algorithm, GCD(106, 55) = 1. Answer: 1."
Rewrite the sentence in active voice: 'The ball was thrown by John.',John threw the ball. Answer: John threw the ball.
Why is the printing press significant?,"It enabled mass production of books, spreading literacy and ideas rapidly across Europe. Answer: mass knowledge spread."
Rewrite the sentence in active voice: 'The ball was thrown by John.',John threw the ball. Answer: John threw the ball.
Write the prime factorization of 227.,227 = 227. Answer: 227.
Rewrite the sentence in active voice: 'The ball was thrown by John.',John threw the ball. Answer: John threw the ball.
Define molar mass.,"Molar mass is the mass of one mole of a substance, in g/mol. Example: H₂O ≈ 18 g/mol. Answer: mass per mole."
Explain what a function does in programming.,A function groups reusable code to perform a task; it can take inputs (parameters) and return outputs. Answer: reusable code block.
369 stickers are shared equally among 41 students. How many does each student get?,Each gets = 369 ÷ 41 = 9. Answer: 9.
Explain Newton's first law with an example.,Newton's first law (law of inertia) states an object remains at rest or moves at constant velocity unless acted on by a net external force. Example: A puck on frictionless ice glides at constant speed. Answer: Law of inertia.
State Ohm's law and give a simple calculation.,"Ohm's law: V = I R. If I = 2 A and R = 5 Ω, then V = 10 V. Answer: V = IR."
There were 44 apples in a basket. 17 were eaten. How many remain?,Remaining = 44 - 17 = 27. Answer: 27.
What was the Renaissance? One sentence.,"A cultural and intellectual revival starting in 14th‑century Italy that emphasized art, science, and humanism. Answer: European cultural revival."
Fix the punctuation: 'Lets eat Grandma',"Let's eat, Grandma. Answer: Let's eat, Grandma."
What does a hash map provide on average?,"Average O(1) insert, lookup, and delete via hashing. Answer: O(1) average operations."
312 stickers are shared equally among 8 students. How many does each student get?,Each gets = 312 ÷ 8 = 39. Answer: 39.
What does a hash map provide on average?,"Average O(1) insert, lookup, and delete via hashing. Answer: O(1) average operations."
Fix the punctuation: 'Lets eat Grandma',"Let's eat, Grandma. Answer: Let's eat, Grandma."
248 stickers are shared equally among 8 students. How many does each student get?,Each gets = 248 ÷ 8 = 31. Answer: 31.
Rewrite the sentence in active voice: 'The ball was thrown by John.',John threw the ball. Answer: John threw the ball.
Write the prime factorization of 254.,254 = 2 × 127. Answer: 2 × 127.
Find 5% of 249.,5% of 249 = (5/100)×249 = 12.45. Answer: 12.45.
Why is the printing press significant?,"It enabled mass production of books, spreading literacy and ideas rapidly across Europe. Answer: mass knowledge spread."
Convert 7283 cm to meters.,7283 cm ÷ 100 = 72.83 m. Answer: 72.83 m.
Explain difference between list and tuple in Python.,"List is mutable; tuple is immutable. Example: lists can append, tuples cannot. Answer: mutability difference."
Summarize in one sentence: 'Photosynthesis is how plants use sunlight to make food...',"Photosynthesis is the process by which plants convert sunlight, water, and carbon dioxide into glucose and oxygen. Answer: concise summary."
Fix the punctuation: 'Lets eat Grandma',"Let's eat, Grandma. Answer: Let's eat, Grandma."
Find the GCD of 185 and 258.,"Using the Euclidean algorithm, GCD(185, 258) = 1. Answer: 1."
What was the Renaissance? One sentence.,"A cultural and intellectual revival starting in 14th‑century Italy that emphasized art, science, and humanism. Answer: European cultural revival."
Explain what a function does in programming.,A function groups reusable code to perform a task; it can take inputs (parameters) and return outputs. Answer: reusable code block.
What was the Renaissance? One sentence.,"A cultural and intellectual revival starting in 14th‑century Italy that emphasized art, science, and humanism. Answer: European cultural revival."
State Ohm's law and give a simple calculation.,"Ohm's law: V = I R. If I = 2 A and R = 5 Ω, then V = 10 V. Answer: V = IR."
What does a hash map provide on average?,"Average O(1) insert, lookup, and delete via hashing. Answer: O(1) average operations."
Summarize in one sentence: 'Photosynthesis is how plants use sunlight to make food...',"Photosynthesis is the process by which plants convert sunlight, water, and carbon dioxide into glucose and oxygen. Answer: concise summary."
Explain refraction in simple words.,Refraction is the bending of light as it passes between media with different optical density due to speed change. Answer: bending due to speed change.
A class has 21 boys and 27 girls. How many students are there in total?,Total = 21 + 27 = 48. Answer: 48.
832 stickers are shared equally among 32 students. How many does each student get?,Each gets = 832 ÷ 32 = 26. Answer: 26.
What was the Renaissance? One sentence.,"A cultural and intellectual revival starting in 14th‑century Italy that emphasized art, science, and humanism. Answer: European cultural revival."
Why is the printing press significant?,"It enabled mass production of books, spreading literacy and ideas rapidly across Europe. Answer: mass knowledge spread."
Define an acid and a base (Arrhenius).,"Arrhenius acid produces H⁺ in water; base produces OH⁻ in water. Example: HCl (acid), NaOH (base). Answer: H⁺ vs OH⁻ producers."
Why is the printing press significant?,"It enabled mass production of books, spreading literacy and ideas rapidly across Europe. Answer: mass knowledge spread."
Why is the printing press significant?,"It enabled mass production of books, spreading literacy and ideas rapidly across Europe. Answer: mass knowledge spread."
Find the LCM of 9 and 189.,9 = 3 × 3; 189 = 3 × 3 × 3 × 7. LCM = 189. Answer: 189.
What does conservation of energy mean?,"Energy cannot be created or destroyed, only transformed between forms; total energy in an isolated system remains constant. Answer: energy conserved."
Convert 1741 g to kilograms.,1741 g ÷ 1000 = 1.741 kg. Answer: 1.741 kg.
There were 32 apples in a basket. 22 were eaten. How many remain?,Remaining = 32 - 22 = 10. Answer: 10.
There were 17 apples in a basket. 8 were eaten. How many remain?,Remaining = 17 - 8 = 9. Answer: 9.
1300 stickers are shared equally among 26 students. How many does each student get?,Each gets = 1300 ÷ 26 = 50. Answer: 50.
Find the LCM of 158 and 66.,158 = 2 × 79; 66 = 2 × 3 × 11. LCM = 5214. Answer: 5214.
Find the LCM of 193 and 20.,193 = 193; 20 = 2 × 2 × 5. LCM = 3860. Answer: 3860.
Fix the punctuation: 'Lets eat Grandma',"Let's eat, Grandma. Answer: Let's eat, Grandma."
What was the Renaissance? One sentence.,"A cultural and intellectual revival starting in 14th‑century Italy that emphasized art, science, and humanism. Answer: European cultural revival."
Define an acid and a base (Arrhenius).,"Arrhenius acid produces H⁺ in water; base produces OH⁻ in water. Example: HCl (acid), NaOH (base). Answer: H⁺ vs OH⁻ producers."
Convert 7365 g to kilograms.,7365 g ÷ 1000 = 7.365 kg. Answer: 7.365 kg.
Define molar mass.,"Molar mass is the mass of one mole of a substance, in g/mol. Example: H₂O ≈ 18 g/mol. Answer: mass per mole."
What does conservation of energy mean?,"Energy cannot be created or destroyed, only transformed between forms; total energy in an isolated system remains constant. Answer: energy conserved."
Explain what a function does in programming.,A function groups reusable code to perform a task; it can take inputs (parameters) and return outputs. Answer: reusable code block.
Summarize in one sentence: 'Photosynthesis is how plants use sunlight to make food...',"Photosynthesis is the process by which plants convert sunlight, water, and carbon dioxide into glucose and oxygen. Answer: concise summary."
Explain difference between list and tuple in Python.,"List is mutable; tuple is immutable. Example: lists can append, tuples cannot. Answer: mutability difference."
State Ohm's law and give a simple calculation.,"Ohm's law: V = I R. If I = 2 A and R = 5 Ω, then V = 10 V. Answer: V = IR."
Summarize in one sentence: 'Photosynthesis is how plants use sunlight to make food...',"Photosynthesis is the process by which plants convert sunlight, water, and carbon dioxide into glucose and oxygen. Answer: concise summary."
Differentiate speed and velocity briefly.,"Speed is scalar (magnitude only); velocity is vector (magnitude and direction). Example: 10 m/s east is velocity; 10 m/s is speed. Answer: speed=scalar, velocity=vector."
What was the Renaissance? One sentence.,"A cultural and intellectual revival starting in 14th‑century Italy that emphasized art, science, and humanism. Answer: European cultural revival."
There were 44 apples in a basket. 8 were eaten. How many remain?,Remaining = 44 - 8 = 36. Answer: 36.
Find the GCD of 4 and 186.,"Using the Euclidean algorithm, GCD(4, 186) = 2. Answer: 2."
Summarize in one sentence: 'Photosynthesis is how plants use sunlight to make food...',"Photosynthesis is the process by which plants convert sunlight, water, and carbon dioxide into glucose and oxygen. Answer: concise summary."
What was the Renaissance? One sentence.,"A cultural and intellectual revival starting in 14th‑century Italy that emphasized art, science, and humanism. Answer: European cultural revival."
Explain difference between list and tuple in Python.,"List is mutable; tuple is immutable. Example: lists can append, tuples cannot. Answer: mutability difference."
2304 stickers are shared equally among 48 students. How many does each student get?,Each gets = 2304 ÷ 48 = 48. Answer: 48.
What does conservation of energy mean?,"Energy cannot be created or destroyed, only transformed between forms; total energy in an isolated system remains constant. Answer: energy conserved."
Why is the printing press significant?,"It enabled mass production of books, spreading literacy and ideas rapidly across Europe. Answer: mass knowledge spread."
Why is the printing press significant?,"It enabled mass production of books, spreading literacy and ideas rapidly across Europe. Answer: mass knowledge spread."
Explain difference between list and tuple in Python.,"List is mutable; tuple is immutable. Example: lists can append, tuples cannot. Answer: mutability difference."
Solve for x: 7x + 20 = 4.,7x = 4 - 20 ⇒ x = (4 - 20)/7 = -2.2857142857142856. Answer: -2.2857142857142856.
Find 12% of 90.,12% of 90 = (12/100)×90 = 10.8. Answer: 10.8.
Why is the printing press significant?,"It enabled mass production of books, spreading literacy and ideas rapidly across Europe. Answer: mass knowledge spread."
Find the LCM of 129 and 61.,129 = 3 × 43; 61 = 61. LCM = 7869. Answer: 7869.
Find 20% of 326.,20% of 326 = (20/100)×326 = 65.2. Answer: 65.2.
Find the GCD of 150 and 130.,"Using the Euclidean algorithm, GCD(150, 130) = 10. Answer: 10."
Summarize in one sentence: 'Photosynthesis is how plants use sunlight to make food...',"Photosynthesis is the process by which plants convert sunlight, water, and carbon dioxide into glucose and oxygen. Answer: concise summary."
