"instruction","output"
"What is inheritance in C++?","Inheritance in C++ allows a class to derive from another class, inheriting its properties and methods. Example: class Derived : public Base allows Derived class to access Base class functions."
"Explain virtual functions in C++.","Virtual functions enable polymorphism in C++. They are declared using 'virtual' keyword and allow derived classes to override base class methods. Example: virtual void function2() in base class."
"How do constructors work in inheritance?","In inheritance, base class constructor is called first, then derived class constructor. Example: Base class constructor prints 'In Base Class Constructor' before derived class constructor."
"What is the difference between public and private inheritance?","Public inheritance maintains the access level of base class members. Private inheritance makes all base class members private in derived class. Most common is public inheritance."
"How does polymorphism work with references in C++?","Polymorphism with references allows calling overridden methods. When a derived object is passed as base reference, virtual functions call the derived version. Example: myfunction(Base &b) calling virtual methods."
"What is recursion in C++?","Recursion is when a function calls itself. It needs a base case to stop. Example: factorial function where factorial(n) = n * factorial(n-1), with base case factorial(1) = 1."
"Write a recursive factorial function in C++.","unsigned int factorial(const unsigned int& n){ if(n == 1){ return 1; } return (n * factorial(n-1)); }. This calculates n! recursively."
"How do you measure algorithm running time in C++?","Use clock() function from <time.h>. Measure start time with clock(), run algorithm, measure end time, then calculate difference using CLOCKS_PER_SEC for milliseconds."
"What are pointers in C++?","Pointers store memory addresses of variables. Declared with * operator. Example: int *p = a; where p points to array a. Use * to dereference and access value."
"How are arrays and pointers related in C++?","Array names are pointers to first element. a[i] is equivalent to *(a+i). Pointer arithmetic allows navigation: p+1 points to next element."
"What is dynamic memory allocation in C++?","Dynamic allocation uses 'new' operator to allocate memory at runtime. Example: int* dynarr = new int[5]; Creates array of 5 integers. Must use 'delete[]' to free memory."
"Explain pointer arithmetic in C++.","Pointer arithmetic allows adding/subtracting integers to pointers. p+1 moves pointer to next element. *(p+1) accesses next element's value. Works with array indexing."
"What is a template class in C++?","Template classes allow generic programming. Example: template <class elemType> class ArrayList creates reusable class for any data type. Use ArrayList<int> for integers."
"How do you implement an ArrayList template?","Use template <class elemType> before class. Implement methods outside class with template syntax. Example: template<class elemType> bool ArrayList<elemType>::isEmpty() const"
"What are the time complexities of ArrayList operations?","Insert/remove at position: O(n), Insert/remove at end: O(1), Access by index: O(1), Search: O(n), isEmpty/isFull: O(1)."
"How do you handle exceptions in C++ templates?","Use throw statements for error conditions. Example: throw 'List if full' when inserting into full list. Catch with try-catch blocks in calling code."
"What is a linked list implementation?","Linked list uses nodes with data and next pointer. Supports insertFront(), insertBack(), removeFront(), removeBack(), and print() operations with dynamic sizing."
"How do queues work in simulation programs?","Queues follow FIFO (First In First Out). In customer simulation, customers join queue when arriving, servers serve from front. Use STL queue<customerType> for implementation."
"What is object-oriented design for simulation?","Create classes for entities: customerType (arrival time, wait time), serverType (busy/free status), serverListType (manages multiple servers). Encapsulate data and behavior."
"How do you implement a customer service simulation?","Use customer queue, server list, and time-based loop. Check customer arrival (isCustomerArrived), assign to free servers, update waiting times, generate statistics."
"What are header guards in C++?","Header guards prevent multiple inclusions. Use #ifndef, #define, #endif. Example: #ifndef HELPER_H_, #define HELPER_H_, code, #endif. Prevents redefinition errors."
"How do you fill an array with random numbers?","void fillRandom(int *Array, const unsigned int size){ for(unsigned int i = 0; i < size; i++){ Array[i] = rand(); } }. Use srand() to seed random generator."
"What is the purpose of const in function parameters?","const prevents modification of parameters. Example: const unsigned int& n prevents changing n. Improves performance (no copy) and safety (no accidental changes)."
"How do you read data from text files in C++?","Use ifstream for input. Example: ifstream file('data.txt'); string line; getline(file, line); or file >> variable; Check file.is_open() for successful opening."
"What is the difference between stack and heap memory?","Stack: automatic, fast, limited size, for local variables. Heap: manual (new/delete), slower, larger, for dynamic allocation. Stack variables destroyed automatically."
"How do you implement function overloading in C++?","Define multiple functions with same name but different parameters. Compiler chooses based on arguments. Example: void print(int), void print(string), void print(double)."
"What are access specifiers in C++?","public: accessible everywhere, private: accessible within class only, protected: accessible in class and derived classes. Control encapsulation and data hiding."
"How do you use STL containers effectively?","STL provides vector, list, queue, stack, map. Choose based on needs: vector for random access, list for frequent insertion/deletion, queue for FIFO operations."
"What is the role of destructors in C++?","Destructors clean up resources when object is destroyed. Called automatically. Example: ~ArrayList(){ delete[] myList; } frees dynamically allocated memory."
"How do you handle file I/O exceptions?","Check file operations: if(!file.is_open()) handle error. Use try-catch for exception handling. Always close files: file.close(). Check file states with good(), eof(), fail()."
"What is the difference between pass by value and reference?","Pass by value copies the argument (slower, safe). Pass by reference (&) passes address (faster, can modify original). const reference combines benefits: fast and safe."
"How do you implement a generic swap function?","template<typename T> void swap(T& a, T& b){ T temp = a; a = b; b = temp; }. Works with any type that supports assignment operator."
"What are inline functions in C++?","Inline functions are expanded at call site instead of function call. Use inline keyword. Good for small, frequently called functions. Example: inline int max(int a, int b)."
"How do you implement operator overloading?","Define operator functions in class. Example: ArrayList& operator=(const ArrayList& other) for assignment. Follow conventions: return reference for assignment operators."
"What is RAII principle in C++?","Resource Acquisition Is Initialization. Acquire resources in constructor, release in destructor. Ensures automatic cleanup when object goes out of scope."
"How do you use function pointers in C++?","Function pointers store addresses of functions. Declaration: int (*ptr)(int, int) = &add; Usage: int result = ptr(5, 3); Useful for callbacks and function selection."
"What are the benefits of using namespace?","Namespaces prevent name collisions, organize code, allow same names in different contexts. Example: std namespace contains standard library. Use using directive carefully."
"How do you implement a binary search algorithm?","int binarySearch(int arr[], int l, int r, int x){ if(r >= l){ int mid = l + (r-l)/2; if(arr[mid] == x) return mid; if(arr[mid] > x) return binarySearch(arr, l, mid-1, x); return binarySearch(arr, mid+1, r, x); } return -1; }"
"What is the time complexity of recursive factorial?","O(n) time complexity and O(n) space complexity due to recursive calls. Each call adds stack frame. Iterative version would be O(n) time, O(1) space."
"How do you prevent memory leaks in C++?","Always pair new with delete, new[] with delete[]. Use smart pointers (unique_ptr, shared_ptr). Follow RAII principle. Set pointers to nullptr after deletion."
"What is the difference between struct and class in C++?","Default access: struct members are public, class members are private. Otherwise identical. struct traditionally used for simple data, class for complex objects."
"How do you implement a copy constructor?","className(const className& other) : member1(other.member1) { /* deep copy dynamic members */ }. Needed when class manages dynamic memory to prevent shallow copying issues."
"What are static members in C++?","Static members belong to class, not instances. Shared by all objects. Example: static int count; Access with className::count. Static functions can't access non-static members."
"How do you use const member functions?","const member functions promise not to modify object state. Example: int getSize() const; Can be called on const objects. Good practice for getter functions."
"What is multiple inheritance in C++?","Class can inherit from multiple base classes. Example: class C : public A, public B. Can cause diamond problem, solved with virtual inheritance."
"How do you implement abstract classes in C++?","Use pure virtual functions: virtual void function() = 0; Class with pure virtual function is abstract, cannot be instantiated. Derived classes must implement pure virtual functions."
"What is the purpose of friend functions?","Friend functions can access private members of class. Example: friend ostream& operator<<(ostream&, const MyClass&); Useful for operators that need access to private data."
"How do you use iterators with STL containers?","Iterators provide uniform interface to traverse containers. Example: vector<int>::iterator it; for(it = v.begin(); it != v.end(); ++it) cout << *it;"
"What are lambda expressions in C++11?","Anonymous functions defined inline. Syntax: [capture](parameters) -> return_type { body }. Example: auto add = [](int a, int b) { return a + b; }; Useful with algorithms."
"How do you implement move semantics in C++11?","Move constructor and move assignment operator transfer resources instead of copying. Example: MyClass(MyClass&& other) : data(other.data) { other.data = nullptr; }"
"What is the auto keyword in C++11?","auto lets compiler deduce type automatically. Example: auto x = 5; (int), auto y = 3.14; (double). Useful with complex template types and iterators."
"How do you use range-based for loops?","for(auto& element : container) { /* process element */ }. Cleaner syntax than iterators. Use & to avoid copying, const& for read-only access."
"What are smart pointers in C++11?","unique_ptr: exclusive ownership, shared_ptr: shared ownership with reference counting, weak_ptr: non-owning reference. Automatically manage memory, prevent leaks."
"How do you handle exceptions in C++?","try { /* code that may throw */ } catch(const exception_type& e) { /* error handling */ } catch(...) { /* catch all */ }. Use throw to raise exceptions. RAII helps with cleanup."
"What is the rule of three/five in C++?","If class needs custom destructor, copy constructor, or copy assignment, it likely needs all three. C++11 adds move constructor and move assignment (rule of five)."
"How do you optimize C++ code performance?","Use const, inline functions, pass by reference, reserve() for containers, avoid unnecessary copies, profile code, choose appropriate algorithms and data structures."
"What are variadic templates in C++11?","Templates that accept variable number of arguments. Example: template<typename... Args> void func(Args... args). Used in printf-like functions, tuple implementation."
"Explain the compilation process in C++.","Preprocessing (includes, macros) → Compilation (source to assembly) → Assembly (assembly to object code) → Linking (combine object files, libraries) → Executable."
"What is name mangling in C++?","Compiler changes function names to include type information for overloading support. extern 'C' prevents mangling for C compatibility. Different compilers use different schemes."
"How do you debug C++ programs effectively?","Use debugger (gdb, Visual Studio), print statements, assertions, static analysis tools, valgrind for memory issues, address sanitizer, code reviews."
"What are the SOLID principles applied to C++?","Single Responsibility, Open/Closed, Liskov Substitution, Interface Segregation, Dependency Inversion. Guide object-oriented design for maintainable, extensible code."
"How do you implement design patterns in C++?","Singleton: static instance with getInstance(). Observer: subject maintains list of observers. Factory: create objects without specifying exact class. Strategy: encapsulate algorithms."
"What is template metaprogramming?","Code that manipulates code at compile time using templates. Example: factorial<5>::value computed at compile time. Enable_if, SFINAE techniques for conditional compilation."
"How do you create thread-safe code in C++?","Use mutexes (std::mutex), locks (std::lock_guard), atomic operations (std::atomic), condition variables. Avoid data races, understand memory ordering."
"What are the differences between C++98/03/11/14/17/20?","C++11: auto, lambdas, smart pointers. C++14: generic lambdas, return type deduction. C++17: structured bindings, optional. C++20: concepts, modules, ranges."
"How do you implement custom allocators?","Define allocate() and deallocate() methods. Example: template<typename T> class MyAllocator { T* allocate(size_t n); void deallocate(T* p, size_t n); };"
"What is SFINAE in template programming?","Substitution Failure Is Not An Error. Failed template instantiation is silently ignored. Used with enable_if for conditional template specialization based on type properties."
"How do you profile C++ applications?","Use profilers like gprof, Valgrind, Intel VTune. Identify hotspots, memory usage patterns. Focus optimization on critical paths. Measure before and after changes."
"What is the difference between composition and inheritance?","Inheritance: 'is-a' relationship, tight coupling. Composition: 'has-a' relationship, loose coupling, more flexible. Prefer composition over inheritance for better design."
"How do you implement thread pools in C++?","Create fixed number of worker threads, task queue protected by mutex. Workers wait on condition variable for tasks. Submit tasks to queue, workers execute them."
"What are coroutines in C++20?","Functions that can suspend and resume execution. Use co_await, co_yield, co_return keywords. Useful for asynchronous programming, generators, state machines."
"How do you use concepts in C++20?","Concepts define requirements for template parameters. Example: template<std::integral T> void func(T x). Provide better error messages, clearer interfaces than SFINAE."
"What is structured binding in C++17?","Decompose objects into variables. Example: auto [x, y] = std::make_pair(1, 2); Works with pairs, tuples, arrays, structs. Cleaner than std::tie."
"How do you implement fold expressions in C++17?","Variadic template feature. Example: template<typename... Args> auto sum(Args... args) { return (args + ...); } Simplifies parameter pack operations."
"What are modules in C++20?","Alternative to header files. Better compilation times, no macro pollution. Example: export module math; export int add(int, int); import math; Cleaner dependencies."
"How do you use std::optional in C++17?","Represents optional values. Example: std::optional<int> divide(int a, int b) { if(b != 0) return a/b; return std::nullopt; } Check with has_value(), access with value()."
"What is std::variant in C++17?","Type-safe union. Example: std::variant<int, string> v = 42; Use std::visit() to access values safely. Alternative to void* or manual union management."
"How do you implement ranges in C++20?","Composable view-based algorithms. Example: auto even = numbers | std::views::filter([](int i){ return i % 2 == 0; }); Lazy evaluation, functional programming style."
"What are the key principles of modern C++ development?","RAII, smart pointers, prefer algorithms to loops, const correctness, move semantics, range-based for, auto keyword, uniform initialization, lambda expressions."
"How do you implement a template linked list in C++?","Use template<class elemType> with Node structure containing element and next pointer. Example: struct Node{ elemType element; Node* next; }. Implement dynamic insertion/deletion."
"What is the difference between ArrayList and LinkedList?","ArrayList: O(1) access by index, O(n) insertion/deletion. LinkedList: O(n) access, O(1) insertion/deletion at known position. ArrayList has better cache locality."
"How do you implement insertAt() in a linked list?","Create new node, find position-1 node, set newNode->next = node->next, set node->next = newNode. Handle special case for position 1 (head insertion)."
"What are the time complexities of linked list operations?","Search: O(n), Insert at position: O(n), Insert at head: O(1), Delete at position: O(n), Access by index: O(n). No random access like arrays."
"How do you implement a destructor for linked list?","Iterate through all nodes and delete each: while(temp){ Node* elemToDel = temp; temp = temp->next; delete elemToDel; }. Set head to NULL, size to 0."
"What is the difference between struct and class for Node?","Functionally identical. struct members default to public, class members default to private. struct traditionally used for simple data holders like Node."
"How do you handle memory management in linked lists?","Use new to allocate nodes, delete to free them. Always delete in destructor and clearList(). Check for NULL pointers to avoid segmentation faults."
"What sorting algorithms are commonly implemented in C++?","Bubble Sort: O(n²), Selection Sort: O(n²), Insertion Sort: O(n²), Merge Sort: O(n log n), Quick Sort: O(n log n) average, Shell Sort: depends on gap sequence."
"How does bubble sort work?","Compare adjacent elements, swap if out of order. Repeat for all elements. After each pass, largest element 'bubbles' to end. Simple but inefficient O(n²)."
"Explain the merge sort algorithm.","Divide array into halves recursively until single elements. Merge sorted halves back together. Time: O(n log n), Space: O(n). Stable sorting algorithm."
"What is the quicksort algorithm?","Choose pivot, partition array around pivot, recursively sort subarrays. Average O(n log n), worst case O(n²). In-place sorting, not stable."
"How do you implement selection sort?","Find minimum element in unsorted portion, swap with first unsorted element. Repeat until array is sorted. Always O(n²) comparisons, O(n) swaps."
"What is insertion sort and when is it useful?","Insert each element into its correct position in sorted portion. O(n²) worst case, but O(n) for nearly sorted arrays. Good for small arrays."
"How do you read vector operations from input file?","Parse input like '[4,5.5] + [6,6.7]' to extract vector coordinates and operations. Use string parsing or regular expressions to identify components."
"What is a customer simulation system?","Models customer service with arrival times, waiting queues, and servers. Tracks statistics like wait times, customers served, queue lengths for analysis."
"How do you implement a serverType class?","Include status (free/busy), current customer, transaction time. Methods: isFree(), setBusy(), setFree(), decreaseTransactionTime(), setCurrentCustomer()."
"What is a customerType class design?","Store customer number, arrival time, waiting time, transaction time. Methods: setCustomerInfo(), getWaitingTime(), incrementWaitingTime(), getArrivalTime()."
"How do you manage multiple servers in simulation?","Use serverListType array of servers. Methods: getFreeServerID(), getNumberOfBusyServers(), setServerBusy(), updateServers() to manage server states."
"What is event-driven simulation?","Simulation advances by processing events (arrivals, departures) in chronological order. More accurate than time-stepped simulation for systems with variable event timing."
"How do you generate random customer arrivals?","Use exponential distribution: value = rand()/RAND_MAX; return value > exp(-1.0/arrivalRate). Models Poisson arrival process commonly used in queuing theory."
"What statistics are important in queuing simulation?","Average wait time, number of customers served, customers left in queue/servers, server utilization, maximum queue length, total simulation time."
"How do you implement a queue update function?","Increment waiting time for all customers in queue. Use temporary queue to iterate through all customers, increment their waiting times, then restore queue."
"What is the purpose of simulation parameters?","Control simulation behavior: simulation time (how long to run), number of servers, transaction time, arrival rate. Allow testing different scenarios."
"How do you handle file I/O for student data?","Use ifstream to read student IDs from text files. Example: while(file >> studentID) process(studentID). Check file.is_open() for successful opening."
"What are the advantages of template classes?","Code reusability, type safety, performance (no runtime overhead), generic programming. Same code works with different data types without modification."
"How do you implement bounds checking in containers?","Check if position > size before access. Throw exceptions for out-of-bounds access: if(position > size) throw 'Out of bounds'. Prevents memory corruption."
"What is the difference between isFull() for ArrayList vs LinkedList?","ArrayList: size == maxSize (fixed capacity). LinkedList: return false (only limited by available memory). LinkedList has dynamic size."
"How do you implement operator= for linked list?","Clear current list, iterate through source list creating new nodes. Deep copy all elements. Return *this reference for chaining assignments."
"What is the assert() macro used for?","Debug-time checking of conditions. assert(temp != NULL) terminates program if condition false. Only active in debug builds, removed in release builds."
"How do you traverse a linked list safely?","Check for NULL pointer before dereferencing: while(temp != NULL). Always verify node exists before accessing next pointer to prevent crashes."
"What is the difference between delete and delete[]?","delete for single object, delete[] for arrays. Must match new/delete and new[]/delete[]. Mixing them causes undefined behavior and potential crashes."
"How do you implement a copy constructor for linked list?","LinkedList(const LinkedList& other) : size(0), head(NULL) { *this = other; } or manually copy each node to perform deep copy of the list."
"What is the purpose of virtual destructor?","Ensures proper cleanup in inheritance hierarchies. When deleting through base pointer, calls derived destructor first, then base destructor."
"How do you prevent memory leaks in template classes?","Implement proper destructor, copy constructor, assignment operator (Rule of Three). Use RAII principle: acquire resources in constructor, release in destructor."
"What is the difference between const and non-const member functions?","const functions promise not to modify object state, can be called on const objects. Non-const functions may modify state, cannot be called on const objects."
"How do you implement exception safety in C++?","Use RAII, catch exceptions and clean up resources, provide strong exception guarantee (operation succeeds or has no effect), avoid resource leaks."
"What is the maxListSize() function purpose?","Returns theoretical maximum size of container. ArrayList: constructor parameter. LinkedList: INT_MAX (limited by available memory). Useful for capacity planning."
"How do you implement efficient insertion at end of linked list?","Maintain tail pointer for O(1) insertion: tail->next = newNode; tail = newNode. Without tail pointer, need O(n) traversal to find end."
"What is the difference between pre-increment and post-increment?","++i returns incremented value, i++ returns old value then increments. ++i is more efficient for complex types (no temporary copy needed)."
"How do you handle edge cases in linked list operations?","Check for empty list, single element, insertion at head/tail, deletion of head/tail. Always verify indices are valid before operations."
"What is the purpose of getNodeAt() helper function?","Private helper to traverse linked list to specific position. Returns pointer to node at given position. Encapsulates traversal logic for reuse."
"How do you implement list size tracking?","Maintain size member variable, increment on insertion, decrement on deletion. More efficient than counting nodes each time size is needed."
"What is the difference between shallow and deep copy?","Shallow copy: copy pointers (shares data). Deep copy: copy data pointed to (independent copies). Linked lists need deep copy to avoid shared nodes."
"How do you debug linked list operations?","Print list contents, check node connections, verify size consistency, use debugger to step through pointer operations, draw list structure on paper."
"What are common linked list implementation errors?","Memory leaks (forgetting delete), dangling pointers (using after delete), NULL pointer dereference, incorrect size tracking, circular references."
"How do you implement a print function for templates?","template<class elemType> void LinkedList<elemType>::print() const { Node<elemType>* temp = head; while(temp) { cout << temp->element << ' '; temp = temp->next; } }"
"What is the purpose of NULL initialization in Node constructor?","Node() { next = NULL; } ensures next pointer starts with safe value. Prevents accessing uninitialized memory which could cause crashes."
"How do you implement insertEnd() efficiently?","If maintaining tail pointer: O(1). Without tail: traverse to end O(n). Set last node's next to new node, update tail if maintained."
"What is the benefit of using templates over void pointers?","Type safety at compile time, no casting needed, better performance (no runtime type checking), clearer code, template specialization possible."
"How do you implement clearList() function?","Iterate through list deleting each node: while(head) { Node* temp = head; head = head->next; delete temp; } Set size to 0, head to NULL."
"How do you handle exceptions in container operations?","Check preconditions, throw meaningful exceptions (strings or exception objects), provide exception safety guarantees, document exception conditions."
"What is the purpose of const correctness in C++?","Prevents accidental modifications, enables compiler optimizations, documents intent, allows const objects to use methods, improves code reliability."
"How do you implement move semantics for containers?","Move constructor: steal resources from source object. Move assignment: swap resources. Set source to valid empty state. Avoids expensive copies."
"What are the benefits of RAII in container design?","Automatic resource management, exception safety, no memory leaks, deterministic cleanup, simpler code (no explicit cleanup calls needed)."
"How do you test container implementations?","Unit tests for all operations, boundary conditions (empty, single element), exception cases, performance tests, memory leak detection, invariant checking."
"What is the difference between capacity and size?","Size: number of elements currently stored. Capacity: maximum elements that can be stored without reallocation. Vector maintains both concepts."
"How do you implement iterator pattern for custom containers?","Define iterator class with operators ++, --, *, ==, !=. Provide begin() and end() methods. Enable range-based for loops and STL algorithms."
"What are the performance considerations for different sorting algorithms?","Time complexity: Merge/Quick O(n log n), Bubble/Selection/Insertion O(n²). Space: Merge O(n), others O(1). Stability: Merge/Insertion stable."
"How do you choose between different data structures?","Consider operations needed: frequent access (array/vector), frequent insertion/deletion (linked list), search (balanced tree), LIFO (stack), FIFO (queue)."
"What is the role of header guards in large projects?","Prevent multiple inclusion of same header, avoid redefinition errors, faster compilation. Use #pragma once or traditional #ifndef guards."
"How do you implement generic algorithms that work with different containers?","Use templates with iterator parameters. Example: template<typename Iterator> void sort(Iterator begin, Iterator end). Works with any container providing iterators."
"What debugging techniques are useful for template code?","Explicit instantiation for specific types, static_assert for compile-time checks, template specialization for debugging versions, careful error message reading."
"How do you optimize memory usage in containers?","Reserve capacity when size known, use appropriate data types, implement move semantics, consider memory pools, minimize fragmentation."
"What is the difference between vector and list in STL?","Vector: contiguous memory, random access O(1), insertion O(n). List: linked nodes, sequential access O(n), insertion O(1) at known position."
"How do you implement thread-safe containers?","Use mutexes for synchronization, lock-free algorithms for performance, reader-writer locks for read-heavy workloads, atomic operations for simple cases."
"How do you implement a doubly linked list node class?","class IntLinkedListNode { int element; IntLinkedListNode* prev; IntLinkedListNode* next; public: IntLinkedListNode(int element, IntLinkedListNode* prev = NULL, IntLinkedListNode* next = NULL); };"
"What are the essential operations for a linked list class?","insertFront(), insertBack(), removeFront(), removeBack(), print(), constructor, destructor with proper memory cleanup."
"How do you properly delete a linked list?","Iterate through all nodes: IntLinkedListNode *curr = head; while(curr != NULL) { IntLinkedListNode *temp = curr->getNext(); delete curr; curr = temp; }"
"How do you insert at the front of a doubly linked list?","Create new node with next pointing to current head. If head exists, set head->prev to new node. Update head to new node. If list was empty, also set tail."
"How do you insert at the back of a doubly linked list?","Create new node with prev pointing to current tail. If tail exists, set tail->next to new node. Update tail to new node. If list was empty, also set head."
"How do you handle edge cases in linked list removal?","Check for empty list (throw exception), handle single-node list (update both head and tail to NULL), update pointers correctly for multi-node lists."
"What is the time complexity of linked list operations?","Insert/remove at known position: O(1). Search: O(n). Insert/remove at arbitrary position: O(n) to find position plus O(1) to modify."
"How do you implement exponential search in an array?","Start with bound = 1. While arr[bound] < key, bound *= 2. Then binary search between bound/2 and min(bound, array_size-1)."
"What is the advantage of exponential search?","Efficient for unbounded or very large arrays. Time complexity O(log i) where i is position of target element."
"How do you read data from a file into a string array?","Use ifstream with getline(): ifstream fin(filename); int index = 0; while(!fin.eof()) { getline(fin, books[index++]); }"
"What are common file I/O patterns in C++?","Reading line by line with getline(), reading word by word with >>, checking end of file with eof(), proper file closing."
"How do you handle dynamic memory allocation for arrays?","Use new[] for allocation: string* books = new string[MAXBOOKS]; Remember to use delete[] books; for cleanup to prevent memory leaks."
"What is the purpose of const in getter methods?","Indicates method doesn't modify object state: int getElement() const; Allows calling on const objects and provides compiler guarantees."
"How do you implement proper encapsulation in C++?","Use private data members, public getter/setter methods, initialize in constructor, validate inputs in setters, provide const access where appropriate."
"What are the benefits of using header files?","Separate interface from implementation, allow code reuse, faster compilation through forward declarations, better code organization."
"How do you handle errors in linked list operations?","Throw exceptions for invalid operations: throw 'Attempting to remove from empty linked list'; Use try-catch blocks in calling code."
"How do you implement copy constructor for linked list?","Deep copy all nodes: IntLinkedList(const IntLinkedList& other) { head = tail = NULL; // copy each element from other }"
"What is RAII and how does it apply to linked lists?","Resource Acquisition Is Initialization. Constructor allocates resources, destructor cleans up. Ensures automatic cleanup even with exceptions."
"How do you implement assignment operator for linked list?","Check self-assignment, clean current list, deep copy from source: IntLinkedList& operator=(const IntLinkedList& other) { if(this != &other) { /* cleanup and copy */ } return *this; }"
"What are the advantages of template classes over type-specific classes?","Code reuse, type safety, performance (no runtime overhead), flexibility to work with any type, maintainability."
"How do you create a generic linked list template?","template<typename T> class LinkedList { struct Node { T data; Node* next; }; Node* head; public: void insert(const T& value); };"
"What is the role of typename in templates?","Tells compiler that following identifier is a type name, especially when it depends on template parameter: typename Container::iterator it;"
"How do you specialize templates for specific types?","Template specialization: template<> class LinkedList<bool> { /* specialized implementation for bool */ }; Allows optimized implementations."
"What are template metaprogramming techniques?","SFINAE, type traits, constexpr functions, variadic templates. Enable compile-time computations and conditional compilation."
"How do you implement iterator patterns in C++?","Provide begin() and end() methods returning iterator objects. Iterator should support ++, *, ==, != operators for range-based for loops."
"What is the difference between stack and heap allocation?","Stack: automatic, fast, limited size, LIFO cleanup. Heap: manual (new/delete), slower, large capacity, manual cleanup required."
"How do you implement a stack using arrays?","class Stack { int arr[MAX]; int top; public: void push(int x) { arr[++top] = x; } int pop() { return arr[top--]; } };"
"How do you implement a stack using linked lists?","Use singly linked list with head as stack top. Push adds to front, pop removes from front. More flexible size than array implementation."
"What are the applications of stacks in programming?","Function call management, expression evaluation, backtracking algorithms, undo operations, syntax parsing, memory management."
"How do you evaluate postfix expressions using stacks?","Scan left to right: push operands onto stack, for operators pop two values, compute result, push back. Final stack top is answer."
"How do you convert infix to postfix notation?","Use operator stack and output queue. Higher precedence operators and closing parentheses trigger stack pops to output."
"What is the difference between queue and stack?","Stack: LIFO (Last In First Out), operations at one end. Queue: FIFO (First In First Out), insert at rear, remove from front."
"How do you implement a circular queue?","Use array with front and rear pointers. Use modulo arithmetic: rear = (rear + 1) % size. Handle full/empty conditions carefully."
"What are applications of queues in computer science?","Process scheduling, breadth-first search, buffering in I/O systems, print job management, handling requests in servers."
"How do you implement priority queues?","Use binary heap (complete binary tree with heap property). Insert maintains heap property, extract-max removes root and reheapifies."
"What is the time complexity of heap operations?","Insert: O(log n), extract-max: O(log n), peek-max: O(1), build-heap from array: O(n)."
"How do you implement binary search trees?","Each node has left and right children. Left subtree contains smaller values, right subtree contains larger values. Enables O(log n) average operations."
"What is the difference between BST and balanced BST?","BST can become skewed (O(n) operations). Balanced BST (AVL, Red-Black) maintains height balance ensuring O(log n) operations."
"How do you perform BST traversals?","Inorder (left-root-right): gives sorted order. Preorder (root-left-right): good for copying tree. Postorder (left-right-root): good for deletion."
"What are AVL tree balancing operations?","Single rotations (left, right) for simple imbalance. Double rotations (left-right, right-left) for complex imbalance. Maintain height property."
"How do you implement hash tables?","Array of buckets, hash function maps keys to indices. Handle collisions with chaining (linked lists) or open addressing (linear/quadratic probing)."
"What makes a good hash function?","Uniform distribution, fast computation, deterministic, minimal collisions. Examples: division method, multiplication method, universal hashing."
"How do you handle hash table collisions?","Chaining: each bucket contains linked list of colliding elements. Open addressing: probe sequence finds next available slot."
"What is the load factor in hash tables?","Ratio of elements to buckets. High load factor increases collisions. Typically rehash when load factor exceeds 0.7-0.75."
"How do you implement graph representations?","Adjacency matrix: 2D array, good for dense graphs. Adjacency list: array of lists, good for sparse graphs. Consider directed vs undirected."
"What is depth-first search in graphs?","Explore as far as possible along each branch before backtracking. Use stack (explicit or recursion). Applications: topological sort, cycle detection."
"What is breadth-first search in graphs?","Explore all neighbors before moving to next level. Use queue. Applications: shortest path in unweighted graphs, level-order traversal."
"How do you detect cycles in graphs?","DFS with color coding (white-gray-black), or DFS with recursion stack tracking. For undirected graphs, check for back edges."
"What is Dijkstra's algorithm?","Finds shortest paths from source vertex. Use priority queue with distances. Greedy approach: always choose unvisited vertex with minimum distance."
"How do you implement topological sorting?","DFS-based: finish times in decreasing order. Kahn's algorithm: repeatedly remove vertices with no incoming edges. Works only on DAGs."
"What are the different sorting algorithms and their complexities?","Bubble: O(n²), Selection: O(n²), Insertion: O(n²), Merge: O(n log n), Quick: O(n log n) average, Heap: O(n log n), Counting: O(n+k)."
"How does merge sort work?","Divide array into halves recursively until single elements. Merge sorted halves back together. Stable, guaranteed O(n log n), requires extra space."
"How does quicksort work?","Choose pivot, partition array around pivot, recursively sort partitions. In-place, O(n log n) average, O(n²) worst case. Pivot choice affects performance."
"What is the difference between stable and unstable sorting?","Stable sorting preserves relative order of equal elements. Merge sort is stable, quicksort is typically unstable. Important for sorting objects by multiple keys."
"How do you implement binary search?","Repeatedly divide search space in half. Compare target with middle element, eliminate half based on comparison. Requires sorted array."
"What is the time complexity of binary search?","O(log n) time complexity, O(1) space. Each comparison eliminates half the remaining elements. Very efficient for large sorted datasets."
"How do you implement linear search?","Check each element sequentially until found or end reached. O(n) time complexity. Works on unsorted data, simple implementation."
"What are interpolation search improvements over binary search?","Estimates position based on key value and data distribution. Better than binary search for uniformly distributed data: O(log log n) average."
"How do you implement recursive algorithms?","Base case to stop recursion, recursive case that reduces problem size. Example: factorial(n) = n * factorial(n-1), base: factorial(0) = 1."
"What are common recursive patterns?","Divide and conquer (merge sort), tree traversal, backtracking, dynamic programming with memoization. Each reduces problem to smaller subproblems."
"How do you optimize recursive algorithms?","Memoization to cache results, tail recursion optimization, iterative conversion, space optimization by eliminating unnecessary parameters."
"What is dynamic programming?","Optimization technique solving complex problems by breaking into simpler subproblems. Store solutions to avoid redundant calculations. Bottom-up or top-down approach."
"How do you identify dynamic programming problems?","Optimal substructure (optimal solution contains optimal solutions to subproblems) and overlapping subproblems. Examples: Fibonacci, knapsack, LCS."
"What is the difference between greedy and dynamic programming?","Greedy makes locally optimal choices hoping for global optimum. DP considers all possibilities and finds true optimum. Greedy is faster but not always correct."
"How do you implement Fibonacci using dynamic programming?","Bottom-up: dp[0]=0, dp[1]=1, for i=2 to n: dp[i]=dp[i-1]+dp[i-2]. Top-down: memoization with recursive calls."
"What is the knapsack problem?","Given items with weights and values, maximize value in knapsack of limited capacity. DP solution: consider including/excluding each item."
"How do you find longest common subsequence?","DP table where dp[i][j] = length of LCS of first i characters of string1 and first j characters of string2. Traceback gives actual subsequence."
"What are bit manipulation techniques?","Set bit: n |= (1 << i), Clear bit: n &= ~(1 << i), Toggle bit: n ^= (1 << i), Check bit: (n >> i) & 1."
"How do you count number of set bits?","Brian Kernighan's algorithm: while(n) { count++; n &= (n-1); } Each iteration removes rightmost set bit."
"What are applications of bit manipulation?","Flags and permissions, optimization (faster than arithmetic), cryptography, compression algorithms, set operations."
"How do you implement union-find data structure?","Array to track parent of each element. Find with path compression, union by rank/size. Applications: cycle detection, minimum spanning tree."
"What is path compression in union-find?","During find operation, make every node on path point directly to root. Flattens tree structure, improves future find operations to nearly O(1)."
"How do you detect cycles using union-find?","For each edge (u,v), find roots of u and v. If same root, cycle exists. Otherwise, union the components."
"What are the applications of trees in computer science?","File systems (directory structure), expression parsing, database indexing, decision making, compression (Huffman trees), game trees."
"How do you implement tree traversal iteratively?","Use explicit stack for DFS variants. Preorder: push right then left child. Inorder: complex - use stack with current pointer."
"What is the difference between binary tree and binary search tree?","Binary tree: each node has at most 2 children. BST: additional property that left < root < right. BST enables efficient searching."
"How do you find lowest common ancestor in BST?","Start at root. If both nodes are smaller, go left. If both larger, go right. If one smaller and one larger, current node is LCA."
"What is a trie data structure?","Tree where each node represents a character. Root to leaf path spells a word. Efficient for prefix matching and word searches."
"How do you implement a trie?","struct TrieNode { TrieNode* children[26]; bool isEndOfWord; }; Insert by following character path, creating nodes as needed."
"What are applications of tries?","Auto-complete systems, spell checkers, IP routing tables, data compression, solving word games like Boggle."
"How do you implement string matching algorithms?","Naive: O(nm), KMP: O(n+m) with failure function, Rabin-Karp: O(n+m) average with rolling hash."
"What is the KMP string matching algorithm?","Knuth-Morris-Pratt uses failure function to avoid redundant comparisons. When mismatch occurs, skip characters intelligently based on pattern analysis."
"How do you implement rolling hash for string matching?","Compute hash of pattern and first window of text. Slide window, update hash by removing leftmost and adding rightmost character."
"What are different ways to represent strings in C++?","C-style strings (char arrays), std::string class, string literals, string views (C++17). Each has different performance and functionality characteristics."
"How do you handle string operations efficiently?","Avoid unnecessary copying with references, use string_view for read-only operations, reserve capacity for known sizes, use move semantics."
"What is the difference between deep copy and shallow copy?","Shallow copy copies pointer values (multiple objects share same data). Deep copy creates separate copies of pointed-to data."
"How do you implement deep copy for classes with pointers?","Copy constructor and assignment operator must allocate new memory and copy contents, not just copy pointer values."
"What are smart pointers in modern C++?","unique_ptr: exclusive ownership, shared_ptr: shared ownership with reference counting, weak_ptr: non-owning observer. Automatic memory management."
"How do you use RAII for resource management?","Constructor acquires resources, destructor releases them. Ensures cleanup even with exceptions. Apply to files, memory, locks, network connections."
"What are lambda functions in C++?","Anonymous functions defined inline: [capture](parameters) -> return_type { body }. Useful with STL algorithms and as callback functions."
"How do you use STL algorithms effectively?","std::sort, std::find, std::transform, std::accumulate. Work with iterators, can be customized with predicates and lambda functions."
"What are containers in STL?","Sequence containers (vector, list, deque), associative containers (set, map), unordered containers (unordered_set, unordered_map). Each optimized for different use cases."
"How do you choose appropriate STL containers?","Consider access patterns: random access (vector), frequent insertion/deletion (list), key-based lookup (map), unique elements (set)."
"What are iterators in STL?","Objects that provide uniform interface to traverse container elements. Types: input, output, forward, bidirectional, random access."
"What is exception handling in C++?","try-catch blocks handle runtime errors. throw statements raise exceptions. RAII ensures cleanup during stack unwinding."
"How do you write exception-safe code?","Use RAII, prefer smart pointers, avoid raw new/delete, provide strong exception safety guarantee where possible."
"What are the different exception safety levels?","No-throw: never throws exceptions. Strong: either succeeds or leaves objects unchanged. Basic: no resource leaks, objects in valid state."
"How do you handle multiple exceptions?","Multiple catch blocks for different exception types, catch(...) for any exception, exception hierarchies for organized handling."
"What is move semantics in C++11?","Optimization that transfers resources from temporary objects instead of copying. Rvalue references (&&) enable move constructors and assignment operators."
"How do you implement move constructor?","Transfer ownership of resources from source object, leave source in valid but unspecified state. Use std::move to convert lvalues to rvalues."
"What are perfect forwarding and universal references?","Template functions that preserve value category (lvalue/rvalue) when passing arguments. Use && in template contexts with std::forward."
"How do you use auto keyword effectively?","Let compiler deduce types: auto x = expression; Reduces verbosity, especially with complex types like iterators. Use const auto& for references."
"What are constexpr functions?","Functions that can be evaluated at compile time if given constant expressions. Enable compile-time computations and optimizations."
"How do you use static_assert for compile-time checks?","static_assert(condition, message) validates conditions at compile time. Useful in templates to check type properties and constraints."
"What are variadic templates?","Templates that accept variable number of arguments: template<typename... Args> void func(Args... args). Enable flexible function interfaces."
"How do you implement perfect forwarding with variadic templates?","template<typename... Args> void wrapper(Args&&... args) { func(std::forward<Args>(args)...); } Preserves argument types and categories."
"What is SFINAE in template metaprogramming?","Substitution Failure Is Not An Error. Failed template substitutions are silently ignored, enabling conditional compilation based on type properties."
"How do you use type traits in templates?","std::is_integral, std::enable_if, std::conditional allow compile-time type checking and conditional template specialization."
"What are concepts in C++20?","Named sets of requirements for template parameters. Enable clearer template constraints and better error messages than SFINAE."
"How do you implement thread-safe singleton pattern?","Use std::once_flag with std::call_once, or static local variable (guaranteed thread-safe initialization in C++11+)."
"What are atomic operations in multithreading?","Operations guaranteed to complete without interruption. std::atomic provides lock-free synchronization for simple data types."
"How do you use mutexes for thread synchronization?","std::mutex with lock_guard or unique_lock for RAII-based locking. Prevent data races in multithreaded environments."
"What is the difference between lock_guard and unique_lock?","lock_guard: simple RAII wrapper, automatic unlock. unique_lock: more flexible, manual lock/unlock, transferable ownership."
"How do you implement producer-consumer pattern?","Use condition variables with mutex. Producer signals when data available, consumer waits for signal. Queue for data exchange."
"What are futures and promises in C++?","std::future and std::promise provide communication channel between threads. Promise sets value, future retrieves it asynchronously."
"How do you use thread pools effectively?","Fixed number of worker threads process tasks from queue. Avoids thread creation overhead, limits resource usage."
"What are memory models in multithreading?","Defines how memory operations are ordered across threads. C++ provides sequential consistency and relaxed memory orderings."
"How do you profile and optimize C++ code?","Use profilers to identify bottlenecks, optimize algorithms first, then data structures, finally micro-optimizations. Measure before and after changes."
"What are common C++ performance pitfalls?","Unnecessary copying, inefficient algorithms, memory allocation in loops, virtual function overhead, cache misses."
"How do you optimize for cache performance?","Improve spatial locality (array vs linked list), temporal locality (reuse data quickly), minimize cache misses with better data layout."
"What compiler optimizations should you understand?","Inlining, loop optimizations, dead code elimination, constant propagation. Enable with -O2/-O3, but verify correctness."
"How do you write maintainable C++ code?","Clear naming, consistent style, proper documentation, RAII, prefer STL over manual implementations, unit testing."
"What are best practices for large C++ projects?","Modular design, namespace usage, forward declarations, pimpl idiom, continuous integration, static analysis tools."
"How do you handle legacy C++ code?","Gradual refactoring, add tests before changes, use modern C++ features incrementally, maintain backward compatibility where needed."
"What tools help with C++ development?","Static analyzers (clang-static-analyzer, cppcheck), sanitizers (AddressSanitizer, ThreadSanitizer), debuggers (gdb, lldb), profilers (perf, valgrind).""Time complexity of insertion sort for 50 elements?"
"Matrix chain multiplication with 30 matrices","DP: dp[i][j] = minimum scalar multiplications for matrices 30 to 31"
"Matrix chain multiplication with 6 matrices","DP: dp[i][j] = minimum scalar multiplications for matrices 6 to 7"
"Find strongly connected components in graph of size 31","Kosaraju's algorithm: DFS, transpose graph, DFS in finish time order"
"Explain data structure concept 191","Data structures organize and store data efficiently for specific operations and access patterns"
"Binary search in sorted array of 147 elements","Divide array of 147 in half each iteration, O(log 147) time"
"Time complexity of deletion in BST with 100 elements?","Deletion in BST: O(1), O(log n), O(n), or O(n²) depending on implementation"
"Explain data structure concept 292","Data structures organize and store data efficiently for specific operations and access patterns"
"Handle stack overflow when size is 6","Check if current_size < max_capacity (6) before push operation"
"How to dequeue from queue with 24 elements?","Check if empty, get front element, increment front index, decrease size, return element"
"Evaluate expression with 45 operators using stack","Push operands to stack, for each operator pop required operands, compute and push result"
"Check balanced parentheses in string of length 33","Use stack: push '(', '[', '{', pop for closing brackets, verify matching pairs"
"Time complexity of merge in array with 300 elements?","Merge in array: O(1), O(log n), O(n), or O(n²) depending on implementation"
"Implement array search for value 300","Iterate through array comparing each element with target value, return index if found"
"Pointer arithmetic: ptr + 9","Moves pointer forward by 9 * sizeof(type) bytes"
"Prevent memory leak in class destructor 31","Delete all dynamically allocated memory in destructor, set pointers to nullptr"
"When to use quick sort for 5000 elements?","Quick sort is optimal when considering space/time trade-offs for n=5000"
"Hash function for key 4000","Simple: 4000 % table_size, or multiply by prime and mod by table size"
"Allocate array of 46 integers dynamically","int* arr = new int[46]; remember to use delete[] arr;"
"Explain data structure concept 221","Data structures organize and store data efficiently for specific operations and access patterns"
"Explain data structure concept 105","Data structures organize and store data efficiently for specific operations and access patterns"
"Remove element from map at position 13","Use erase() for map, specify iterator or key"
"Longest common subsequence of length 36","DP: LCS[i][j] = 1 + LCS[i-1][j-1] if match, else max(LCS[i-1][j], LCS[i][j-1])"
"Solve 0/1 knapsack with capacity 50","DP table: dp[i][w] = max value using first i items with weight limit 50"
"Construct BST from array of 29 elements","Sort array, pick middle as root for 29 elements, recursively build left and right subtrees"
"Time complexity of deletion in hash table with 300 elements?","Deletion in hash table: O(1), O(log n), O(n), or O(n²) depending on implementation"
"Find kth smallest element where k=11","Inorder traversal with counter, return when counter == 11"
"Explain data structure concept 124","Data structures organize and store data efficiently for specific operations and access patterns"
"What is the time complexity of accessing element at index 11?","O(1) - constant time for random access in arrays"
"Search in rotated sorted array at rotation point 37","Find pivot using binary search, then binary search in appropriate half"
"How to detect cycle in a singly linked list at position 3?","For detect cycle operation: traverse to position 3, adjust next pointers accordingly, handle edge cases for head/tail"
"Implement array search for value 30","Iterate through array comparing each element with target value, return index if found"
"Implement quick sort for array size 1000","Quick sort algorithm with detailed steps for 1000 elements"
"How to merge in a singly linked list at position 18?","For merge operation: traverse to position 18, adjust next pointers accordingly, handle edge cases for head/tail"
"Time complexity of deletion in queue with 200 elements?","Deletion in queue: O(1), O(log n), O(n), or O(n²) depending on implementation"
"Delete node 17 from BST with two children","Find inorder successor of node 17, replace node value with successor, delete successor to maintain BST property."
"BFS traversal starting from node 21","Use queue: enqueue node 21, while queue not empty: dequeue, visit, enqueue unvisited neighbors"
"Hash function for key 4300","Simple: 4300 % table_size, or multiply by prime and mod by table size"
"Check if tree is balanced with 10 nodes","For each node check if |height(left) - height(right)| <= 1"
"How to traverse in a singly linked list at position 9?","Start at head, follow next pointers until reaching position 9: for(i=0; i<9; i++) current = current->next."
"Search in rotated sorted array at rotation point 2","Find pivot using binary search, then binary search in appropriate half"
"How to traverse in a singly linked list at position 20?","Start at head, follow next pointers until reaching position 20: for(i=0; i<20; i++) current = current->next."
"Extract minimum from heap of size 46","Remove root, move last element to root, bubble down to maintain heap property"
"Space complexity of heap sort with 10000 items?","Heap sort requires O(1) or O(n) or O(log n) space depending on implementation"
"Open addressing with linear probing from index 27","If index 27 occupied, try 27+1, 27+2, ... until empty slot found"
"Sum of first 29 natural numbers recursively","Base: if n==0 return 0; Recursive: return 29 + sum(28)"
"How to traverse in a singly linked list at position 7?","Start at head, follow next pointers until reaching position 7: for(i=0; i<7; i++) current = current->next."
"How to merge in a singly linked list at position 8?","For merge operation: traverse to position 8, adjust next pointers accordingly, handle edge cases for head/tail"
"Linear search for value 33 in unsorted array","Check each element sequentially until value 33 found or end reached"
"Time complexity of deletion in queue with 100 elements?","Deletion in queue: O(1), O(log n), O(n), or O(n²) depending on implementation"
"Time complexity of search in BST with 300 elements?","Search in BST: O(1), O(log n), O(n), or O(n²) depending on implementation"
"What is ptr[9] equivalent to?","*(ptr + 9) - both access element at index 9"
"Open addressing with linear probing from index 11","If index 11 occupied, try 11+1, 11+2, ... until empty slot found"
"Double hashing with secondary hash for key 32","hash2(32) gives step size, probe at 32, 32+hash2, 32+2*hash2, ..."
"Search in rotated sorted array at rotation point 1","Find pivot using binary search, then binary search in appropriate half"
"Convert infix to postfix with 10 operations","Use operator stack, output operands, pop operators based on precedence rules"
"Validate array index 8 before access","Check if 0 <= 8 < size before accessing arr[8]"
"Detect cycle in graph with 15 vertices","Use DFS with recursion stack or parent tracking for undirected graph"
"Explain data structure concept 189","Data structures organize and store data efficiently for specific operations and access patterns"
"Allocate array of 23 integers dynamically","int* arr = new int[23]; remember to use delete[] arr;"
"Insert value 220 in binary search tree","Compare 220 with node: if less go left, if greater go right, insert at null"
"Fibonacci number at position 38","Base: if n<=1 return n; Recursive: return fib(37) + fib(36)"
"Search in rotated sorted array at rotation point 3","Find pivot using binary search, then binary search in appropriate half"
"What is the time complexity of accessing element at index 1?","O(1) - constant time for random access in arrays"
"Prevent memory leak in class destructor 19","Delete all dynamically allocated memory in destructor, set pointers to nullptr"
"Topological sort for DAG with 44 nodes","DFS-based: finish times order, or Kahn's algorithm with indegree for 44 nodes"
"Remove element from set at position 2","Use erase() for set, specify iterator or key"
"Insert 0 into vector","vector.insert(0) or push syntax depending on container type"
"Array of 27 pointers","int* arr[27]; declares array of 27 integer pointers"
"Heapify array of 39 elements","Start from last non-leaf node, sift down each node to satisfy heap property"
"Calculate power 6^2 recursively","Base: if power==0 return 1; Recursive: return 6 * power(6, 1)"
"Heapify array of 24 elements","Start from last non-leaf node, sift down each node to satisfy heap property"
"Sum of first 13 natural numbers recursively","Base: if n==0 return 0; Recursive: return 13 + sum(12)"
"How do you declare an integer array of size 48 in C++?","int arr[48]; or int* arr = new int[48];"
"Count nodes at level 4","Use level order traversal with counter, increment when at level 4"
"Time complexity of search in linked list with 400 elements?","Search in linked list: O(1), O(log n), O(n), or O(n²) depending on implementation"
"Insert 0 into map","map.insert(0) or push syntax depending on container type"
"Insert value 280 in binary search tree","Compare 280 with node: if less go left, if greater go right, insert at null"
"Array of 18 pointers","int* arr[18]; declares array of 18 integer pointers"
"Find strongly connected components in graph of size 35","Kosaraju's algorithm: DFS, transpose graph, DFS in finish time order"
"Insert value 430 in binary search tree","Compare 430 with node: if less go left, if greater go right, insert at null"
"Explain data structure concept 56","Data structures organize and store data efficiently for specific operations and access patterns"
"How to find the sum of array elements from index 8 to 18?","Initialize sum=0, loop from index 8 to 18, add arr[j] to sum"
"Construct BST from array of 8 elements","Sort array, pick middle as root for 8 elements, recursively build left and right subtrees"
"Delete node 49 from BST with two children","Find inorder successor of node 49, replace node value with successor, delete successor to maintain BST property."
"Convert infix to postfix with 29 operations","Use operator stack, output operands, pop operators based on precedence rules"
"Delete node 3 from BST with two children","Find inorder successor of node 3, replace node value with successor, delete successor to maintain BST property."
"Explain data structure concept 200","Data structures organize and store data efficiently for specific operations and access patterns"
"Topological sort for DAG with 49 nodes","DFS-based: finish times order, or Kahn's algorithm with indegree for 49 nodes"
"When to use bubble sort for 20 elements?","Bubble sort is optimal when considering space/time trade-offs for n=20"
"Time complexity of split in linked list with 100 elements?","Split in linked list: O(1), O(log n), O(n), or O(n²) depending on implementation"
"How to dequeue from queue with 23 elements?","Check if empty, get front element, increment front index, decrease size, return element"
"Extract minimum from heap of size 25","Remove root, move last element to root, bubble down to maintain heap property"
"Search in rotated sorted array at rotation point 49","Find pivot using binary search, then binary search in appropriate half"
"Explain data structure concept 360","Data structures organize and store data efficiently for specific operations and access patterns"
"How to check if stack with 39 elements is empty?","Return true if top == -1 or size == 0"
"Quadratic probing starting at 23","Try positions 23, 23+1², 23+2², 23+3² until empty slot found"
"How to detect cycle in a singly linked list at position 14?","For detect cycle operation: traverse to position 14, adjust next pointers accordingly, handle edge cases for head/tail"
"How to insert in a singly linked list at position 22?","Traverse to position 22, create new node, adjust next pointers: current->next = new_node->next, current = new_node. Handle head/tail edge cases."
"Array of 17 pointers","int* arr[17]; declares array of 17 integer pointers"
"Convert infix to postfix with 18 operations","Use operator stack, output operands, pop operators based on precedence rules"
"What is ptr[28] equivalent to?","*(ptr + 28) - both access element at index 28"
"Find kth largest element using heap where k=18","Use min heap of size 18, insert elements, root is kth largest"
"Binary search in sorted array of 148 elements","Divide array of 148 in half each iteration, O(log 148) time"
"Remove element from map at position 18","Use erase() for map, specify iterator or key"
"Explain data structure concept 311","Data structures organize and store data efficiently for specific operations and access patterns"
"Handle stack overflow when size is 2","Check if current_size < max_capacity (2) before push operation"
"Explain data structure concept 175","Data structures organize and store data efficiently for specific operations and access patterns"
"How to sort in a singly linked list at position 25?","For sort operation: traverse to position 25, adjust next pointers accordingly, handle edge cases for head/tail"
"Print numbers from 1 to 47 using recursion","Base: if n<1 return; Recursive: print(n-1), print 47"
"Time complexity of split in BST with 500 elements?","Split in BST: O(1), O(log n), O(n), or O(n²) depending on implementation"
"Longest increasing subsequence ending at index 11","DP: dp[11] = max length of LIS ending at position 11"
"Coin change problem with target 250","DP: ways[250] = sum of ways[250-coin] for each coin denomination"
"Dereference pointer at offset 30","*(ptr + 30) accesses value at 30 positions ahead"
"How to insert in a singly linked list at position 25?","Traverse to position 25, create new node, adjust next pointers: current->next = new_node->next, current = new_node. Handle head/tail edge cases."
"Operator overloading for + with 32 members","MyClass operator+(const MyClass& other) { add corresponding members, return result }"
"How to dequeue from queue with 15 elements?","Check if empty, get front element, increment front index, decrease size, return element"
"Insert 50 into vector","vector.insert(50) or push syntax depending on container type"
"Insert value 260 in binary search tree","Compare 260 with node: if less go left, if greater go right, insert at null"
"How to delete in a singly linked list at position 18?","Traverse to position 18-1, adjust pointers to skip node: prev->next = current->next, delete current. Handle head/tail cases."
"Explain data structure concept 312","Data structures organize and store data efficiently for specific operations and access patterns"
"Explain data structure concept 460","Data structures organize and store data efficiently for specific operations and access patterns"
"Double hashing with secondary hash for key 39","hash2(39) gives step size, probe at 39, 39+hash2, 39+2*hash2, ..."
"Detect cycle in graph with 14 vertices","Use DFS with recursion stack or parent tracking for undirected graph"
"BFS traversal starting from node 36","Use queue: enqueue node 36, while queue not empty: dequeue, visit, enqueue unvisited neighbors"
"Explain data structure concept 222","Data structures organize and store data efficiently for specific operations and access patterns"
"Explain data structure concept 418","Data structures organize and store data efficiently for specific operations and access patterns"
"Space complexity of quick sort with 10000 items?","Quick sort requires O(1) or O(n) or O(log n) space depending on implementation"
"Time complexity of split in queue with 200 elements?","Split in queue: O(1), O(log n), O(n), or O(n²) depending on implementation"
"Linear search for value 6 in unsorted array","Check each element sequentially until value 6 found or end reached"
"Explain data structure concept 308","Data structures organize and store data efficiently for specific operations and access patterns"
"Binary search in sorted array of 128 elements","Divide array of 128 in half each iteration, O(log 128) time"
"Time complexity of insertion in hash table with 200 elements?","Insertion in hash table: O(1), O(log n), O(n), or O(n²) depending on implementation"
"Search in rotated sorted array at rotation point 29","Find pivot using binary search, then binary search in appropriate half"
"Find kth smallest element where k=16","Inorder traversal with counter, return when counter == 16"
"Operator overloading for + with 8 members","MyClass operator+(const MyClass& other) { add corresponding members, return result }"
"Double hashing with secondary hash for key 29","hash2(29) gives step size, probe at 29, 29+hash2, 29+2*hash2, ..."
"Remove element from deque at position 18","Use erase() for deque, specify iterator or key"
"Find strongly connected components in graph of size 29","Kosaraju's algorithm: DFS, transpose graph, DFS in finish time order"
"Open addressing with linear probing from index 25","If index 25 occupied, try 25+1, 25+2, ... until empty slot found"
"BFS traversal starting from node 0","Use queue: enqueue node 0, while queue not empty: dequeue, visit, enqueue unvisited neighbors"
"Convert infix to postfix with 40 operations","Use operator stack, output operands, pop operators based on precedence rules"
"Explain data structure concept 137","Data structures organize and store data efficiently for specific operations and access patterns"
"How do you declare an integer array of size 40 in C++?","int arr[40]; or int* arr = new int[40];"
"Check balanced parentheses in string of length 21","Use stack: push '(', '[', '{', pop for closing brackets, verify matching pairs"
"Explain data structure concept 462","Data structures organize and store data efficiently for specific operations and access patterns"
"Find node with value 5 in BST","Start at root, if value == 5 return node, if 5 < node.value go left, else go right"
"Time complexity of insertion sort for 5000 elements?","Insertion sort: O(n²) worst/average case, O(n) best case for n=5000"
"Explain data structure concept 282","Data structures organize and store data efficiently for specific operations and access patterns"
"Array of 33 pointers","int* arr[33]; declares array of 33 integer pointers"
"Calculate height of tree with 10 levels","Recursively: if null return -1, else return 1 + max(height(left), height(right))"
"Find node with value 250 in BST","Start at root, if value == 250 return node, if 250 < node.value go left, else go right"
"Linear search for value 18 in unsorted array","Check each element sequentially until value 18 found or end reached"
"Convert infix to postfix with 41 operations","Use operator stack, output operands, pop operators based on precedence rules"
"Double hashing with secondary hash for key 13","hash2(13) gives step size, probe at 13, 13+hash2, 13+2*hash2, ..."
"Handle collision at index 30 using chaining","Linked list at index 30, insert colliding element at list head or tail"
"Explain data structure concept 42","Data structures organize and store data efficiently for specific operations and access patterns"
"Explain data structure concept 98","Data structures organize and store data efficiently for specific operations and access patterns"
"Count nodes at level 3","Use level order traversal with counter, increment when at level 3"
"Explain data structure concept 131","Data structures organize and store data efficiently for specific operations and access patterns"
"Check if tree is balanced with 47 nodes","For each node check if |height(left) - height(right)| <= 1"
"Array of 37 pointers","int* arr[37]; declares array of 37 integer pointers"
"Explain data structure concept 314","Data structures organize and store data efficiently for specific operations and access patterns"
"Quadratic probing starting at 20","Try positions 20, 20+1², 20+2², 20+3² until empty slot found"
"Explain data structure concept 184","Data structures organize and store data efficiently for specific operations and access patterns"
"Detect cycle in graph with 18 vertices","Use DFS with recursion stack or parent tracking for undirected graph"
"Fibonacci number at position 49","Base: if n<=1 return n; Recursive: return fib(48) + fib(47)"
"Edit distance between strings of length 22","DP: dp[i][j] = min cost to transform first i chars to first j chars"
"Find strongly connected components in graph of size 19","Kosaraju's algorithm: DFS, transpose graph, DFS in finish time order"
"Edit distance between strings of length 28","DP: dp[i][j] = min cost to transform first i chars to first j chars"
"Open addressing with linear probing from index 16","If index 16 occupied, try 16+1, 16+2, ... until empty slot found"
"What is the time complexity of accessing element at index 17?","O(1) - constant time for random access in arrays"
"Remove element from vector at position 0","Use erase() for vector, specify iterator or key"
"Time complexity of insertion sort for 100 elements?","Insertion sort: O(n²) worst/average case, O(n) best case for n=100"
"BFS traversal starting from node 42","Use queue: enqueue node 42, while queue not empty: dequeue, visit, enqueue unvisited neighbors"
"Pointer arithmetic: ptr + 7","Moves pointer forward by 7 * sizeof(type) bytes"
"Explain data structure concept 332","Data structures organize and store data efficiently for specific operations and access patterns"
"Explain data structure concept 371","Data structures organize and store data efficiently for specific operations and access patterns"
"Convert infix to postfix with 3 operations","Use operator stack, output operands, pop operators based on precedence rules"
"Hash function for key 2400","Simple: 2400 % table_size, or multiply by prime and mod by table size"
"When to use bubble sort for 1000 elements?","Bubble sort is optimal when considering space/time trade-offs for n=1000"
"Level order traversal at level 25","Use queue with level tracking, process nodes at level 25, enqueue children"
"When to use bubble sort for 500 elements?","Bubble sort is optimal when considering space/time trade-offs for n=500"
"Explain data structure concept 37","Data structures organize and store data efficiently for specific operations and access patterns"
"Explain data structure concept 438","Data structures organize and store data efficiently for specific operations and access patterns"
"How do you declare an integer array of size 32 in C++?","int arr[32]; or int* arr = new int[32];"
"Detect cycle in graph with 42 vertices","Use DFS with recursion stack or parent tracking for undirected graph"
"How to delete in a singly linked list at position 1?","Traverse to position 1-1, adjust pointers to skip node: prev->next = current->next, delete current. Handle head/tail cases."
"Find first occurrence of 9 in sorted array","Binary search with left bias, continue searching left when target found"
"Time complexity of traversal in heap with 300 elements?","Traversal in heap: O(1), O(log n), O(n), or O(n²) depending on implementation"
"Tower of Hanoi with 42 disks","Move 41 disks to auxiliary, move disk 42 to destination, move 41 disks to destination"
"Longest common subsequence of length 46","DP: LCS[i][j] = 1 + LCS[i-1][j-1] if match, else max(LCS[i-1][j], LCS[i][j-1])"
"Check balanced parentheses in string of length 20","Use stack: push '(', '[', '{', pop for closing brackets, verify matching pairs"
"Find strongly connected components in graph of size 30","Kosaraju's algorithm: DFS, transpose graph, DFS in finish time order"
"Print numbers from 1 to 30 using recursion","Base: if n<1 return; Recursive: print(n-1), print 30"
"Space complexity of insertion sort with 20 items?","Insertion sort requires O(1) or O(n) or O(log n) space depending on implementation"
"How to reverse in a singly linked list at position 14?","For reverse operation: traverse to position 14, adjust next pointers accordingly, handle edge cases for head/tail"
"Allocate array of 40 integers dynamically","int* arr = new int[40]; remember to use delete[] arr;"
"Evaluate expression with 0 operators using stack","Push operands to stack, for each operator pop required operands, compute and push result"
"Time complexity of sort in graph with 100 elements?","Sort in graph: O(1), O(log n), O(n), or O(n²) depending on implementation"
"Matrix chain multiplication with 3 matrices","DP: dp[i][j] = minimum scalar multiplications for matrices 3 to 4"
"Constructor with 1 parameters","MyClass(int p1, int p2, ..., int p1) : member1(p1), member2(p2), member1(p1) {}"
"Matrix chain multiplication with 20 matrices","DP: dp[i][j] = minimum scalar multiplications for matrices 20 to 21"
"Allocate array of 22 integers dynamically","int* arr = new int[22]; remember to use delete[] arr;"
"Space complexity of merge sort with 20 items?","Merge sort requires O(1) or O(n) or O(log n) space depending on implementation"
"Handle empty list in operation 42","Check if head == nullptr before any operations, return appropriate value or error. Prevents null pointer dereference."
"Topological sort for DAG with 21 nodes","DFS-based: finish times order, or Kahn's algorithm with indegree for 21 nodes"
"How to reverse in a singly linked list at position 6?","For reverse operation: traverse to position 6, adjust next pointers accordingly, handle edge cases for head/tail"
"Explain data structure concept 382","Data structures organize and store data efficiently for specific operations and access patterns"
"Find node with value 35 in BST","Start at root, if value == 35 return node, if 35 < node.value go left, else go right"
"Inheritance hierarchy with 38 levels","38-level inheritance: Base -> Derived1 -> ... -> Derived37"
"Allocate array of 20 integers dynamically","int* arr = new int[20]; remember to use delete[] arr;"
"Level order traversal at level 19","Use queue with level tracking, process nodes at level 19, enqueue children"
"How to check if stack with 32 elements is empty?","Return true if top == -1 or size == 0"
"Remove element from multimap at position 3","Use erase() for multimap, specify iterator or key"
"BFS traversal from node 36","Use queue: enqueue 36, dequeue, visit, enqueue unvisited neighbors"
"Explain data structure concept 248","Data structures organize and store data efficiently for specific operations and access patterns"
"Find first occurrence of 29 in sorted array","Binary search with left bias, continue searching left when target found"
"How do you declare an integer array of size 11 in C++?","int arr[11]; or int* arr = new int[11];"
"Tower of Hanoi with 8 disks","Move 7 disks to auxiliary, move disk 8 to destination, move 7 disks to destination"
"Time complexity of search in graph with 300 elements?","Search in graph: O(1), O(log n), O(n), or O(n²) depending on implementation"
"Time complexity of search in array with 500 elements?","Search in array: O(1), O(log n), O(n), or O(n²) depending on implementation"
"How to check if stack with 23 elements is empty?","Return true if top == -1 or size == 0"
"Explain data structure concept 150","Data structures organize and store data efficiently for specific operations and access patterns"
"Explain data structure concept 408","Data structures organize and store data efficiently for specific operations and access patterns"
"Operator overloading for + with 30 members","MyClass operator+(const MyClass& other) { add corresponding members, return result }"
"Search in rotated sorted array at rotation point 33","Find pivot using binary search, then binary search in appropriate half"
"Count nodes at level 0","Use level order traversal with counter, increment when at level 0"
"How to split in a singly linked list at position 3?","For split operation: traverse to position 3, adjust next pointers accordingly, handle edge cases for head/tail"
"Quadratic probing starting at 26","Try positions 26, 26+1², 26+2², 26+3² until empty slot found"
"Check balanced parentheses in string of length 42","Use stack: push '(', '[', '{', pop for closing brackets, verify matching pairs"
"Print numbers from 1 to 1 using recursion","Base: if n<1 return; Recursive: print(n-1), print 1"
"Insert 180 into set","set.insert(180) or push syntax depending on container type"
"Level order traversal at level 17","Use queue with level tracking, process nodes at level 17, enqueue children"
"Time complexity of search in stack with 100 elements?","Search in stack: O(1), O(log n), O(n), or O(n²) depending on implementation"
"Evaluate expression with 29 operators using stack","Push operands to stack, for each operator pop required operands, compute and push result"
"Insert 110 into map","map.insert(110) or push syntax depending on container type"
"Explain data structure concept 72","Data structures organize and store data efficiently for specific operations and access patterns"
"Coin change problem with target 170","DP: ways[170] = sum of ways[170-coin] for each coin denomination"
"Insert 20 into map","map.insert(20) or push syntax depending on container type"
"Coin change problem with target 145","DP: ways[145] = sum of ways[145-coin] for each coin denomination"
"Allocate array of 14 integers dynamically","int* arr = new int[14]; remember to use delete[] arr;"
"Remove element from deque at position 17","Use erase() for deque, specify iterator or key"
"Array of 5 pointers","int* arr[5]; declares array of 5 integer pointers"
"Explain data structure concept 119","Data structures organize and store data efficiently for specific operations and access patterns"
"Quadratic probing starting at 12","Try positions 12, 12+1², 12+2², 12+3² until empty slot found"
"Handle collision at index 42 using chaining","Linked list at index 42, insert colliding element at list head or tail"
"Dijkstra's shortest path to node 16","Use priority queue, update distances to node 16, select minimum distance unvisited node"
"Create class with 14 data members","class MyClass { private: int member1; int member2; ... int member14; };"
"Explain data structure concept 317","Data structures organize and store data efficiently for specific operations and access patterns"
"Calculate power 39^2 recursively","Base: if power==0 return 1; Recursive: return 39 * power(39, 1)"
"Quadratic probing starting at 1","Try positions 1, 1+1², 1+2², 1+3² until empty slot found"
"Insert 140 into multiset","multiset.insert(140) or push syntax depending on container type"
"Explain data structure concept 445","Data structures organize and store data efficiently for specific operations and access patterns"
"Declare pointer to integer with value 44","int* ptr = new int(44); allocates integer on heap with value 44"
"How to traverse in a singly linked list at position 24?","Start at head, follow next pointers until reaching position 24: for(i=0; i<24; i++) current = current->next."
"Operator overloading for + with 16 members","MyClass operator+(const MyClass& other) { add corresponding members, return result }"
"How to reverse in a singly linked list at position 3?","For reverse operation: traverse to position 3, adjust next pointers accordingly, handle edge cases for head/tail"
"Check balanced parentheses in string of length 26","Use stack: push '(', '[', '{', pop for closing brackets, verify matching pairs"
"DFS traversal starting from vertex 18","Use stack or recursion: visit 18, mark visited, recurse on unvisited neighbors"
"Implement array search for value 250","Iterate through array comparing each element with target value, return index if found"
"Dereference pointer at offset 40","*(ptr + 40) accesses value at 40 positions ahead"
"Matrix chain multiplication with 18 matrices","DP: dp[i][j] = minimum scalar multiplications for matrices 18 to 19"
"Time complexity of split in hash table with 300 elements?","Split in hash table: O(1), O(log n), O(n), or O(n²) depending on implementation"
"Extract minimum from heap of size 18","Remove root, move last element to root, bubble down to maintain heap property"
"DFS traversal starting from vertex 37","Use stack or recursion: visit 37, mark visited, recurse on unvisited neighbors"
"Construct BST from array of 28 elements","Sort array, pick middle as root for 28 elements, recursively build left and right subtrees"
"Time complexity of insertion in BST with 200 elements?","Insertion in BST: O(1), O(log n), O(n), or O(n²) depending on implementation"
"How to reverse in a singly linked list at position 23?","For reverse operation: traverse to position 23, adjust next pointers accordingly, handle edge cases for head/tail"
"Explain data structure concept 30","Data structures organize and store data efficiently for specific operations and access patterns"
"Check if tree is balanced with 28 nodes","For each node check if |height(left) - height(right)| <= 1"
"Implement push operation for stack with capacity 136","Check if size < 136, if yes: stack[++top] = element, else throw overflow"
"Extract minimum from heap of size 27","Remove root, move last element to root, bubble down to maintain heap property"
"Delete node 14 from BST with two children","Find inorder successor of node 14, replace node value with successor, delete successor to maintain BST property."
"Find kth largest element using heap where k=13","Use min heap of size 13, insert elements, root is kth largest"
"Print numbers from 1 to 41 using recursion","Base: if n<1 return; Recursive: print(n-1), print 41"
"Search in rotated sorted array at rotation point 47","Find pivot using binary search, then binary search in appropriate half"
"Search in rotated sorted array at rotation point 41","Find pivot using binary search, then binary search in appropriate half"
"DFS traversal starting from vertex 9","Use stack or recursion: visit 9, mark visited, recurse on unvisited neighbors"
"Longest common subsequence of length 34","DP: LCS[i][j] = 1 + LCS[i-1][j-1] if match, else max(LCS[i-1][j], LCS[i][j-1])"
"Double hashing with secondary hash for key 42","hash2(42) gives step size, probe at 42, 42+hash2, 42+2*hash2, ..."
"BFS traversal from node 25","Use queue: enqueue 25, dequeue, visit, enqueue unvisited neighbors"
"Pointer arithmetic: ptr + 27","Moves pointer forward by 27 * sizeof(type) bytes"
"Time complexity of traversal in queue with 500 elements?","Traversal in queue: O(1), O(log n), O(n), or O(n²) depending on implementation"
"Inheritance hierarchy with 50 levels","50-level inheritance: Base -> Derived1 -> ... -> Derived49"
"Handle stack overflow when size is 49","Check if current_size < max_capacity (49) before push operation"
"How to search in a singly linked list at position 17?","Traverse list from head, compare each node's data with target, return true if found at position 17, false otherwise."
"Prevent memory leak in class destructor 1","Delete all dynamically allocated memory in destructor, set pointers to nullptr"
"Longest increasing subsequence ending at index 22","DP: dp[22] = max length of LIS ending at position 22"
"How to check if stack with 15 elements is empty?","Return true if top == -1 or size == 0"
"Implement radix sort for array size 10","Radix sort algorithm with detailed steps for 10 elements"
"Binary search in sorted array of 106 elements","Divide array of 106 in half each iteration, O(log 106) time"
"What is ptr[13] equivalent to?","*(ptr + 13) - both access element at index 13"
"Validate array index 27 before access","Check if 0 <= 27 < size before accessing arr[27]"
"Implement push operation for stack with capacity 100","Check if size < 100, if yes: stack[++top] = element, else throw overflow"
"How do you declare an integer array of size 20 in C++?","int arr[20]; or int* arr = new int[20];"
"Heapify array of 34 elements","Start from last non-leaf node, sift down each node to satisfy heap property"
"How to reverse in a singly linked list at position 27?","For reverse operation: traverse to position 27, adjust next pointers accordingly, handle edge cases for head/tail"
"How to merge in a singly linked list at position 11?","For merge operation: traverse to position 11, adjust next pointers accordingly, handle edge cases for head/tail"
"Handle empty list in operation 16","Check if head == nullptr before any operations, return appropriate value or error. Prevents null pointer dereference."
"Insert value 170 in binary search tree","Compare 170 with node: if less go left, if greater go right, insert at null"
"Sum of first 6 natural numbers recursively","Base: if n==0 return 0; Recursive: return 6 + sum(5)"
"Prevent memory leak in class destructor 24","Delete all dynamically allocated memory in destructor, set pointers to nullptr"
"Inheritance hierarchy with 18 levels","18-level inheritance: Base -> Derived1 -> ... -> Derived17"
"Time complexity of sort in graph with 500 elements?","Sort in graph: O(1), O(log n), O(n), or O(n²) depending on implementation"
"Find first occurrence of 24 in sorted array","Binary search with left bias, continue searching left when target found"
"Destructor for class with dynamic array of size 23","~MyClass() { delete[] arrayPtr; } to free 23-element array"
"Fibonacci number at position 15","Base: if n<=1 return n; Recursive: return fib(14) + fib(13)"
"How to dequeue from queue with 19 elements?","Check if empty, get front element, increment front index, decrease size, return element"
"What is the time complexity of accessing element at index 44?","O(1) - constant time for random access in arrays"
"Pointer arithmetic: ptr + 24","Moves pointer forward by 24 * sizeof(type) bytes"
"Fibonacci number at position 21","Base: if n<=1 return n; Recursive: return fib(20) + fib(19)"
"Open addressing with linear probing from index 12","If index 12 occupied, try 12+1, 12+2, ... until empty slot found"
"Evaluate expression with 22 operators using stack","Push operands to stack, for each operator pop required operands, compute and push result"
"How to sort in a singly linked list at position 2?","For sort operation: traverse to position 2, adjust next pointers accordingly, handle edge cases for head/tail"
"Handle stack overflow when size is 10","Check if current_size < max_capacity (10) before push operation"
"Open addressing with linear probing from index 17","If index 17 occupied, try 17+1, 17+2, ... until empty slot found"
"Search in rotated sorted array at rotation point 44","Find pivot using binary search, then binary search in appropriate half"
"Find node with value 135 in BST","Start at root, if value == 135 return node, if 135 < node.value go left, else go right"
"Linear search for value 31 in unsorted array","Check each element sequentially until value 31 found or end reached"
"Find strongly connected components in graph of size 12","Kosaraju's algorithm: DFS, transpose graph, DFS in finish time order"
"Double hashing with secondary hash for key 17","hash2(17) gives step size, probe at 17, 17+hash2, 17+2*hash2, ..."
"How to check if stack with 20 elements is empty?","Return true if top == -1 or size == 0"
"Calculate factorial of 40 recursively","Base: if n==0 return 1; Recursive: return 40 * factorial(39)"
"When to use selection sort for 100 elements?","Selection sort is optimal when considering space/time trade-offs for n=100"
"Space complexity of bubble sort with 100 items?","Bubble sort requires O(1) or O(n) or O(log n) space depending on implementation"
"Find node with value 130 in BST","Start at root, if value == 130 return node, if 130 < node.value go left, else go right"
"Print numbers from 1 to 21 using recursion","Base: if n<1 return; Recursive: print(n-1), print 21"
"Calculate height of tree with 2 levels","Recursively: if null return -1, else return 1 + max(height(left), height(right))"
"Search in rotated sorted array at rotation point 48","Find pivot using binary search, then binary search in appropriate half"
"What is the time complexity of accessing element at index 20?","O(1) - constant time for random access in arrays"
"Implement push operation for stack with capacity 138","Check if size < 138, if yes: stack[++top] = element, else throw overflow"
"Create class with 8 data members","class MyClass { private: int member1; int member2; ... int member8; };"
"Matrix chain multiplication with 1 matrices","DP: dp[i][j] = minimum scalar multiplications for matrices 1 to 2"
"Detect cycle in graph with 47 vertices","Use DFS with recursion stack or parent tracking for undirected graph"
"Tower of Hanoi with 30 disks","Move 29 disks to auxiliary, move disk 30 to destination, move 29 disks to destination"
"Pointer arithmetic: ptr + 29","Moves pointer forward by 29 * sizeof(type) bytes"
"Coin change problem with target 140","DP: ways[140] = sum of ways[140-coin] for each coin denomination"
"Space complexity of bubble sort with 50 items?","Bubble sort requires O(1) or O(n) or O(log n) space depending on implementation"
"Array of 4 pointers","int* arr[4]; declares array of 4 integer pointers"
"DFS traversal starting from vertex 29","Use stack or recursion: visit 29, mark visited, recurse on unvisited neighbors"
"BFS traversal starting from node 1","Use queue: enqueue node 1, while queue not empty: dequeue, visit, enqueue unvisited neighbors"
"DFS traversal starting from vertex 5","Use stack or recursion: visit 5, mark visited, recurse on unvisited neighbors"
"Matrix chain multiplication with 26 matrices","DP: dp[i][j] = minimum scalar multiplications for matrices 26 to 27"
"Explain data structure concept 261","Data structures organize and store data efficiently for specific operations and access patterns"
"Constructor with 28 parameters","MyClass(int p1, int p2, ..., int p28) : member1(p1), member2(p2), member28(p28) {}"
"Edit distance between strings of length 19","DP: dp[i][j] = min cost to transform first i chars to first j chars"
"Solve 0/1 knapsack with capacity 280","DP table: dp[i][w] = max value using first i items with weight limit 280"
"Pointer arithmetic: ptr + 40","Moves pointer forward by 40 * sizeof(type) bytes"
"Longest increasing subsequence ending at index 42","DP: dp[42] = max length of LIS ending at position 42"
"Construct BST from array of 14 elements","Sort array, pick middle as root for 14 elements, recursively build left and right subtrees"
"Explain data structure concept 464","Data structures organize and store data efficiently for specific operations and access patterns"
"When to use radix sort for 20 elements?","Radix sort is optimal when considering space/time trade-offs for n=20"
"Dijkstra's shortest path to node 11","Use priority queue, update distances to node 11, select minimum distance unvisited node"
"Find kth largest element using heap where k=42","Use min heap of size 42, insert elements, root is kth largest"
"Find first occurrence of 48 in sorted array","Binary search with left bias, continue searching left when target found"
"Explain data structure concept 325","Data structures organize and store data efficiently for specific operations and access patterns"
"Topological sort for DAG with 6 nodes","DFS-based: finish times order, or Kahn's algorithm with indegree for 6 nodes"
"Open addressing with linear probing from index 24","If index 24 occupied, try 24+1, 24+2, ... until empty slot found"
"Hash function for key 2000","Simple: 2000 % table_size, or multiply by prime and mod by table size"
"Explain data structure concept 115","Data structures organize and store data efficiently for specific operations and access patterns"
"Dijkstra's shortest path to node 38","Use priority queue, update distances to node 38, select minimum distance unvisited node"
"Edit distance between strings of length 27","DP: dp[i][j] = min cost to transform first i chars to first j chars"
"Longest common subsequence of length 29","DP: LCS[i][j] = 1 + LCS[i-1][j-1] if match, else max(LCS[i-1][j], LCS[i][j-1])"
"Declare pointer to integer with value 27","int* ptr = new int(27); allocates integer on heap with value 27"
"Implement push operation for stack with capacity 105","Check if size < 105, if yes: stack[++top] = element, else throw overflow"
"Solve 0/1 knapsack with capacity 90","DP table: dp[i][w] = max value using first i items with weight limit 90"
"Quadratic probing starting at 36","Try positions 36, 36+1², 36+2², 36+3² until empty slot found"
"Remove element from vector at position 4","Use erase() for vector, specify iterator or key"
"How to delete in a singly linked list at position 28?","Traverse to position 28-1, adjust pointers to skip node: prev->next = current->next, delete current. Handle head/tail cases."
"Convert infix to postfix with 19 operations","Use operator stack, output operands, pop operators based on precedence rules"
"Explain data structure concept 195","Data structures organize and store data efficiently for specific operations and access patterns"
"What is the time complexity of accessing element at index 47?","O(1) - constant time for random access in arrays"
"Longest increasing subsequence ending at index 7","DP: dp[7] = max length of LIS ending at position 7"
"Time complexity of insertion in queue with 400 elements?","Insertion in queue: O(1), O(log n), O(n), or O(n²) depending on implementation"
"Explain data structure concept 107","Data structures organize and store data efficiently for specific operations and access patterns"
"Implement push operation for stack with capacity 102","Check if size < 102, if yes: stack[++top] = element, else throw overflow"
"Explain data structure concept 450","Data structures organize and store data efficiently for specific operations and access patterns"
"How to delete in a singly linked list at position 4?","Traverse to position 4-1, adjust pointers to skip node: prev->next = current->next, delete current. Handle head/tail cases."
"Dereference pointer at offset 50","*(ptr + 50) accesses value at 50 positions ahead"
"Extract minimum from heap of size 13","Remove root, move last element to root, bubble down to maintain heap property"
"Remove element from multiset at position 0","Use erase() for multiset, specify iterator or key"
"BFS traversal starting from node 2","Use queue: enqueue node 2, while queue not empty: dequeue, visit, enqueue unvisited neighbors"
"Handle collision at index 26 using chaining","Linked list at index 26, insert colliding element at list head or tail"
"Explain data structure concept 384","Data structures organize and store data efficiently for specific operations and access patterns"
"Array of 24 pointers","int* arr[24]; declares array of 24 integer pointers"
"Insert 130 into list","list.insert(130) or push syntax depending on container type"
"Binary search in sorted array of 139 elements","Divide array of 139 in half each iteration, O(log 139) time"
"Longest increasing subsequence ending at index 18","DP: dp[18] = max length of LIS ending at position 18"
"Find kth smallest element where k=46","Inorder traversal with counter, return when counter == 46"
"Evaluate expression with 27 operators using stack","Push operands to stack, for each operator pop required operands, compute and push result"
"Explain data structure concept 391","Data structures organize and store data efficiently for specific operations and access patterns"
"Dijkstra's shortest path to node 44","Use priority queue, update distances to node 44, select minimum distance unvisited node"
"Remove element from list at position 15","Use erase() for list, specify iterator or key"
"Find first occurrence of 39 in sorted array","Binary search with left bias, continue searching left when target found"
"Remove element from map at position 4","Use erase() for map, specify iterator or key"
"Declare pointer to integer with value 11","int* ptr = new int(11); allocates integer on heap with value 11"
"Remove element from map at position 19","Use erase() for map, specify iterator or key"
"Remove element from list at position 7","Use erase() for list, specify iterator or key"
"Hash function for key 1800","Simple: 1800 % table_size, or multiply by prime and mod by table size"
"Handle collision at index 9 using chaining","Linked list at index 9, insert colliding element at list head or tail"
"Declare pointer to integer with value 16","int* ptr = new int(16); allocates integer on heap with value 16"
"Handle collision at index 23 using chaining","Linked list at index 23, insert colliding element at list head or tail"
"How to split in a singly linked list at position 24?","For split operation: traverse to position 24, adjust next pointers accordingly, handle edge cases for head/tail"
"Fibonacci number at position 19","Base: if n<=1 return n; Recursive: return fib(18) + fib(17)"
"How to check if stack with 33 elements is empty?","Return true if top == -1 or size == 0"
"Binary search in sorted array of 127 elements","Divide array of 127 in half each iteration, O(log 127) time"
"Handle stack overflow when size is 31","Check if current_size < max_capacity (31) before push operation"
"How do you declare an integer array of size 52 in C++?","int arr[52]; or int* arr = new int[52];"
"Delete node 22 from BST with two children","Find inorder successor of node 22, replace node value with successor, delete successor to maintain BST property."
"Solve 0/1 knapsack with capacity 20","DP table: dp[i][w] = max value using first i items with weight limit 20"
"Convert infix to postfix with 15 operations","Use operator stack, output operands, pop operators based on precedence rules"
"Sum of first 8 natural numbers recursively","Base: if n==0 return 0; Recursive: return 8 + sum(7)"
"Time complexity of heap sort for 100 elements?","Heap sort: O(n log n) all cases for n=100"
"Time complexity of traversal in stack with 500 elements?","Traversal in stack: O(1), O(log n), O(n), or O(n²) depending on implementation"
"Explain data structure concept 71","Data structures organize and store data efficiently for specific operations and access patterns"
"Double hashing with secondary hash for key 6","hash2(6) gives step size, probe at 6, 6+hash2, 6+2*hash2, ..."
"Handle collision at index 35 using chaining","Linked list at index 35, insert colliding element at list head or tail"
"Implement priority queue for 7 elements","Use heap or sorted list, elements with higher priority dequeued first"
"Fibonacci number at position 12","Base: if n<=1 return n; Recursive: return fib(11) + fib(10)"
"Find kth largest element using heap where k=27","Use min heap of size 27, insert elements, root is kth largest"
"What is ptr[8] equivalent to?","*(ptr + 8) - both access element at index 8"
"How to traverse in a singly linked list at position 18?","Start at head, follow next pointers until reaching position 18: for(i=0; i<18; i++) current = current->next."
"Check if tree is balanced with 50 nodes","For each node check if |height(left) - height(right)| <= 1"
"Explain data structure concept 140","Data structures organize and store data efficiently for specific operations and access patterns"
"When to use counting sort for 10000 elements?","Counting sort is optimal when considering space/time trade-offs for n=10000"
"Time complexity of selection sort for 500 elements?","Selection sort: O(n²) worst/average case, O(n) best case for n=500"
"Fibonacci number at position 40","Base: if n<=1 return n; Recursive: return fib(39) + fib(38)"
"Find strongly connected components in graph of size 20","Kosaraju's algorithm: DFS, transpose graph, DFS in finish time order"
"Open addressing with linear probing from index 31","If index 31 occupied, try 31+1, 31+2, ... until empty slot found"
"Solve 0/1 knapsack with capacity 430","DP table: dp[i][w] = max value using first i items with weight limit 430"
"Open addressing with linear probing from index 46","If index 46 occupied, try 46+1, 46+2, ... until empty slot found"
"Sum of first 35 natural numbers recursively","Base: if n==0 return 0; Recursive: return 35 + sum(34)"
"Delete node 32 from BST with two children","Find inorder successor of node 32, replace node value with successor, delete successor to maintain BST property."
"Time complexity of traversal in linked list with 500 elements?","Traversal in linked list: O(1), O(log n), O(n), or O(n²) depending on implementation"
"Pointer arithmetic: ptr + 45","Moves pointer forward by 45 * sizeof(type) bytes"
"Remove element from map at position 11","Use erase() for map, specify iterator or key"
"Matrix chain multiplication with 31 matrices","DP: dp[i][j] = minimum scalar multiplications for matrices 31 to 32"
"Find first occurrence of 41 in sorted array","Binary search with left bias, continue searching left when target found"
"Time complexity of deletion in linked list with 200 elements?","Deletion in linked list: O(1), O(log n), O(n), or O(n²) depending on implementation"
"BFS traversal starting from node 28","Use queue: enqueue node 28, while queue not empty: dequeue, visit, enqueue unvisited neighbors"
"Implement array search for value 130","Iterate through array comparing each element with target value, return index if found"
"Double hashing with secondary hash for key 25","hash2(25) gives step size, probe at 25, 25+hash2, 25+2*hash2, ..."
"Time complexity of merge in graph with 300 elements?","Merge in graph: O(1), O(log n), O(n), or O(n²) depending on implementation"
"Create class with 47 data members","class MyClass { private: int member1; int member2; ... int member47; };"
"Open addressing with linear probing from index 6","If index 6 occupied, try 6+1, 6+2, ... until empty slot found"
"Time complexity of split in stack with 500 elements?","Split in stack: O(1), O(log n), O(n), or O(n²) depending on implementation"
"Insert value 230 in binary search tree","Compare 230 with node: if less go left, if greater go right, insert at null"
"Dijkstra's shortest path to node 26","Use priority queue, update distances to node 26, select minimum distance unvisited node"
"Remove element from multiset at position 11","Use erase() for multiset, specify iterator or key"
"Search in rotated sorted array at rotation point 11","Find pivot using binary search, then binary search in appropriate half"
"How to reverse in a singly linked list at position 2?","For reverse operation: traverse to position 2, adjust next pointers accordingly, handle edge cases for head/tail"
"Calculate power 19^2 recursively","Base: if power==0 return 1; Recursive: return 19 * power(19, 1)"
"Pointer arithmetic: ptr + 1","Moves pointer forward by 1 * sizeof(type) bytes"
"Dijkstra's shortest path to node 18","Use priority queue, update distances to node 18, select minimum distance unvisited node"
"BFS traversal from node 38","Use queue: enqueue 38, dequeue, visit, enqueue unvisited neighbors"
"Find kth smallest element where k=32","Inorder traversal with counter, return when counter == 32"
"Coin change problem with target 75","DP: ways[75] = sum of ways[75-coin] for each coin denomination"
"Insert 150 into deque","deque.insert(150) or push syntax depending on container type"
"How to dequeue from queue with 1 elements?","Check if empty, get front element, increment front index, decrease size, return element"
"Check if tree is balanced with 42 nodes","For each node check if |height(left) - height(right)| <= 1"
"Insert 150 into min heap","Add 150 at end, bubble up comparing with parent, swap if smaller"
"Dijkstra's shortest path to node 28","Use priority queue, update distances to node 28, select minimum distance unvisited node"
"Find strongly connected components in graph of size 15","Kosaraju's algorithm: DFS, transpose graph, DFS in finish time order"
"Remove element from set at position 13","Use erase() for set, specify iterator or key"
"Time complexity of insertion in hash table with 500 elements?","Insertion in hash table: O(1), O(log n), O(n), or O(n²) depending on implementation"
"Detect cycle in graph with 40 vertices","Use DFS with recursion stack or parent tracking for undirected graph"
"Level order traversal at level 40","Use queue with level tracking, process nodes at level 40, enqueue children"
"Explain data structure concept 289","Data structures organize and store data efficiently for specific operations and access patterns"
"Dijkstra's shortest path to node 49","Use priority queue, update distances to node 49, select minimum distance unvisited node"
"Matrix chain multiplication with 10 matrices","DP: dp[i][j] = minimum scalar multiplications for matrices 10 to 11"
"Validate array index 0 before access","Check if 0 <= 0 < size before accessing arr[0]"
"Constructor with 13 parameters","MyClass(int p1, int p2, ..., int p13) : member1(p1), member2(p2), member13(p13) {}"
"Quadratic probing starting at 40","Try positions 40, 40+1², 40+2², 40+3² until empty slot found"
"Evaluate expression with 2 operators using stack","Push operands to stack, for each operator pop required operands, compute and push result"
"Sum of first 19 natural numbers recursively","Base: if n==0 return 0; Recursive: return 19 + sum(18)"
"Solve 0/1 knapsack with capacity 100","DP table: dp[i][w] = max value using first i items with weight limit 100"
"Time complexity of merge in graph with 400 elements?","Merge in graph: O(1), O(log n), O(n), or O(n²) depending on implementation"
"Sum of first 16 natural numbers recursively","Base: if n==0 return 0; Recursive: return 16 + sum(15)"
"Find kth largest element using heap where k=22","Use min heap of size 22, insert elements, root is kth largest"
"Pointer arithmetic: ptr + 25","Moves pointer forward by 25 * sizeof(type) bytes"
"Explain data structure concept 339","Data structures organize and store data efficiently for specific operations and access patterns"
"Time complexity of heap sort for 1000 elements?","Heap sort: O(n log n) all cases for n=1000"
"Print numbers from 1 to 32 using recursion","Base: if n<1 return; Recursive: print(n-1), print 32"
"Space complexity of selection sort with 10000 items?","Selection sort requires O(1) or O(n) or O(log n) space depending on implementation"
"Implement push operation for stack with capacity 125","Check if size < 125, if yes: stack[++top] = element, else throw overflow"
"Coin change problem with target 30","DP: ways[30] = sum of ways[30-coin] for each coin denomination"
"Calculate height of tree with 26 levels","Recursively: if null return -1, else return 1 + max(height(left), height(right))"
"Implement priority queue for 37 elements","Use heap or sorted list, elements with higher priority dequeued first"
"Dereference pointer at offset 2","*(ptr + 2) accesses value at 2 positions ahead"
"Explain data structure concept 204","Data structures organize and store data efficiently for specific operations and access patterns"
"Calculate factorial of 5 recursively","Base: if n==0 return 1; Recursive: return 5 * factorial(4)"
"Explain data structure concept 90","Data structures organize and store data efficiently for specific operations and access patterns"
"Tower of Hanoi with 5 disks","Move 4 disks to auxiliary, move disk 5 to destination, move 4 disks to destination"
"Implement heap sort for array size 50","Heap sort algorithm with detailed steps for 50 elements"
"Explain data structure concept 242","Data structures organize and store data efficiently for specific operations and access patterns"
"How to traverse in a singly linked list at position 8?","Start at head, follow next pointers until reaching position 8: for(i=0; i<8; i++) current = current->next."
"Calculate height of tree with 28 levels","Recursively: if null return -1, else return 1 + max(height(left), height(right))"
"Implement array search for value 160","Iterate through array comparing each element with target value, return index if found"
"Explain data structure concept 443","Data structures organize and store data efficiently for specific operations and access patterns"
"Implement quick sort for array size 100","Quick sort algorithm with detailed steps for 100 elements"
"Insert 210 into min heap","Add 210 at end, bubble up comparing with parent, swap if smaller"
"Level order traversal at level 45","Use queue with level tracking, process nodes at level 45, enqueue children"
"Operator overloading for + with 46 members","MyClass operator+(const MyClass& other) { add corresponding members, return result }"
"Coin change problem with target 230","DP: ways[230] = sum of ways[230-coin] for each coin denomination"
"Operator overloading for + with 50 members","MyClass operator+(const MyClass& other) { add corresponding members, return result }"
"Topological sort for DAG with 43 nodes","DFS-based: finish times order, or Kahn's algorithm with indegree for 43 nodes"
"How do you declare an integer array of size 54 in C++?","int arr[54]; or int* arr = new int[54];"
"Array of 13 pointers","int* arr[13]; declares array of 13 integer pointers"
"Detect cycle in graph with 25 vertices","Use DFS with recursion stack or parent tracking for undirected graph"
"Time complexity of insertion in array with 400 elements?","Insertion in array: O(1), O(log n), O(n), or O(n²) depending on implementation"
"Construct BST from array of 43 elements","Sort array, pick middle as root for 43 elements, recursively build left and right subtrees"
"Binary search in sorted array of 133 elements","Divide array of 133 in half each iteration, O(log 133) time"
"Allocate array of 47 integers dynamically","int* arr = new int[47]; remember to use delete[] arr;"
"Explain data structure concept 155","Data structures organize and store data efficiently for specific operations and access patterns"
"Find kth smallest element where k=12","Inorder traversal with counter, return when counter == 12"
"Validate array index 24 before access","Check if 0 <= 24 < size before accessing arr[24]"
"Handle collision at index 7 using chaining","Linked list at index 7, insert colliding element at list head or tail"
"Find node with value 120 in BST","Start at root, if value == 120 return node, if 120 < node.value go left, else go right"
"How to find the sum of array elements from index 17 to 27?","Initialize sum=0, loop from index 17 to 27, add arr[j] to sum"
"Longest increasing subsequence ending at index 40","DP: dp[40] = max length of LIS ending at position 40"
"Constructor with 7 parameters","MyClass(int p1, int p2, ..., int p7) : member1(p1), member2(p2), member7(p7) {}"
"Implement push operation for stack with capacity 135","Check if size < 135, if yes: stack[++top] = element, else throw overflow"
"Convert infix to postfix with 30 operations","Use operator stack, output operands, pop operators based on precedence rules"
"Calculate power 15^2 recursively","Base: if power==0 return 1; Recursive: return 15 * power(15, 1)"
"Topological sort for DAG with 12 nodes","DFS-based: finish times order, or Kahn's algorithm with indegree for 12 nodes"
"Heapify array of 26 elements","Start from last non-leaf node, sift down each node to satisfy heap property"
"Find first occurrence of 1 in sorted array","Binary search with left bias, continue searching left when target found"
"Create class with 10 data members","class MyClass { private: int member1; int member2; ... int member10; };"
"What is ptr[29] equivalent to?","*(ptr + 29) - both access element at index 29"
"Time complexity of search in array with 200 elements?","Search in array: O(1), O(log n), O(n), or O(n²) depending on implementation"
"Time complexity of selection sort for 100 elements?","Selection sort: O(n²) worst/average case, O(n) best case for n=100"
"Explain data structure concept 38","Data structures organize and store data efficiently for specific operations and access patterns"
"Time complexity of insertion in stack with 500 elements?","Insertion in stack: O(1), O(log n), O(n), or O(n²) depending on implementation"
"Time complexity of split in queue with 500 elements?","Split in queue: O(1), O(log n), O(n), or O(n²) depending on implementation"
"How to detect cycle in a singly linked list at position 13?","For detect cycle operation: traverse to position 13, adjust next pointers accordingly, handle edge cases for head/tail"
"Implement priority queue for 30 elements","Use heap or sorted list, elements with higher priority dequeued first"
"Implement push operation for stack with capacity 130","Check if size < 130, if yes: stack[++top] = element, else throw overflow"
"Calculate factorial of 43 recursively","Base: if n==0 return 1; Recursive: return 43 * factorial(42)"
"Handle stack overflow when size is 48","Check if current_size < max_capacity (48) before push operation"
"Level order traversal at level 29","Use queue with level tracking, process nodes at level 29, enqueue children"
"Remove element from set at position 5","Use erase() for set, specify iterator or key"
"How to split in a singly linked list at position 25?","For split operation: traverse to position 25, adjust next pointers accordingly, handle edge cases for head/tail"
"Topological sort for DAG with 36 nodes","DFS-based: finish times order, or Kahn's algorithm with indegree for 36 nodes"
"Inheritance hierarchy with 16 levels","16-level inheritance: Base -> Derived1 -> ... -> Derived15"
"Extract minimum from heap of size 31","Remove root, move last element to root, bubble down to maintain heap property"
"Explain data structure concept 128","Data structures organize and store data efficiently for specific operations and access patterns"
"Find node with value 245 in BST","Start at root, if value == 245 return node, if 245 < node.value go left, else go right"
"How to check if stack with 4 elements is empty?","Return true if top == -1 or size == 0"
"Space complexity of counting sort with 50 items?","Counting sort requires O(1) or O(n) or O(log n) space depending on implementation"
"Explain data structure concept 427","Data structures organize and store data efficiently for specific operations and access patterns"
"Operator overloading for + with 6 members","MyClass operator+(const MyClass& other) { add corresponding members, return result }"
"Topological sort for DAG with 50 nodes","DFS-based: finish times order, or Kahn's algorithm with indegree for 50 nodes"
"Inheritance hierarchy with 31 levels","31-level inheritance: Base -> Derived1 -> ... -> Derived30"
"Find kth largest element using heap where k=1","Use min heap of size 1, insert elements, root is kth largest"
"Coin change problem with target 165","DP: ways[165] = sum of ways[165-coin] for each coin denomination"
"Explain data structure concept 405","Data structures organize and store data efficiently for specific operations and access patterns"
"Explain data structure concept 393","Data structures organize and store data efficiently for specific operations and access patterns"
"How to check if stack with 42 elements is empty?","Return true if top == -1 or size == 0"
"Construct BST from array of 17 elements","Sort array, pick middle as root for 17 elements, recursively build left and right subtrees"
"Time complexity of split in queue with 300 elements?","Split in queue: O(1), O(log n), O(n), or O(n²) depending on implementation"
"Check if tree is balanced with 24 nodes","For each node check if |height(left) - height(right)| <= 1"
"Handle empty list in operation 1","Check if head == nullptr before any operations, return appropriate value or error. Prevents null pointer dereference."
"Longest common subsequence of length 35","DP: LCS[i][j] = 1 + LCS[i-1][j-1] if match, else max(LCS[i-1][j], LCS[i][j-1])"
"Time complexity of traversal in linked list with 200 elements?","Traversal in linked list: O(1), O(log n), O(n), or O(n²) depending on implementation"
"How to traverse in a singly linked list at position 11?","Start at head, follow next pointers until reaching position 11: for(i=0; i<11; i++) current = current->next."
"Check balanced parentheses in string of length 40","Use stack: push '(', '[', '{', pop for closing brackets, verify matching pairs"
"Constructor with 5 parameters","MyClass(int p1, int p2, ..., int p5) : member1(p1), member2(p2), member5(p5) {}"
"Matrix chain multiplication with 19 matrices","DP: dp[i][j] = minimum scalar multiplications for matrices 19 to 20"
"Coin change problem with target 240","DP: ways[240] = sum of ways[240-coin] for each coin denomination"
"Evaluate expression with 13 operators using stack","Push operands to stack, for each operator pop required operands, compute and push result"
"Prevent memory leak in class destructor 28","Delete all dynamically allocated memory in destructor, set pointers to nullptr"
"Dereference pointer at offset 47","*(ptr + 47) accesses value at 47 positions ahead"
"Insert value 400 in binary search tree","Compare 400 with node: if less go left, if greater go right, insert at null"
"Solve 0/1 knapsack with capacity 310","DP table: dp[i][w] = max value using first i items with weight limit 310"
"Implement circular queue with size 34","Use array[34], front and rear indices with modulo arithmetic: (rear+1)%34"
"Pointer arithmetic: ptr + 49","Moves pointer forward by 49 * sizeof(type) bytes"
"How to traverse in a singly linked list at position 29?","Start at head, follow next pointers until reaching position 29: for(i=0; i<29; i++) current = current->next."
"Find node with value 215 in BST","Start at root, if value == 215 return node, if 215 < node.value go left, else go right"
"Handle stack overflow when size is 11","Check if current_size < max_capacity (11) before push operation"
"Extract minimum from heap of size 23","Remove root, move last element to root, bubble down to maintain heap property"
"Dijkstra's shortest path to node 50","Use priority queue, update distances to node 50, select minimum distance unvisited node"
"Find kth smallest element where k=48","Inorder traversal with counter, return when counter == 48"
"Inheritance hierarchy with 7 levels","7-level inheritance: Base -> Derived1 -> ... -> Derived6"
"Time complexity of split in graph with 500 elements?","Split in graph: O(1), O(log n), O(n), or O(n²) depending on implementation"
"Coin change problem with target 175","DP: ways[175] = sum of ways[175-coin] for each coin denomination"
"Space complexity of selection sort with 500 items?","Selection sort requires O(1) or O(n) or O(log n) space depending on implementation"
"Convert infix to postfix with 32 operations","Use operator stack, output operands, pop operators based on precedence rules"
"Handle collision at index 31 using chaining","Linked list at index 31, insert colliding element at list head or tail"
"Handle stack overflow when size is 42","Check if current_size < max_capacity (42) before push operation"
"How to find the sum of array elements from index 41 to 51?","Initialize sum=0, loop from index 41 to 51, add arr[j] to sum"
"Time complexity of insertion in array with 300 elements?","Insertion in array: O(1), O(log n), O(n), or O(n²) depending on implementation"
"Time complexity of counting sort for 10 elements?","Counting sort: O(n+k) time complexity for n=10 elements"
"Implement selection sort for array size 100","Selection sort algorithm with detailed steps for 100 elements"
"Fibonacci number at position 36","Base: if n<=1 return n; Recursive: return fib(35) + fib(34)"
"Handle empty list in operation 9","Check if head == nullptr before any operations, return appropriate value or error. Prevents null pointer dereference."
"Dereference pointer at offset 12","*(ptr + 12) accesses value at 12 positions ahead"
"Extract minimum from heap of size 7","Remove root, move last element to root, bubble down to maintain heap property"
"Implement push operation for stack with capacity 145","Check if size < 145, if yes: stack[++top] = element, else throw overflow"
"Explain data structure concept 223","Data structures organize and store data efficiently for specific operations and access patterns"
"Fibonacci number at position 44","Base: if n<=1 return n; Recursive: return fib(43) + fib(42)"
"Find first occurrence of 46 in sorted array","Binary search with left bias, continue searching left when target found"
"Implement merge sort for array size 10","Merge sort algorithm with detailed steps for 10 elements"
"BFS traversal starting from node 30","Use queue: enqueue node 30, while queue not empty: dequeue, visit, enqueue unvisited neighbors"
"Matrix chain multiplication with 42 matrices","DP: dp[i][j] = minimum scalar multiplications for matrices 42 to 43"
"Implement insertion sort for array size 1000","Insertion sort algorithm with detailed steps for 1000 elements"
"Explain data structure concept 234","Data structures organize and store data efficiently for specific operations and access patterns"
"Detect cycle in graph with 19 vertices","Use DFS with recursion stack or parent tracking for undirected graph"
"Coin change problem with target 80","DP: ways[80] = sum of ways[80-coin] for each coin denomination"
"Edit distance between strings of length 3","DP: dp[i][j] = min cost to transform first i chars to first j chars"
"Explain data structure concept 281","Data structures organize and store data efficiently for specific operations and access patterns"
"What is ptr[43] equivalent to?","*(ptr + 43) - both access element at index 43"
"Explain data structure concept 95","Data structures organize and store data efficiently for specific operations and access patterns"
"Time complexity of deletion in hash table with 100 elements?","Deletion in hash table: O(1), O(log n), O(n), or O(n²) depending on implementation"
"Destructor for class with dynamic array of size 26","~MyClass() { delete[] arrayPtr; } to free 26-element array"
"Calculate height of tree with 13 levels","Recursively: if null return -1, else return 1 + max(height(left), height(right))"
"Find first occurrence of 33 in sorted array","Binary search with left bias, continue searching left when target found"
"DFS traversal starting from vertex 3","Use stack or recursion: visit 3, mark visited, recurse on unvisited neighbors"
"Operator overloading for + with 49 members","MyClass operator+(const MyClass& other) { add corresponding members, return result }"
"Longest increasing subsequence ending at index 41","DP: dp[41] = max length of LIS ending at position 41"
"Calculate height of tree with 35 levels","Recursively: if null return -1, else return 1 + max(height(left), height(right))"
"Edit distance between strings of length 2","DP: dp[i][j] = min cost to transform first i chars to first j chars"
"Explain data structure concept 51","Data structures organize and store data efficiently for specific operations and access patterns"
"How to delete in a singly linked list at position 16?","Traverse to position 16-1, adjust pointers to skip node: prev->next = current->next, delete current. Handle head/tail cases."
"How to check if stack with 40 elements is empty?","Return true if top == -1 or size == 0"
"Copy constructor for class with 42 members","MyClass(const MyClass& other) : member1(other.member1), ... member42(other.member42) {}"
"Dereference pointer at offset 44","*(ptr + 44) accesses value at 44 positions ahead"
"BFS traversal from node 31","Use queue: enqueue 31, dequeue, visit, enqueue unvisited neighbors"
"Explain data structure concept 130","Data structures organize and store data efficiently for specific operations and access patterns"
"Calculate height of tree with 47 levels","Recursively: if null return -1, else return 1 + max(height(left), height(right))"
"Time complexity of deletion in linked list with 400 elements?","Deletion in linked list: O(1), O(log n), O(n), or O(n²) depending on implementation"
"Remove element from vector at position 5","Use erase() for vector, specify iterator or key"
"Declare pointer to integer with value 17","int* ptr = new int(17); allocates integer on heap with value 17"
"Explain data structure concept 273","Data structures organize and store data efficiently for specific operations and access patterns"
"Allocate array of 7 integers dynamically","int* arr = new int[7]; remember to use delete[] arr;"
"Space complexity of insertion sort with 5000 items?","Insertion sort requires O(1) or O(n) or O(log n) space depending on implementation"
"What is ptr[16] equivalent to?","*(ptr + 16) - both access element at index 16"
"How do you declare an integer array of size 17 in C++?","int arr[17]; or int* arr = new int[17];"
"What is ptr[34] equivalent to?","*(ptr + 34) - both access element at index 34"
"Declare pointer to integer with value 8","int* ptr = new int(8); allocates integer on heap with value 8"
"Explain data structure concept 228","Data structures organize and store data efficiently for specific operations and access patterns"
"Check balanced parentheses in string of length 45","Use stack: push '(', '[', '{', pop for closing brackets, verify matching pairs"
"Convert infix to postfix with 4 operations","Use operator stack, output operands, pop operators based on precedence rules"
"Declare pointer to integer with value 36","int* ptr = new int(36); allocates integer on heap with value 36"
"How to dequeue from queue with 13 elements?","Check if empty, get front element, increment front index, decrease size, return element"
"Fibonacci number at position 23","Base: if n<=1 return n; Recursive: return fib(22) + fib(21)"
"Insert 170 into list","list.insert(170) or push syntax depending on container type"
"Copy constructor for class with 8 members","MyClass(const MyClass& other) : member1(other.member1), ... member8(other.member8) {}"
"How to traverse in a singly linked list at position 28?","Start at head, follow next pointers until reaching position 28: for(i=0; i<28; i++) current = current->next."
"Quadratic probing starting at 47","Try positions 47, 47+1², 47+2², 47+3² until empty slot found"
"How to find middle in a singly linked list at position 5?","For find middle operation: traverse to position 5, adjust next pointers accordingly, handle edge cases for head/tail"
"How to sort in a singly linked list at position 1?","For sort operation: traverse to position 1, adjust next pointers accordingly, handle edge cases for head/tail"
"Explain data structure concept 49","Data structures organize and store data efficiently for specific operations and access patterns"
"Explain data structure concept 432","Data structures organize and store data efficiently for specific operations and access patterns"
"Longest increasing subsequence ending at index 43","DP: dp[43] = max length of LIS ending at position 43"
"Tower of Hanoi with 22 disks","Move 21 disks to auxiliary, move disk 22 to destination, move 21 disks to destination"
"Constructor with 34 parameters","MyClass(int p1, int p2, ..., int p34) : member1(p1), member2(p2), member34(p34) {}"
"Find kth largest element using heap where k=8","Use min heap of size 8, insert elements, root is kth largest"
"Time complexity of traversal in hash table with 100 elements?","Traversal in hash table: O(1), O(log n), O(n), or O(n²) depending on implementation"
"Longest increasing subsequence ending at index 48","DP: dp[48] = max length of LIS ending at position 48"
"Coin change problem with target 60","DP: ways[60] = sum of ways[60-coin] for each coin denomination"
"How to detect cycle in a singly linked list at position 6?","For detect cycle operation: traverse to position 6, adjust next pointers accordingly, handle edge cases for head/tail"
"Find kth largest element using heap where k=6","Use min heap of size 6, insert elements, root is kth largest"
"Space complexity of quick sort with 20 items?","Quick sort requires O(1) or O(n) or O(log n) space depending on implementation"
"Explain data structure concept 99","Data structures organize and store data efficiently for specific operations and access patterns"
"Explain data structure concept 36","Data structures organize and store data efficiently for specific operations and access patterns"
"Open addressing with linear probing from index 29","If index 29 occupied, try 29+1, 29+2, ... until empty slot found"
"Topological sort for DAG with 29 nodes","DFS-based: finish times order, or Kahn's algorithm with indegree for 29 nodes"
"How to merge in a singly linked list at position 9?","For merge operation: traverse to position 9, adjust next pointers accordingly, handle edge cases for head/tail"
"Explain data structure concept 426","Data structures organize and store data efficiently for specific operations and access patterns"
"Extract minimum from heap of size 24","Remove root, move last element to root, bubble down to maintain heap property"
"What is the time complexity of accessing element at index 33?","O(1) - constant time for random access in arrays"
"Pointer arithmetic: ptr + 36","Moves pointer forward by 36 * sizeof(type) bytes"
"Time complexity of search in stack with 300 elements?","Search in stack: O(1), O(log n), O(n), or O(n²) depending on implementation"
"Solve 0/1 knapsack with capacity 70","DP table: dp[i][w] = max value using first i items with weight limit 70"
"Time complexity of traversal in BST with 200 elements?","Traversal in BST: O(1), O(log n), O(n), or O(n²) depending on implementation"
"Convert infix to postfix with 12 operations","Use operator stack, output operands, pop operators based on precedence rules"
"Find node with value 110 in BST","Start at root, if value == 110 return node, if 110 < node.value go left, else go right"
"Implement heap sort for array size 10000","Heap sort algorithm with detailed steps for 10000 elements"
"Space complexity of radix sort with 10 items?","Radix sort requires O(1) or O(n) or O(log n) space depending on implementation"
"Implement array search for value 70","Iterate through array comparing each element with target value, return index if found"
"Print numbers from 1 to 5 using recursion","Base: if n<1 return; Recursive: print(n-1), print 5"
"Validate array index 42 before access","Check if 0 <= 42 < size before accessing arr[42]"
"Allocate array of 30 integers dynamically","int* arr = new int[30]; remember to use delete[] arr;"
"Calculate power 25^2 recursively","Base: if power==0 return 1; Recursive: return 25 * power(25, 1)"
"Topological sort for DAG with 9 nodes","DFS-based: finish times order, or Kahn's algorithm with indegree for 9 nodes"
"How to traverse in a singly linked list at position 2?","Start at head, follow next pointers until reaching position 2: for(i=0; i<2; i++) current = current->next."
"Create class with 23 data members","class MyClass { private: int member1; int member2; ... int member23; };"
"Longest common subsequence of length 17","DP: LCS[i][j] = 1 + LCS[i-1][j-1] if match, else max(LCS[i-1][j], LCS[i][j-1])"
"Handle collision at index 12 using chaining","Linked list at index 12, insert colliding element at list head or tail"
"Array of 36 pointers","int* arr[36]; declares array of 36 integer pointers"
"Calculate height of tree with 44 levels","Recursively: if null return -1, else return 1 + max(height(left), height(right))"
"Calculate power 28^2 recursively","Base: if power==0 return 1; Recursive: return 28 * power(28, 1)"
"Calculate factorial of 30 recursively","Base: if n==0 return 1; Recursive: return 30 * factorial(29)"
"Implement circular queue with size 37","Use array[37], front and rear indices with modulo arithmetic: (rear+1)%37"
"How to split in a singly linked list at position 9?","For split operation: traverse to position 9, adjust next pointers accordingly, handle edge cases for head/tail"
"Explain data structure concept 350","Data structures organize and store data efficiently for specific operations and access patterns"
"Create class with 2 data members","class MyClass { private: int member1; int member2; ... int member2; };"
"Handle empty list in operation 31","Check if head == nullptr before any operations, return appropriate value or error. Prevents null pointer dereference."
"Implement counting sort for array size 50","Counting sort algorithm with detailed steps for 50 elements"
"Sum of first 22 natural numbers recursively","Base: if n==0 return 0; Recursive: return 22 + sum(21)"
"DFS traversal starting from vertex 6","Use stack or recursion: visit 6, mark visited, recurse on unvisited neighbors"
"Constructor with 10 parameters","MyClass(int p1, int p2, ..., int p10) : member1(p1), member2(p2), member10(p10) {}"
"How to detect cycle in a singly linked list at position 27?","For detect cycle operation: traverse to position 27, adjust next pointers accordingly, handle edge cases for head/tail"
"How do you declare an integer array of size 55 in C++?","int arr[55]; or int* arr = new int[55];"
"Binary search in sorted array of 104 elements","Divide array of 104 in half each iteration, O(log 104) time"
"Longest common subsequence of length 33","DP: LCS[i][j] = 1 + LCS[i-1][j-1] if match, else max(LCS[i-1][j], LCS[i][j-1])"
"DFS traversal starting from vertex 7","Use stack or recursion: visit 7, mark visited, recurse on unvisited neighbors"
"How to find the sum of array elements from index 48 to 58?","Initialize sum=0, loop from index 48 to 58, add arr[j] to sum"
"Level order traversal at level 9","Use queue with level tracking, process nodes at level 9, enqueue children"
"Insert 60 into multiset","multiset.insert(60) or push syntax depending on container type"
"What is the time complexity of accessing element at index 34?","O(1) - constant time for random access in arrays"
"Insert 140 into set","set.insert(140) or push syntax depending on container type"
"Sum of first 32 natural numbers recursively","Base: if n==0 return 0; Recursive: return 32 + sum(31)"
"How to find middle in a singly linked list at position 18?","For find middle operation: traverse to position 18, adjust next pointers accordingly, handle edge cases for head/tail"
"Search in rotated sorted array at rotation point 8","Find pivot using binary search, then binary search in appropriate half"
"Implement radix sort for array size 50","Radix sort algorithm with detailed steps for 50 elements"
"Delete node 47 from BST with two children","Find inorder successor of node 47, replace node value with successor, delete successor to maintain BST property."
"Remove element from set at position 6","Use erase() for set, specify iterator or key"
"Implement circular queue with size 42","Use array[42], front and rear indices with modulo arithmetic: (rear+1)%42"
"Operator overloading for + with 14 members","MyClass operator+(const MyClass& other) { add corresponding members, return result }"
"How to reverse in a singly linked list at position 28?","For reverse operation: traverse to position 28, adjust next pointers accordingly, handle edge cases for head/tail"
"Extract minimum from heap of size 44","Remove root, move last element to root, bubble down to maintain heap property"
"Check balanced parentheses in string of length 49","Use stack: push '(', '[', '{', pop for closing brackets, verify matching pairs"
"Insert 320 into min heap","Add 320 at end, bubble up comparing with parent, swap if smaller"
"How to find the sum of array elements from index 42 to 52?","Initialize sum=0, loop from index 42 to 52, add arr[j] to sum"
"DFS traversal starting from vertex 27","Use stack or recursion: visit 27, mark visited, recurse on unvisited neighbors"
"How to find the sum of array elements from index 46 to 56?","Initialize sum=0, loop from index 46 to 56, add arr[j] to sum"
"Insert 10 into vector","vector.insert(10) or push syntax depending on container type"
"Longest increasing subsequence ending at index 21","DP: dp[21] = max length of LIS ending at position 21"
"Open addressing with linear probing from index 35","If index 35 occupied, try 35+1, 35+2, ... until empty slot found"
"Explain data structure concept 373","Data structures organize and store data efficiently for specific operations and access patterns"
"Print numbers from 1 to 2 using recursion","Base: if n<1 return; Recursive: print(n-1), print 2"
"Insert 100 into multiset","multiset.insert(100) or push syntax depending on container type"
"How to sort in a singly linked list at position 5?","For sort operation: traverse to position 5, adjust next pointers accordingly, handle edge cases for head/tail"
"Open addressing with linear probing from index 1","If index 1 occupied, try 1+1, 1+2, ... until empty slot found"
"Insert value 480 in binary search tree","Compare 480 with node: if less go left, if greater go right, insert at null"
"When to use insertion sort for 20 elements?","Insertion sort is optimal when considering space/time trade-offs for n=20"
"Inheritance hierarchy with 37 levels","37-level inheritance: Base -> Derived1 -> ... -> Derived36"
"Level order traversal at level 42","Use queue with level tracking, process nodes at level 42, enqueue children"
"Tower of Hanoi with 16 disks","Move 15 disks to auxiliary, move disk 16 to destination, move 15 disks to destination"
"Longest increasing subsequence ending at index 1","DP: dp[1] = max length of LIS ending at position 1"
"Coin change problem with target 205","DP: ways[205] = sum of ways[205-coin] for each coin denomination"
"Tower of Hanoi with 26 disks","Move 25 disks to auxiliary, move disk 26 to destination, move 25 disks to destination"
"Operator overloading for + with 44 members","MyClass operator+(const MyClass& other) { add corresponding members, return result }"
"Calculate height of tree with 42 levels","Recursively: if null return -1, else return 1 + max(height(left), height(right))"
"Explain data structure concept 381","Data structures organize and store data efficiently for specific operations and access patterns"
"Extract minimum from heap of size 12","Remove root, move last element to root, bubble down to maintain heap property"
"Find first occurrence of 47 in sorted array","Binary search with left bias, continue searching left when target found"
"Time complexity of sort in stack with 100 elements?","Sort in stack: O(1), O(log n), O(n), or O(n²) depending on implementation"
"Constructor with 14 parameters","MyClass(int p1, int p2, ..., int p14) : member1(p1), member2(p2), member14(p14) {}"
"Hash function for key 4500","Simple: 4500 % table_size, or multiply by prime and mod by table size"
"Explain data structure concept 79","Data structures organize and store data efficiently for specific operations and access patterns"
"Time complexity of traversal in graph with 500 elements?","Traversal in graph: O(1), O(log n), O(n), or O(n²) depending on implementation"
"Level order traversal at level 18","Use queue with level tracking, process nodes at level 18, enqueue children"
"Explain data structure concept 171","Data structures organize and store data efficiently for specific operations and access patterns"
"Find kth smallest element where k=9","Inorder traversal with counter, return when counter == 9"
"Longest increasing subsequence ending at index 37","DP: dp[37] = max length of LIS ending at position 37"
"How do you declare an integer array of size 37 in C++?","int arr[37]; or int* arr = new int[37];"
"Implement circular queue with size 57","Use array[57], front and rear indices with modulo arithmetic: (rear+1)%57"
"Handle empty list in operation 14","Check if head == nullptr before any operations, return appropriate value or error. Prevents null pointer dereference."
"How to traverse in a singly linked list at position 23?","Start at head, follow next pointers until reaching position 23: for(i=0; i<23; i++) current = current->next."
"How to dequeue from queue with 11 elements?","Check if empty, get front element, increment front index, decrease size, return element"
"Time complexity of deletion in BST with 300 elements?","Deletion in BST: O(1), O(log n), O(n), or O(n²) depending on implementation"
"Time complexity of sort in hash table with 100 elements?","Sort in hash table: O(1), O(log n), O(n), or O(n²) depending on implementation"
"Print numbers from 1 to 35 using recursion","Base: if n<1 return; Recursive: print(n-1), print 35"
"Edit distance between strings of length 40","DP: dp[i][j] = min cost to transform first i chars to first j chars"
"Calculate power 5^2 recursively","Base: if power==0 return 1; Recursive: return 5 * power(5, 1)"
"Copy constructor for class with 1 members","MyClass(const MyClass& other) : member1(other.member1), ... member1(other.member1) {}"
"How to split in a singly linked list at position 14?","For split operation: traverse to position 14, adjust next pointers accordingly, handle edge cases for head/tail"
"Topological sort for DAG with 3 nodes","DFS-based: finish times order, or Kahn's algorithm with indegree for 3 nodes"
"How to dequeue from queue with 34 elements?","Check if empty, get front element, increment front index, decrease size, return element"
"What is ptr[35] equivalent to?","*(ptr + 35) - both access element at index 35"
"Explain data structure concept 35","Data structures organize and store data efficiently for specific operations and access patterns"
"When to use selection sort for 5000 elements?","Selection sort is optimal when considering space/time trade-offs for n=5000"
"Remove element from set at position 8","Use erase() for set, specify iterator or key"
"Explain data structure concept 136","Data structures organize and store data efficiently for specific operations and access patterns"
"Insert 40 into list","list.insert(40) or push syntax depending on container type"
"Explain data structure concept 336","Data structures organize and store data efficiently for specific operations and access patterns"
"Binary search in sorted array of 114 elements","Divide array of 114 in half each iteration, O(log 114) time"
"Delete node 25 from BST with two children","Find inorder successor of node 25, replace node value with successor, delete successor to maintain BST property."
"How to find the sum of array elements from index 13 to 23?","Initialize sum=0, loop from index 13 to 23, add arr[j] to sum"
"Extract minimum from heap of size 26","Remove root, move last element to root, bubble down to maintain heap property"
"How to detect cycle in a singly linked list at position 28?","For detect cycle operation: traverse to position 28, adjust next pointers accordingly, handle edge cases for head/tail"
"Hash function for key 3200","Simple: 3200 % table_size, or multiply by prime and mod by table size"
"Explain data structure concept 361","Data structures organize and store data efficiently for specific operations and access patterns"
"Matrix chain multiplication with 45 matrices","DP: dp[i][j] = minimum scalar multiplications for matrices 45 to 46"
"Handle collision at index 16 using chaining","Linked list at index 16, insert colliding element at list head or tail"
"Detect cycle in graph with 49 vertices","Use DFS with recursion stack or parent tracking for undirected graph"
"How to sort in a singly linked list at position 16?","For sort operation: traverse to position 16, adjust next pointers accordingly, handle edge cases for head/tail"
"Find first occurrence of 2 in sorted array","Binary search with left bias, continue searching left when target found"
"How to dequeue from queue with 10 elements?","Check if empty, get front element, increment front index, decrease size, return element"
"Time complexity of deletion in hash table with 400 elements?","Deletion in hash table: O(1), O(log n), O(n), or O(n²) depending on implementation"
"How to check if stack with 0 elements is empty?","Return true if top == -1 or size == 0"
"Time complexity of insertion in heap with 400 elements?","Insertion in heap: O(1), O(log n), O(n), or O(n²) depending on implementation"
"Find kth smallest element where k=45","Inorder traversal with counter, return when counter == 45"
"Heapify array of 46 elements","Start from last non-leaf node, sift down each node to satisfy heap property"
"Time complexity of merge in queue with 500 elements?","Merge in queue: O(1), O(log n), O(n), or O(n²) depending on implementation"
"How to find middle in a singly linked list at position 4?","For find middle operation: traverse to position 4, adjust next pointers accordingly, handle edge cases for head/tail"
"Level order traversal at level 12","Use queue with level tracking, process nodes at level 12, enqueue children"
"Time complexity of merge in hash table with 500 elements?","Merge in hash table: O(1), O(log n), O(n), or O(n²) depending on implementation"
"What is the time complexity of accessing element at index 15?","O(1) - constant time for random access in arrays"
"Copy constructor for class with 30 members","MyClass(const MyClass& other) : member1(other.member1), ... member30(other.member30) {}"
"Solve 0/1 knapsack with capacity 440","DP table: dp[i][w] = max value using first i items with weight limit 440"
"Handle empty list in operation 7","Check if head == nullptr before any operations, return appropriate value or error. Prevents null pointer dereference."
"Double hashing with secondary hash for key 37","hash2(37) gives step size, probe at 37, 37+hash2, 37+2*hash2, ..."
"Destructor for class with dynamic array of size 35","~MyClass() { delete[] arrayPtr; } to free 35-element array"
"Calculate power 42^2 recursively","Base: if power==0 return 1; Recursive: return 42 * power(42, 1)"
"Level order traversal at level 14","Use queue with level tracking, process nodes at level 14, enqueue children"
"Explain data structure concept 126","Data structures organize and store data efficiently for specific operations and access patterns"
"Double hashing with secondary hash for key 9","hash2(9) gives step size, probe at 9, 9+hash2, 9+2*hash2, ..."
"Find kth largest element using heap where k=30","Use min heap of size 30, insert elements, root is kth largest"
"Extract minimum from heap of size 37","Remove root, move last element to root, bubble down to maintain heap property"
"Handle collision at index 45 using chaining","Linked list at index 45, insert colliding element at list head or tail"
"Calculate factorial of 24 recursively","Base: if n==0 return 1; Recursive: return 24 * factorial(23)"
"Check if tree is balanced with 31 nodes","For each node check if |height(left) - height(right)| <= 1"
"Validate array index 1 before access","Check if 0 <= 1 < size before accessing arr[1]"
"How to dequeue from queue with 20 elements?","Check if empty, get front element, increment front index, decrease size, return element"
"Longest common subsequence of length 6","DP: LCS[i][j] = 1 + LCS[i-1][j-1] if match, else max(LCS[i-1][j], LCS[i][j-1])"
"Implement circular queue with size 61","Use array[61], front and rear indices with modulo arithmetic: (rear+1)%61"
"Explain data structure concept 224","Data structures organize and store data efficiently for specific operations and access patterns"
"How to search in a singly linked list at position 5?","Traverse list from head, compare each node's data with target, return true if found at position 5, false otherwise."
"Longest increasing subsequence ending at index 31","DP: dp[31] = max length of LIS ending at position 31"
"Coin change problem with target 50","DP: ways[50] = sum of ways[50-coin] for each coin denomination"
"Explain data structure concept 29","Data structures organize and store data efficiently for specific operations and access patterns"
"Implement selection sort for array size 10","Selection sort algorithm with detailed steps for 10 elements"
"Implement priority queue for 10 elements","Use heap or sorted list, elements with higher priority dequeued first"
"Longest increasing subsequence ending at index 27","DP: dp[27] = max length of LIS ending at position 27"
"Time complexity of traversal in graph with 400 elements?","Traversal in graph: O(1), O(log n), O(n), or O(n²) depending on implementation"
"Binary search in sorted array of 130 elements","Divide array of 130 in half each iteration, O(log 130) time"
"Coin change problem with target 220","DP: ways[220] = sum of ways[220-coin] for each coin denomination"
"Open addressing with linear probing from index 30","If index 30 occupied, try 30+1, 30+2, ... until empty slot found"
"Linear search for value 15 in unsorted array","Check each element sequentially until value 15 found or end reached"
"How do you declare an integer array of size 33 in C++?","int arr[33]; or int* arr = new int[33];"
"DFS traversal starting from vertex 41","Use stack or recursion: visit 41, mark visited, recurse on unvisited neighbors"
"Explain data structure concept 356","Data structures organize and store data efficiently for specific operations and access patterns"
"Convert infix to postfix with 27 operations","Use operator stack, output operands, pop operators based on precedence rules"
"Pointer arithmetic: ptr + 48","Moves pointer forward by 48 * sizeof(type) bytes"
"How to check if stack with 17 elements is empty?","Return true if top == -1 or size == 0"
"Heapify array of 12 elements","Start from last non-leaf node, sift down each node to satisfy heap property"
"Count nodes at level 1","Use level order traversal with counter, increment when at level 1"
"Inheritance hierarchy with 27 levels","27-level inheritance: Base -> Derived1 -> ... -> Derived26"
"How to search in a singly linked list at position 15?","Traverse list from head, compare each node's data with target, return true if found at position 15, false otherwise."
"Longest common subsequence of length 28","DP: LCS[i][j] = 1 + LCS[i-1][j-1] if match, else max(LCS[i-1][j], LCS[i][j-1])"
"How to traverse in a singly linked list at position 27?","Start at head, follow next pointers until reaching position 27: for(i=0; i<27; i++) current = current->next."
"Longest increasing subsequence ending at index 6","DP: dp[6] = max length of LIS ending at position 6"
"Explain data structure concept 256","Data structures organize and store data efficiently for specific operations and access patterns"
"Handle empty list in operation 49","Check if head == nullptr before any operations, return appropriate value or error. Prevents null pointer dereference."
"DFS traversal starting from vertex 46","Use stack or recursion: visit 46, mark visited, recurse on unvisited neighbors"
"Allocate array of 11 integers dynamically","int* arr = new int[11]; remember to use delete[] arr;"
"How to check if stack with 31 elements is empty?","Return true if top == -1 or size == 0"
"How to detect cycle in a singly linked list at position 17?","For detect cycle operation: traverse to position 17, adjust next pointers accordingly, handle edge cases for head/tail"
"Time complexity of split in linked list with 500 elements?","Split in linked list: O(1), O(log n), O(n), or O(n²) depending on implementation"
"How to dequeue from queue with 18 elements?","Check if empty, get front element, increment front index, decrease size, return element"
"Extract minimum from heap of size 49","Remove root, move last element to root, bubble down to maintain heap property"
"Binary search in sorted array of 107 elements","Divide array of 107 in half each iteration, O(log 107) time"
"Insert 80 into deque","deque.insert(80) or push syntax depending on container type"
"Constructor with 6 parameters","MyClass(int p1, int p2, ..., int p6) : member1(p1), member2(p2), member6(p6) {}"
"How to reverse in a singly linked list at position 10?","For reverse operation: traverse to position 10, adjust next pointers accordingly, handle edge cases for head/tail"
"Check balanced parentheses in string of length 11","Use stack: push '(', '[', '{', pop for closing brackets, verify matching pairs"
"Check balanced parentheses in string of length 24","Use stack: push '(', '[', '{', pop for closing brackets, verify matching pairs"
"Edit distance between strings of length 38","DP: dp[i][j] = min cost to transform first i chars to first j chars"
"Coin change problem with target 100","DP: ways[100] = sum of ways[100-coin] for each coin denomination"
"Explain data structure concept 363","Data structures organize and store data efficiently for specific operations and access patterns"
"Handle empty list in operation 17","Check if head == nullptr before any operations, return appropriate value or error. Prevents null pointer dereference."
"What is the time complexity of accessing element at index 13?","O(1) - constant time for random access in arrays"
"Edit distance between strings of length 5","DP: dp[i][j] = min cost to transform first i chars to first j chars"
"Double hashing with secondary hash for key 31","hash2(31) gives step size, probe at 31, 31+hash2, 31+2*hash2, ..."
"Time complexity of split in heap with 500 elements?","Split in heap: O(1), O(log n), O(n), or O(n²) depending on implementation"
"Dereference pointer at offset 32","*(ptr + 32) accesses value at 32 positions ahead"
"Fibonacci number at position 50","Base: if n<=1 return n; Recursive: return fib(49) + fib(48)"
"Explain data structure concept 333","Data structures organize and store data efficiently for specific operations and access patterns"
"Solve 0/1 knapsack with capacity 380","DP table: dp[i][w] = max value using first i items with weight limit 380"
"Delete node 21 from BST with two children","Find inorder successor of node 21, replace node value with successor, delete successor to maintain BST property."
"Handle empty list in operation 24","Check if head == nullptr before any operations, return appropriate value or error. Prevents null pointer dereference."
"Implement push operation for stack with capacity 109","Check if size < 109, if yes: stack[++top] = element, else throw overflow"
"Check if tree is balanced with 44 nodes","For each node check if |height(left) - height(right)| <= 1"
"Destructor for class with dynamic array of size 6","~MyClass() { delete[] arrayPtr; } to free 6-element array"
"Longest increasing subsequence ending at index 24","DP: dp[24] = max length of LIS ending at position 24"
"Check balanced parentheses in string of length 44","Use stack: push '(', '[', '{', pop for closing brackets, verify matching pairs"
"How to detect cycle in a singly linked list at position 1?","For detect cycle operation: traverse to position 1, adjust next pointers accordingly, handle edge cases for head/tail"
"Copy constructor for class with 41 members","MyClass(const MyClass& other) : member1(other.member1), ... member41(other.member41) {}"
"Time complexity of sort in array with 100 elements?","Sort in array: O(1), O(log n), O(n), or O(n²) depending on implementation"
"How to traverse in a singly linked list at position 0?","Start at head, follow next pointers until reaching position 0: for(i=0; i<0; i++) current = current->next."
"Insert 400 into min heap","Add 400 at end, bubble up comparing with parent, swap if smaller"
"Implement array search for value 240","Iterate through array comparing each element with target value, return index if found"
"Array of 23 pointers","int* arr[23]; declares array of 23 integer pointers"
"Insert 30 into multiset","multiset.insert(30) or push syntax depending on container type"
"Solve 0/1 knapsack with capacity 110","DP table: dp[i][w] = max value using first i items with weight limit 110"
"Hash function for key 2300","Simple: 2300 % table_size, or multiply by prime and mod by table size"
"Find strongly connected components in graph of size 17","Kosaraju's algorithm: DFS, transpose graph, DFS in finish time order"
"Delete node 19 from BST with two children","Find inorder successor of node 19, replace node value with successor, delete successor to maintain BST property."
"Dijkstra's shortest path to node 35","Use priority queue, update distances to node 35, select minimum distance unvisited node"
"How to reverse in a singly linked list at position 9?","For reverse operation: traverse to position 9, adjust next pointers accordingly, handle edge cases for head/tail"
"Insert 90 into multiset","multiset.insert(90) or push syntax depending on container type"
"Delete node 50 from BST with two children","Find inorder successor of node 50, replace node value with successor, delete successor to maintain BST property."
"Declare pointer to integer with value 48","int* ptr = new int(48); allocates integer on heap with value 48"
"Explain data structure concept 349","Data structures organize and store data efficiently for specific operations and access patterns"
"Matrix chain multiplication with 7 matrices","DP: dp[i][j] = minimum scalar multiplications for matrices 7 to 8"
"Destructor for class with dynamic array of size 37","~MyClass() { delete[] arrayPtr; } to free 37-element array"
"Time complexity of sort in BST with 500 elements?","Sort in BST: O(1), O(log n), O(n), or O(n²) depending on implementation"
"Time complexity of sort in hash table with 400 elements?","Sort in hash table: O(1), O(log n), O(n), or O(n²) depending on implementation"
"Convert infix to postfix with 28 operations","Use operator stack, output operands, pop operators based on precedence rules"
"Explain data structure concept 245","Data structures organize and store data efficiently for specific operations and access patterns"
"Remove element from map at position 12","Use erase() for map, specify iterator or key"
"Sum of first 10 natural numbers recursively","Base: if n==0 return 0; Recursive: return 10 + sum(9)"
"Implement circular queue with size 66","Use array[66], front and rear indices with modulo arithmetic: (rear+1)%66"
"Inheritance hierarchy with 19 levels","19-level inheritance: Base -> Derived1 -> ... -> Derived18"
"Insert 150 into map","map.insert(150) or push syntax depending on container type"
"Insert 30 into vector","vector.insert(30) or push syntax depending on container type"
"Double hashing with secondary hash for key 18","hash2(18) gives step size, probe at 18, 18+hash2, 18+2*hash2, ..."
"Detect cycle in graph with 46 vertices","Use DFS with recursion stack or parent tracking for undirected graph"
"What is the time complexity of accessing element at index 8?","O(1) - constant time for random access in arrays"
"Double hashing with secondary hash for key 19","hash2(19) gives step size, probe at 19, 19+hash2, 19+2*hash2, ..."
"Explain data structure concept 346","Data structures organize and store data efficiently for specific operations and access patterns"
"Level order traversal at level 13","Use queue with level tracking, process nodes at level 13, enqueue children"
"Check if tree is balanced with 48 nodes","For each node check if |height(left) - height(right)| <= 1"
"Heapify array of 1 elements","Start from last non-leaf node, sift down each node to satisfy heap property"
"Calculate factorial of 12 recursively","Base: if n==0 return 1; Recursive: return 12 * factorial(11)"
"Implement bubble sort for array size 1000","Bubble sort algorithm with detailed steps for 1000 elements"
"Operator overloading for + with 7 members","MyClass operator+(const MyClass& other) { add corresponding members, return result }"
"Remove element from map at position 15","Use erase() for map, specify iterator or key"
"How to check if stack with 5 elements is empty?","Return true if top == -1 or size == 0"
"Find kth smallest element where k=31","Inorder traversal with counter, return when counter == 31"
"How to reverse in a singly linked list at position 12?","For reverse operation: traverse to position 12, adjust next pointers accordingly, handle edge cases for head/tail"
"Remove element from multimap at position 0","Use erase() for multimap, specify iterator or key"
"Constructor with 17 parameters","MyClass(int p1, int p2, ..., int p17) : member1(p1), member2(p2), member17(p17) {}"
"Insert 110 into deque","deque.insert(110) or push syntax depending on container type"
"Hash function for key 600","Simple: 600 % table_size, or multiply by prime and mod by table size"
"Constructor with 50 parameters","MyClass(int p1, int p2, ..., int p50) : member1(p1), member2(p2), member50(p50) {}"
"Insert 450 into min heap","Add 450 at end, bubble up comparing with parent, swap if smaller"
"Time complexity of sort in BST with 200 elements?","Sort in BST: O(1), O(log n), O(n), or O(n²) depending on implementation"
"How to find the sum of array elements from index 10 to 20?","Initialize sum=0, loop from index 10 to 20, add arr[j] to sum"
"Prevent memory leak in class destructor 20","Delete all dynamically allocated memory in destructor, set pointers to nullptr"
"Construct BST from array of 11 elements","Sort array, pick middle as root for 11 elements, recursively build left and right subtrees"
"Explain data structure concept 236","Data structures organize and store data efficiently for specific operations and access patterns"
"Explain data structure concept 275","Data structures organize and store data efficiently for specific operations and access patterns"
"Longest increasing subsequence ending at index 30","DP: dp[30] = max length of LIS ending at position 30"
"Find kth largest element using heap where k=38","Use min heap of size 38, insert elements, root is kth largest"
"Explain data structure concept 380","Data structures organize and store data efficiently for specific operations and access patterns"
"Handle collision at index 37 using chaining","Linked list at index 37, insert colliding element at list head or tail"
"How to dequeue from queue with 25 elements?","Check if empty, get front element, increment front index, decrease size, return element"
"Implement array search for value 170","Iterate through array comparing each element with target value, return index if found"
"How to insert in a singly linked list at position 4?","Traverse to position 4, create new node, adjust next pointers: current->next = new_node->next, current = new_node. Handle head/tail edge cases."
"Heapify array of 40 elements","Start from last non-leaf node, sift down each node to satisfy heap property"
"Declare pointer to integer with value 23","int* ptr = new int(23); allocates integer on heap with value 23"
"Heapify array of 11 elements","Start from last non-leaf node, sift down each node to satisfy heap property"
"Space complexity of insertion sort with 10000 items?","Insertion sort requires O(1) or O(n) or O(log n) space depending on implementation"
"Binary search in sorted array of 105 elements","Divide array of 105 in half each iteration, O(log 105) time"
"Array of 31 pointers","int* arr[31]; declares array of 31 integer pointers"
"Edit distance between strings of length 34","DP: dp[i][j] = min cost to transform first i chars to first j chars"
"Check if tree is balanced with 21 nodes","For each node check if |height(left) - height(right)| <= 1"
"Construct BST from array of 47 elements","Sort array, pick middle as root for 47 elements, recursively build left and right subtrees"
"Edit distance between strings of length 43","DP: dp[i][j] = min cost to transform first i chars to first j chars"
"Explain data structure concept 173","Data structures organize and store data efficiently for specific operations and access patterns"
"How to split in a singly linked list at position 2?","For split operation: traverse to position 2, adjust next pointers accordingly, handle edge cases for head/tail"
"DFS traversal starting from vertex 34","Use stack or recursion: visit 34, mark visited, recurse on unvisited neighbors"
"Implement array search for value 360","Iterate through array comparing each element with target value, return index if found"
"Time complexity of traversal in queue with 400 elements?","Traversal in queue: O(1), O(log n), O(n), or O(n²) depending on implementation"
"Solve 0/1 knapsack with capacity 190","DP table: dp[i][w] = max value using first i items with weight limit 190"
"Evaluate expression with 36 operators using stack","Push operands to stack, for each operator pop required operands, compute and push result"
"Dereference pointer at offset 49","*(ptr + 49) accesses value at 49 positions ahead"
"Explain data structure concept 176","Data structures organize and store data efficiently for specific operations and access patterns"
"How to detect cycle in a singly linked list at position 11?","For detect cycle operation: traverse to position 11, adjust next pointers accordingly, handle edge cases for head/tail"
"Find kth smallest element where k=6","Inorder traversal with counter, return when counter == 6"
"Quadratic probing starting at 2","Try positions 2, 2+1², 2+2², 2+3² until empty slot found"
"Operator overloading for + with 5 members","MyClass operator+(const MyClass& other) { add corresponding members, return result }"
"How to dequeue from queue with 39 elements?","Check if empty, get front element, increment front index, decrease size, return element"
"Time complexity of insertion in graph with 500 elements?","Insertion in graph: O(1), O(log n), O(n), or O(n²) depending on implementation"
"Explain data structure concept 225","Data structures organize and store data efficiently for specific operations and access patterns"
"Allocate array of 29 integers dynamically","int* arr = new int[29]; remember to use delete[] arr;"
"Level order traversal at level 49","Use queue with level tracking, process nodes at level 49, enqueue children"
"Check balanced parentheses in string of length 53","Use stack: push '(', '[', '{', pop for closing brackets, verify matching pairs"
"Dereference pointer at offset 22","*(ptr + 22) accesses value at 22 positions ahead"
"DFS traversal starting from vertex 1","Use stack or recursion: visit 1, mark visited, recurse on unvisited neighbors"
"Find node with value 70 in BST","Start at root, if value == 70 return node, if 70 < node.value go left, else go right"
"Double hashing with secondary hash for key 50","hash2(50) gives step size, probe at 50, 50+hash2, 50+2*hash2, ..."
"Check if tree is balanced with 45 nodes","For each node check if |height(left) - height(right)| <= 1"
"DFS traversal starting from vertex 33","Use stack or recursion: visit 33, mark visited, recurse on unvisited neighbors"
"Topological sort for DAG with 47 nodes","DFS-based: finish times order, or Kahn's algorithm with indegree for 47 nodes"
"Detect cycle in graph with 34 vertices","Use DFS with recursion stack or parent tracking for undirected graph"
"Constructor with 15 parameters","MyClass(int p1, int p2, ..., int p15) : member1(p1), member2(p2), member15(p15) {}"
"How to dequeue from queue with 14 elements?","Check if empty, get front element, increment front index, decrease size, return element"
"BFS traversal from node 14","Use queue: enqueue 14, dequeue, visit, enqueue unvisited neighbors"
"DFS traversal starting from vertex 20","Use stack or recursion: visit 20, mark visited, recurse on unvisited neighbors"
"Detect cycle in graph with 10 vertices","Use DFS with recursion stack or parent tracking for undirected graph"
"How to dequeue from queue with 42 elements?","Check if empty, get front element, increment front index, decrease size, return element"
"Topological sort for DAG with 27 nodes","DFS-based: finish times order, or Kahn's algorithm with indegree for 27 nodes"
"Find kth largest element using heap where k=44","Use min heap of size 44, insert elements, root is kth largest"
"Handle empty list in operation 20","Check if head == nullptr before any operations, return appropriate value or error. Prevents null pointer dereference."
"Time complexity of selection sort for 10000 elements?","Selection sort: O(n²) worst/average case, O(n) best case for n=10000"
"Operator overloading for + with 35 members","MyClass operator+(const MyClass& other) { add corresponding members, return result }"
"Insert 130 into set","set.insert(130) or push syntax depending on container type"
"BFS traversal from node 12","Use queue: enqueue 12, dequeue, visit, enqueue unvisited neighbors"
"How do you declare an integer array of size 16 in C++?","int arr[16]; or int* arr = new int[16];"
"Evaluate expression with 34 operators using stack","Push operands to stack, for each operator pop required operands, compute and push result"
"Evaluate expression with 1 operators using stack","Push operands to stack, for each operator pop required operands, compute and push result"
"Time complexity of deletion in graph with 500 elements?","Deletion in graph: O(1), O(log n), O(n), or O(n²) depending on implementation"
"Hash function for key 400","Simple: 400 % table_size, or multiply by prime and mod by table size"
"How to delete in a singly linked list at position 5?","Traverse to position 5-1, adjust pointers to skip node: prev->next = current->next, delete current. Handle head/tail cases."
"Time complexity of split in graph with 400 elements?","Split in graph: O(1), O(log n), O(n), or O(n²) depending on implementation"
"How to find middle in a singly linked list at position 19?","For find middle operation: traverse to position 19, adjust next pointers accordingly, handle edge cases for head/tail"
"How to merge in a singly linked list at position 4?","For merge operation: traverse to position 4, adjust next pointers accordingly, handle edge cases for head/tail"
"Find kth largest element using heap where k=37","Use min heap of size 37, insert elements, root is kth largest"
"Inheritance hierarchy with 41 levels","41-level inheritance: Base -> Derived1 -> ... -> Derived40"
"Validate array index 31 before access","Check if 0 <= 31 < size before accessing arr[31]"
"Explain data structure concept 313","Data structures organize and store data efficiently for specific operations and access patterns"
"Remove element from map at position 17","Use erase() for map, specify iterator or key"
"Find first occurrence of 42 in sorted array","Binary search with left bias, continue searching left when target found"
"BFS traversal starting from node 3","Use queue: enqueue node 3, while queue not empty: dequeue, visit, enqueue unvisited neighbors"
"Dereference pointer at offset 15","*(ptr + 15) accesses value at 15 positions ahead"
"Implement counting sort for array size 10","Counting sort algorithm with detailed steps for 10 elements"
"Find kth largest element using heap where k=25","Use min heap of size 25, insert elements, root is kth largest"
"Explain data structure concept 257","Data structures organize and store data efficiently for specific operations and access patterns"
"What is the time complexity of accessing element at index 5?","O(1) - constant time for random access in arrays"
"Dijkstra's shortest path to node 40","Use priority queue, update distances to node 40, select minimum distance unvisited node"
"Explain data structure concept 433","Data structures organize and store data efficiently for specific operations and access patterns"
"Explain data structure concept 355","Data structures organize and store data efficiently for specific operations and access patterns"
"Explain data structure concept 385","Data structures organize and store data efficiently for specific operations and access patterns"
"Copy constructor for class with 34 members","MyClass(const MyClass& other) : member1(other.member1), ... member34(other.member34) {}"
"How to check if stack with 13 elements is empty?","Return true if top == -1 or size == 0"
"Handle empty list in operation 22","Check if head == nullptr before any operations, return appropriate value or error. Prevents null pointer dereference."
"How to detect cycle in a singly linked list at position 25?","For detect cycle operation: traverse to position 25, adjust next pointers accordingly, handle edge cases for head/tail"
"Explain data structure concept 78","Data structures organize and store data efficiently for specific operations and access patterns"
"Explain data structure concept 163","Data structures organize and store data efficiently for specific operations and access patterns"
"Explain data structure concept 151","Data structures organize and store data efficiently for specific operations and access patterns"
"Insert 140 into list","list.insert(140) or push syntax depending on container type"
"Dijkstra's shortest path to node 1","Use priority queue, update distances to node 1, select minimum distance unvisited node"
"Explain data structure concept 52","Data structures organize and store data efficiently for specific operations and access patterns"
"Insert 190 into multiset","multiset.insert(190) or push syntax depending on container type"
"Time complexity of search in hash table with 400 elements?","Search in hash table: O(1), O(log n), O(n), or O(n²) depending on implementation"
"Copy constructor for class with 48 members","MyClass(const MyClass& other) : member1(other.member1), ... member48(other.member48) {}"
"Explain data structure concept 60","Data structures organize and store data efficiently for specific operations and access patterns"
"Handle collision at index 4 using chaining","Linked list at index 4, insert colliding element at list head or tail"
"Prevent memory leak in class destructor 18","Delete all dynamically allocated memory in destructor, set pointers to nullptr"
"Insert 460 into min heap","Add 460 at end, bubble up comparing with parent, swap if smaller"
"How to dequeue from queue with 28 elements?","Check if empty, get front element, increment front index, decrease size, return element"
"Explain data structure concept 16","Data structures organize and store data efficiently for specific operations and access patterns"
"Check if tree is balanced with 34 nodes","For each node check if |height(left) - height(right)| <= 1"
"Explain data structure concept 88","Data structures organize and store data efficiently for specific operations and access patterns"
"Constructor with 43 parameters","MyClass(int p1, int p2, ..., int p43) : member1(p1), member2(p2), member43(p43) {}"
"Delete node 40 from BST with two children","Find inorder successor of node 40, replace node value with successor, delete successor to maintain BST property."
"Construct BST from array of 35 elements","Sort array, pick middle as root for 35 elements, recursively build left and right subtrees"
"When to use insertion sort for 1000 elements?","Insertion sort is optimal when considering space/time trade-offs for n=1000"
"BFS traversal starting from node 33","Use queue: enqueue node 33, while queue not empty: dequeue, visit, enqueue unvisited neighbors"
"Time complexity of search in heap with 300 elements?","Search in heap: O(1), O(log n), O(n), or O(n²) depending on implementation"
"Constructor with 19 parameters","MyClass(int p1, int p2, ..., int p19) : member1(p1), member2(p2), member19(p19) {}"
"How do you declare an integer array of size 29 in C++?","int arr[29]; or int* arr = new int[29];"
"Find node with value 235 in BST","Start at root, if value == 235 return node, if 235 < node.value go left, else go right"
"Find strongly connected components in graph of size 27","Kosaraju's algorithm: DFS, transpose graph, DFS in finish time order"
"Time complexity of insertion sort for 10 elements?","Insertion sort: O(n²) worst/average case, O(n) best case for n=10"
"Sum of first 41 natural numbers recursively","Base: if n==0 return 0; Recursive: return 41 + sum(40)"
"Level order traversal at level 7","Use queue with level tracking, process nodes at level 7, enqueue children"
"Linear search for value 29 in unsorted array","Check each element sequentially until value 29 found or end reached"
"Time complexity of merge in BST with 100 elements?","Merge in BST: O(1), O(log n), O(n), or O(n²) depending on implementation"
"Time complexity of sort in graph with 400 elements?","Sort in graph: O(1), O(log n), O(n), or O(n²) depending on implementation"
"Time complexity of merge in hash table with 200 elements?","Merge in hash table: O(1), O(log n), O(n), or O(n²) depending on implementation"
"Explain data structure concept 169","Data structures organize and store data efficiently for specific operations and access patterns"
"How to reverse in a singly linked list at position 26?","For reverse operation: traverse to position 26, adjust next pointers accordingly, handle edge cases for head/tail"
"Double hashing with secondary hash for key 44","hash2(44) gives step size, probe at 44, 44+hash2, 44+2*hash2, ..."
"Time complexity of merge in graph with 200 elements?","Merge in graph: O(1), O(log n), O(n), or O(n²) depending on implementation"
"Edit distance between strings of length 37","DP: dp[i][j] = min cost to transform first i chars to first j chars"
"Time complexity of insertion in stack with 300 elements?","Insertion in stack: O(1), O(log n), O(n), or O(n²) depending on implementation"
"Allocate array of 24 integers dynamically","int* arr = new int[24]; remember to use delete[] arr;"
"DFS traversal starting from vertex 28","Use stack or recursion: visit 28, mark visited, recurse on unvisited neighbors"
"How do you declare an integer array of size 36 in C++?","int arr[36]; or int* arr = new int[36];"
"Tower of Hanoi with 27 disks","Move 26 disks to auxiliary, move disk 27 to destination, move 26 disks to destination"
"Delete node 34 from BST with two children","Find inorder successor of node 34, replace node value with successor, delete successor to maintain BST property."
"Double hashing with secondary hash for key 30","hash2(30) gives step size, probe at 30, 30+hash2, 30+2*hash2, ..."
"Calculate factorial of 38 recursively","Base: if n==0 return 1; Recursive: return 38 * factorial(37)"
"How to sort in a singly linked list at position 4?","For sort operation: traverse to position 4, adjust next pointers accordingly, handle edge cases for head/tail"
"Allocate array of 12 integers dynamically","int* arr = new int[12]; remember to use delete[] arr;"
"Explain data structure concept 62","Data structures organize and store data efficiently for specific operations and access patterns"
"Quadratic probing starting at 7","Try positions 7, 7+1², 7+2², 7+3² until empty slot found"
"How do you declare an integer array of size 23 in C++?","int arr[23]; or int* arr = new int[23];"
"Calculate factorial of 7 recursively","Base: if n==0 return 1; Recursive: return 7 * factorial(6)"
"Destructor for class with dynamic array of size 8","~MyClass() { delete[] arrayPtr; } to free 8-element array"
"How to reverse in a singly linked list at position 1?","For reverse operation: traverse to position 1, adjust next pointers accordingly, handle edge cases for head/tail"
"Validate array index 25 before access","Check if 0 <= 25 < size before accessing arr[25]"
"Array of 41 pointers","int* arr[41]; declares array of 41 integer pointers"
"Coin change problem with target 110","DP: ways[110] = sum of ways[110-coin] for each coin denomination"
"Find kth smallest element where k=17","Inorder traversal with counter, return when counter == 17"
"Find node with value 155 in BST","Start at root, if value == 155 return node, if 155 < node.value go left, else go right"
"Explain data structure concept 132","Data structures organize and store data efficiently for specific operations and access patterns"
"Find kth largest element using heap where k=17","Use min heap of size 17, insert elements, root is kth largest"
"Heapify array of 36 elements","Start from last non-leaf node, sift down each node to satisfy heap property"
"Handle empty list in operation 35","Check if head == nullptr before any operations, return appropriate value or error. Prevents null pointer dereference."
"Implement push operation for stack with capacity 107","Check if size < 107, if yes: stack[++top] = element, else throw overflow"
"How to insert in a singly linked list at position 19?","Traverse to position 19, create new node, adjust next pointers: current->next = new_node->next, current = new_node. Handle head/tail edge cases."
"Find kth smallest element where k=40","Inorder traversal with counter, return when counter == 40"
"Implement bubble sort for array size 10","Bubble sort algorithm with detailed steps for 10 elements"
"Find first occurrence of 19 in sorted array","Binary search with left bias, continue searching left when target found"
"Longest increasing subsequence ending at index 3","DP: dp[3] = max length of LIS ending at position 3"
"Inheritance hierarchy with 44 levels","44-level inheritance: Base -> Derived1 -> ... -> Derived43"
"Insert 40 into multimap","multimap.insert(40) or push syntax depending on container type"
"Sum of first 20 natural numbers recursively","Base: if n==0 return 0; Recursive: return 20 + sum(19)"
"Find strongly connected components in graph of size 24","Kosaraju's algorithm: DFS, transpose graph, DFS in finish time order"
"Implement circular queue with size 31","Use array[31], front and rear indices with modulo arithmetic: (rear+1)%31"
"How do you declare an integer array of size 19 in C++?","int arr[19]; or int* arr = new int[19];"
"Level order traversal at level 43","Use queue with level tracking, process nodes at level 43, enqueue children"
"Heapify array of 43 elements","Start from last non-leaf node, sift down each node to satisfy heap property"
"Extract minimum from heap of size 1","Remove root, move last element to root, bubble down to maintain heap property"
"Find node with value 170 in BST","Start at root, if value == 170 return node, if 170 < node.value go left, else go right"
"Validate array index 7 before access","Check if 0 <= 7 < size before accessing arr[7]"
"How do you declare an integer array of size 15 in C++?","int arr[15]; or int* arr = new int[15];"
"Print numbers from 1 to 50 using recursion","Base: if n<1 return; Recursive: print(n-1), print 50"
"Implement circular queue with size 47","Use array[47], front and rear indices with modulo arithmetic: (rear+1)%47"
"Topological sort for DAG with 8 nodes","DFS-based: finish times order, or Kahn's algorithm with indegree for 8 nodes"
"Validate array index 9 before access","Check if 0 <= 9 < size before accessing arr[9]"
"Declare pointer to integer with value 35","int* ptr = new int(35); allocates integer on heap with value 35"
"BFS traversal from node 44","Use queue: enqueue 44, dequeue, visit, enqueue unvisited neighbors"
"Check if tree is balanced with 17 nodes","For each node check if |height(left) - height(right)| <= 1"
"Explain data structure concept 61","Data structures organize and store data efficiently for specific operations and access patterns"
"Quadratic probing starting at 5","Try positions 5, 5+1², 5+2², 5+3² until empty slot found"
"Time complexity of quick sort for 20 elements?","Quick sort: O(n log n) average case, O(n²) worst case for n=20"
"Implement push operation for stack with capacity 126","Check if size < 126, if yes: stack[++top] = element, else throw overflow"
"Implement priority queue for 15 elements","Use heap or sorted list, elements with higher priority dequeued first"
"Inheritance hierarchy with 43 levels","43-level inheritance: Base -> Derived1 -> ... -> Derived42"
"Handle stack overflow when size is 33","Check if current_size < max_capacity (33) before push operation"
"Time complexity of search in linked list with 100 elements?","Search in linked list: O(1), O(log n), O(n), or O(n²) depending on implementation"
"Constructor with 4 parameters","MyClass(int p1, int p2, ..., int p4) : member1(p1), member2(p2), member4(p4) {}"
"Prevent memory leak in class destructor 30","Delete all dynamically allocated memory in destructor, set pointers to nullptr"
"What is the time complexity of accessing element at index 46?","O(1) - constant time for random access in arrays"
"Matrix chain multiplication with 9 matrices","DP: dp[i][j] = minimum scalar multiplications for matrices 9 to 10"
"Destructor for class with dynamic array of size 43","~MyClass() { delete[] arrayPtr; } to free 43-element array"
"Longest increasing subsequence ending at index 45","DP: dp[45] = max length of LIS ending at position 45"
"Longest common subsequence of length 32","DP: LCS[i][j] = 1 + LCS[i-1][j-1] if match, else max(LCS[i-1][j], LCS[i][j-1])"
"Calculate power 22^2 recursively","Base: if power==0 return 1; Recursive: return 22 * power(22, 1)"
"Implement circular queue with size 50","Use array[50], front and rear indices with modulo arithmetic: (rear+1)%50"
"How to sort in a singly linked list at position 6?","For sort operation: traverse to position 6, adjust next pointers accordingly, handle edge cases for head/tail"
"Explain data structure concept 274","Data structures organize and store data efficiently for specific operations and access patterns"
"Remove element from set at position 16","Use erase() for set, specify iterator or key"
"Edit distance between strings of length 23","DP: dp[i][j] = min cost to transform first i chars to first j chars"
"Fibonacci number at position 10","Base: if n<=1 return n; Recursive: return fib(9) + fib(8)"
"What is the time complexity of accessing element at index 49?","O(1) - constant time for random access in arrays"
"Insert 50 into multiset","multiset.insert(50) or push syntax depending on container type"
"Calculate height of tree with 41 levels","Recursively: if null return -1, else return 1 + max(height(left), height(right))"
"Hash function for key 3300","Simple: 3300 % table_size, or multiply by prime and mod by table size"
"Explain data structure concept 97","Data structures organize and store data efficiently for specific operations and access patterns"
"Check if tree is balanced with 13 nodes","For each node check if |height(left) - height(right)| <= 1"
"Handle stack overflow when size is 5","Check if current_size < max_capacity (5) before push operation"
"Explain data structure concept 34","Data structures organize and store data efficiently for specific operations and access patterns"
"How to insert in a singly linked list at position 26?","Traverse to position 26, create new node, adjust next pointers: current->next = new_node->next, current = new_node. Handle head/tail edge cases."
"When to use bubble sort for 50 elements?","Bubble sort is optimal when considering space/time trade-offs for n=50"
"What is ptr[17] equivalent to?","*(ptr + 17) - both access element at index 17"
"Handle empty list in operation 48","Check if head == nullptr before any operations, return appropriate value or error. Prevents null pointer dereference."
"Delete node 38 from BST with two children","Find inorder successor of node 38, replace node value with successor, delete successor to maintain BST property."
"Level order traversal at level 5","Use queue with level tracking, process nodes at level 5, enqueue children"
"How to check if stack with 21 elements is empty?","Return true if top == -1 or size == 0"
"Create class with 46 data members","class MyClass { private: int member1; int member2; ... int member46; };"
"How do you declare an integer array of size 10 in C++?","int arr[10]; or int* arr = new int[10];"
"Hash function for key 800","Simple: 800 % table_size, or multiply by prime and mod by table size"
"Time complexity of traversal in queue with 100 elements?","Traversal in queue: O(1), O(log n), O(n), or O(n²) depending on implementation"
"Longest common subsequence of length 18","DP: LCS[i][j] = 1 + LCS[i-1][j-1] if match, else max(LCS[i-1][j], LCS[i][j-1])"
"Implement push operation for stack with capacity 115","Check if size < 115, if yes: stack[++top] = element, else throw overflow"
"How to reverse in a singly linked list at position 13?","For reverse operation: traverse to position 13, adjust next pointers accordingly, handle edge cases for head/tail"
"Explain data structure concept 39","Data structures organize and store data efficiently for specific operations and access patterns"
"Explain data structure concept 330","Data structures organize and store data efficiently for specific operations and access patterns"
"Constructor with 24 parameters","MyClass(int p1, int p2, ..., int p24) : member1(p1), member2(p2), member24(p24) {}"
"Calculate height of tree with 15 levels","Recursively: if null return -1, else return 1 + max(height(left), height(right))"
"Calculate factorial of 23 recursively","Base: if n==0 return 1; Recursive: return 23 * factorial(22)"
"Handle collision at index 1 using chaining","Linked list at index 1, insert colliding element at list head or tail"
"Explain data structure concept 455","Data structures organize and store data efficiently for specific operations and access patterns"
"Create class with 40 data members","class MyClass { private: int member1; int member2; ... int member40; };"
"How to sort in a singly linked list at position 24?","For sort operation: traverse to position 24, adjust next pointers accordingly, handle edge cases for head/tail"
"Time complexity of bubble sort for 10 elements?","Bubble sort: O(n²) worst/average case, O(n) best case for n=10"
"When to use bubble sort for 5000 elements?","Bubble sort is optimal when considering space/time trade-offs for n=5000"
"Sum of first 9 natural numbers recursively","Base: if n==0 return 0; Recursive: return 9 + sum(8)"
"Calculate power 12^2 recursively","Base: if power==0 return 1; Recursive: return 12 * power(12, 1)"
"Pointer arithmetic: ptr + 19","Moves pointer forward by 19 * sizeof(type) bytes"
"Explain data structure concept 114","Data structures organize and store data efficiently for specific operations and access patterns"
"Explain data structure concept 122","Data structures organize and store data efficiently for specific operations and access patterns"
"Detect cycle in graph with 26 vertices","Use DFS with recursion stack or parent tracking for undirected graph"
"Create class with 33 data members","class MyClass { private: int member1; int member2; ... int member33; };"
"Explain data structure concept 4","Data structures organize and store data efficiently for specific operations and access patterns"
"Dereference pointer at offset 10","*(ptr + 10) accesses value at 10 positions ahead"
"Evaluate expression with 47 operators using stack","Push operands to stack, for each operator pop required operands, compute and push result"
"What is ptr[12] equivalent to?","*(ptr + 12) - both access element at index 12"
"Explain data structure concept 100","Data structures organize and store data efficiently for specific operations and access patterns"
"When to use counting sort for 100 elements?","Counting sort is optimal when considering space/time trade-offs for n=100"
"Explain data structure concept 165","Data structures organize and store data efficiently for specific operations and access patterns"
"Handle collision at index 40 using chaining","Linked list at index 40, insert colliding element at list head or tail"
"Explain data structure concept 253","Data structures organize and store data efficiently for specific operations and access patterns"
"How to dequeue from queue with 35 elements?","Check if empty, get front element, increment front index, decrease size, return element"
"Implement merge sort for array size 20","Merge sort algorithm with detailed steps for 20 elements"
"Insert value 460 in binary search tree","Compare 460 with node: if less go left, if greater go right, insert at null"
"BFS traversal from node 43","Use queue: enqueue 43, dequeue, visit, enqueue unvisited neighbors"
"Dereference pointer at offset 26","*(ptr + 26) accesses value at 26 positions ahead"
"Find strongly connected components in graph of size 6","Kosaraju's algorithm: DFS, transpose graph, DFS in finish time order"
"Insert 390 into min heap","Add 390 at end, bubble up comparing with parent, swap if smaller"
"Tower of Hanoi with 20 disks","Move 19 disks to auxiliary, move disk 20 to destination, move 19 disks to destination"
"Remove element from vector at position 1","Use erase() for vector, specify iterator or key"
"Explain data structure concept 209","Data structures organize and store data efficiently for specific operations and access patterns"
"Heapify array of 16 elements","Start from last non-leaf node, sift down each node to satisfy heap property"
"Tower of Hanoi with 29 disks","Move 28 disks to auxiliary, move disk 29 to destination, move 28 disks to destination"
"Linear search for value 39 in unsorted array","Check each element sequentially until value 39 found or end reached"
"Allocate array of 36 integers dynamically","int* arr = new int[36]; remember to use delete[] arr;"
"Coin change problem with target 10","DP: ways[10] = sum of ways[10-coin] for each coin denomination"
"Binary search in sorted array of 102 elements","Divide array of 102 in half each iteration, O(log 102) time"
"How to merge in a singly linked list at position 24?","For merge operation: traverse to position 24, adjust next pointers accordingly, handle edge cases for head/tail"
"Explain data structure concept 379","Data structures organize and store data efficiently for specific operations and access patterns"
"Prevent memory leak in class destructor 45","Delete all dynamically allocated memory in destructor, set pointers to nullptr"
"Time complexity of merge in stack with 200 elements?","Merge in stack: O(1), O(log n), O(n), or O(n²) depending on implementation"
"Implement quick sort for array size 500","Quick sort algorithm with detailed steps for 500 elements"
"Check balanced parentheses in string of length 18","Use stack: push '(', '[', '{', pop for closing brackets, verify matching pairs"
"Insert 440 into min heap","Add 440 at end, bubble up comparing with parent, swap if smaller"
"Prevent memory leak in class destructor 11","Delete all dynamically allocated memory in destructor, set pointers to nullptr"
"Handle stack overflow when size is 25","Check if current_size < max_capacity (25) before push operation"
"Detect cycle in graph with 22 vertices","Use DFS with recursion stack or parent tracking for undirected graph"
"Declare pointer to integer with value 49","int* ptr = new int(49); allocates integer on heap with value 49"
"Time complexity of selection sort for 20 elements?","Selection sort: O(n²) worst/average case, O(n) best case for n=20"
"How to detect cycle in a singly linked list at position 16?","For detect cycle operation: traverse to position 16, adjust next pointers accordingly, handle edge cases for head/tail"
"Explain data structure concept 23","Data structures organize and store data efficiently for specific operations and access patterns"
"Time complexity of insertion in stack with 400 elements?","Insertion in stack: O(1), O(log n), O(n), or O(n²) depending on implementation"
"Extract minimum from heap of size 4","Remove root, move last element to root, bubble down to maintain heap property"
"How to traverse in a singly linked list at position 14?","Start at head, follow next pointers until reaching position 14: for(i=0; i<14; i++) current = current->next."
"Implement heap sort for array size 10","Heap sort algorithm with detailed steps for 10 elements"
"Explain data structure concept 226","Data structures organize and store data efficiently for specific operations and access patterns"
"Space complexity of radix sort with 500 items?","Radix sort requires O(1) or O(n) or O(log n) space depending on implementation"
"Quadratic probing starting at 22","Try positions 22, 22+1², 22+2², 22+3² until empty slot found"
"Linear search for value 1 in unsorted array","Check each element sequentially until value 1 found or end reached"
"Explain data structure concept 421","Data structures organize and store data efficiently for specific operations and access patterns"
"Handle collision at index 19 using chaining","Linked list at index 19, insert colliding element at list head or tail"
"Find kth smallest element where k=30","Inorder traversal with counter, return when counter == 30"
"Calculate factorial of 17 recursively","Base: if n==0 return 1; Recursive: return 17 * factorial(16)"
"Explain data structure concept 83","Data structures organize and store data efficiently for specific operations and access patterns"
"BFS traversal starting from node 13","Use queue: enqueue node 13, while queue not empty: dequeue, visit, enqueue unvisited neighbors"
"How to check if stack with 43 elements is empty?","Return true if top == -1 or size == 0"
"Remove element from multimap at position 4","Use erase() for multimap, specify iterator or key"
"When to use insertion sort for 10000 elements?","Insertion sort is optimal when considering space/time trade-offs for n=10000"
"How to find middle in a singly linked list at position 9?","For find middle operation: traverse to position 9, adjust next pointers accordingly, handle edge cases for head/tail"
"Find kth largest element using heap where k=26","Use min heap of size 26, insert elements, root is kth largest"
"Explain data structure concept 369","Data structures organize and store data efficiently for specific operations and access patterns"
"Implement circular queue with size 24","Use array[24], front and rear indices with modulo arithmetic: (rear+1)%24"
"Time complexity of split in queue with 400 elements?","Split in queue: O(1), O(log n), O(n), or O(n²) depending on implementation"
"Find kth smallest element where k=20","Inorder traversal with counter, return when counter == 20"
"Evaluate expression with 40 operators using stack","Push operands to stack, for each operator pop required operands, compute and push result"
"Implement push operation for stack with capacity 103","Check if size < 103, if yes: stack[++top] = element, else throw overflow"
"Time complexity of bubble sort for 10000 elements?","Bubble sort: O(n²) worst/average case, O(n) best case for n=10000"
"Time complexity of counting sort for 20 elements?","Counting sort: O(n+k) time complexity for n=20 elements"
"Create class with 45 data members","class MyClass { private: int member1; int member2; ... int member45; };"
"How to find the sum of array elements from index 18 to 28?","Initialize sum=0, loop from index 18 to 28, add arr[j] to sum"
"Edit distance between strings of length 50","DP: dp[i][j] = min cost to transform first i chars to first j chars"
"How to find middle in a singly linked list at position 1?","For find middle operation: traverse to position 1, adjust next pointers accordingly, handle edge cases for head/tail"
"Handle stack overflow when size is 8","Check if current_size < max_capacity (8) before push operation"
"Space complexity of bubble sort with 5000 items?","Bubble sort requires O(1) or O(n) or O(log n) space depending on implementation"
"BFS traversal starting from node 48","Use queue: enqueue node 48, while queue not empty: dequeue, visit, enqueue unvisited neighbors"
"Find node with value 105 in BST","Start at root, if value == 105 return node, if 105 < node.value go left, else go right"
"Implement circular queue with size 64","Use array[64], front and rear indices with modulo arithmetic: (rear+1)%64"
"How to merge in a singly linked list at position 12?","For merge operation: traverse to position 12, adjust next pointers accordingly, handle edge cases for head/tail"
"Explain data structure concept 231","Data structures organize and store data efficiently for specific operations and access patterns"
"Longest common subsequence of length 43","DP: LCS[i][j] = 1 + LCS[i-1][j-1] if match, else max(LCS[i-1][j], LCS[i][j-1])"
"Fibonacci number at position 7","Base: if n<=1 return n; Recursive: return fib(6) + fib(5)"
"Implement circular queue with size 58","Use array[58], front and rear indices with modulo arithmetic: (rear+1)%58"
"Calculate height of tree with 40 levels","Recursively: if null return -1, else return 1 + max(height(left), height(right))"
"Print numbers from 1 to 18 using recursion","Base: if n<1 return; Recursive: print(n-1), print 18"
"Implement priority queue for 20 elements","Use heap or sorted list, elements with higher priority dequeued first"
"What is ptr[18] equivalent to?","*(ptr + 18) - both access element at index 18"
"DFS traversal starting from vertex 50","Use stack or recursion: visit 50, mark visited, recurse on unvisited neighbors"
"Handle collision at index 8 using chaining","Linked list at index 8, insert colliding element at list head or tail"
"How to insert in a singly linked list at position 5?","Traverse to position 5, create new node, adjust next pointers: current->next = new_node->next, current = new_node. Handle head/tail edge cases."
"Time complexity of sort in linked list with 400 elements?","Sort in linked list: O(1), O(log n), O(n), or O(n²) depending on implementation"
"Solve 0/1 knapsack with capacity 470","DP table: dp[i][w] = max value using first i items with weight limit 470"
"Delete node 9 from BST with two children","Find inorder successor of node 9, replace node value with successor, delete successor to maintain BST property."
"Tower of Hanoi with 32 disks","Move 31 disks to auxiliary, move disk 32 to destination, move 31 disks to destination"
"Hash function for key 2700","Simple: 2700 % table_size, or multiply by prime and mod by table size"
"Space complexity of merge sort with 5000 items?","Merge sort requires O(1) or O(n) or O(log n) space depending on implementation"
"Remove element from set at position 7","Use erase() for set, specify iterator or key"
"Edit distance between strings of length 10","DP: dp[i][j] = min cost to transform first i chars to first j chars"
"Validate array index 46 before access","Check if 0 <= 46 < size before accessing arr[46]"
"Handle stack overflow when size is 45","Check if current_size < max_capacity (45) before push operation"
"Time complexity of sort in hash table with 500 elements?","Sort in hash table: O(1), O(log n), O(n), or O(n²) depending on implementation"
"Handle stack overflow when size is 3","Check if current_size < max_capacity (3) before push operation"
"Print numbers from 1 to 44 using recursion","Base: if n<1 return; Recursive: print(n-1), print 44"
"Quadratic probing starting at 41","Try positions 41, 41+1², 41+2², 41+3² until empty slot found"
"DFS traversal starting from vertex 22","Use stack or recursion: visit 22, mark visited, recurse on unvisited neighbors"
"Solve 0/1 knapsack with capacity 340","DP table: dp[i][w] = max value using first i items with weight limit 340"
"Insert 30 into deque","deque.insert(30) or push syntax depending on container type"
"Time complexity of insertion sort for 1000 elements?","Insertion sort: O(n²) worst/average case, O(n) best case for n=1000"
"Implement array search for value 320","Iterate through array comparing each element with target value, return index if found"
"Longest increasing subsequence ending at index 14","DP: dp[14] = max length of LIS ending at position 14"
"Edit distance between strings of length 17","DP: dp[i][j] = min cost to transform first i chars to first j chars"
"Space complexity of heap sort with 20 items?","Heap sort requires O(1) or O(n) or O(log n) space depending on implementation"
"Matrix chain multiplication with 24 matrices","DP: dp[i][j] = minimum scalar multiplications for matrices 24 to 25"
"Time complexity of insertion in hash table with 400 elements?","Insertion in hash table: O(1), O(log n), O(n), or O(n²) depending on implementation"
"DFS traversal starting from vertex 42","Use stack or recursion: visit 42, mark visited, recurse on unvisited neighbors"
"Implement circular queue with size 27","Use array[27], front and rear indices with modulo arithmetic: (rear+1)%27"
"Coin change problem with target 180","DP: ways[180] = sum of ways[180-coin] for each coin denomination"
"Destructor for class with dynamic array of size 48","~MyClass() { delete[] arrayPtr; } to free 48-element array"
"Topological sort for DAG with 26 nodes","DFS-based: finish times order, or Kahn's algorithm with indegree for 26 nodes"
"Explain data structure concept 152","Data structures organize and store data efficiently for specific operations and access patterns"
"Copy constructor for class with 50 members","MyClass(const MyClass& other) : member1(other.member1), ... member50(other.member50) {}"
"Extract minimum from heap of size 40","Remove root, move last element to root, bubble down to maintain heap property"
"Heapify array of 14 elements","Start from last non-leaf node, sift down each node to satisfy heap property"
"Pointer arithmetic: ptr + 10","Moves pointer forward by 10 * sizeof(type) bytes"
"Explain data structure concept 354","Data structures organize and store data efficiently for specific operations and access patterns"
"Heapify array of 49 elements","Start from last non-leaf node, sift down each node to satisfy heap property"
"How to reverse in a singly linked list at position 17?","For reverse operation: traverse to position 17, adjust next pointers accordingly, handle edge cases for head/tail"
"What is the time complexity of accessing element at index 19?","O(1) - constant time for random access in arrays"
"Find node with value 65 in BST","Start at root, if value == 65 return node, if 65 < node.value go left, else go right"
"Insert 170 into map","map.insert(170) or push syntax depending on container type"
"Convert infix to postfix with 9 operations","Use operator stack, output operands, pop operators based on precedence rules"
"Tower of Hanoi with 41 disks","Move 40 disks to auxiliary, move disk 41 to destination, move 40 disks to destination"
"Explain data structure concept 435","Data structures organize and store data efficiently for specific operations and access patterns"
"How to search in a singly linked list at position 4?","Traverse list from head, compare each node's data with target, return true if found at position 4, false otherwise."
"Remove element from set at position 19","Use erase() for set, specify iterator or key"
"How to split in a singly linked list at position 16?","For split operation: traverse to position 16, adjust next pointers accordingly, handle edge cases for head/tail"
"What is the time complexity of accessing element at index 24?","O(1) - constant time for random access in arrays"
"Insert 360 into min heap","Add 360 at end, bubble up comparing with parent, swap if smaller"
"Implement priority queue for 13 elements","Use heap or sorted list, elements with higher priority dequeued first"
"Time complexity of traversal in graph with 100 elements?","Traversal in graph: O(1), O(log n), O(n), or O(n²) depending on implementation"
"Handle collision at index 36 using chaining","Linked list at index 36, insert colliding element at list head or tail"
"Construct BST from array of 13 elements","Sort array, pick middle as root for 13 elements, recursively build left and right subtrees"
"Topological sort for DAG with 2 nodes","DFS-based: finish times order, or Kahn's algorithm with indegree for 2 nodes"
"Explain data structure concept 396","Data structures organize and store data efficiently for specific operations and access patterns"
"Print numbers from 1 to 33 using recursion","Base: if n<1 return; Recursive: print(n-1), print 33"
"Sum of first 1 natural numbers recursively","Base: if n==0 return 0; Recursive: return 1 + sum(0)"
"Dereference pointer at offset 16","*(ptr + 16) accesses value at 16 positions ahead"
"What is ptr[19] equivalent to?","*(ptr + 19) - both access element at index 19"
"Remove element from multiset at position 12","Use erase() for multiset, specify iterator or key"
"Convert infix to postfix with 33 operations","Use operator stack, output operands, pop operators based on precedence rules"
"Explain data structure concept 207","Data structures organize and store data efficiently for specific operations and access patterns"
"Space complexity of merge sort with 100 items?","Merge sort requires O(1) or O(n) or O(log n) space depending on implementation"
"Time complexity of insertion in graph with 200 elements?","Insertion in graph: O(1), O(log n), O(n), or O(n²) depending on implementation"
"Handle collision at index 28 using chaining","Linked list at index 28, insert colliding element at list head or tail"
"Destructor for class with dynamic array of size 16","~MyClass() { delete[] arrayPtr; } to free 16-element array"
"Explain data structure concept 129","Data structures organize and store data efficiently for specific operations and access patterns"
"How to find the sum of array elements from index 16 to 26?","Initialize sum=0, loop from index 16 to 26, add arr[j] to sum"
"Time complexity of merge in stack with 500 elements?","Merge in stack: O(1), O(log n), O(n), or O(n²) depending on implementation"
"Time complexity of traversal in array with 200 elements?","Traversal in array: O(1), O(log n), O(n), or O(n²) depending on implementation"
"Explain data structure concept 188","Data structures organize and store data efficiently for specific operations and access patterns"
"Explain data structure concept 390","Data structures organize and store data efficiently for specific operations and access patterns"
"When to use heap sort for 50 elements?","Heap sort is optimal when considering space/time trade-offs for n=50"
"Array of 50 pointers","int* arr[50]; declares array of 50 integer pointers"
"Inheritance hierarchy with 4 levels","4-level inheritance: Base -> Derived1 -> ... -> Derived3"
"Detect cycle in graph with 7 vertices","Use DFS with recursion stack or parent tracking for undirected graph"
"Time complexity of traversal in graph with 300 elements?","Traversal in graph: O(1), O(log n), O(n), or O(n²) depending on implementation"
"Implement circular queue with size 55","Use array[55], front and rear indices with modulo arithmetic: (rear+1)%55"
"How to find the sum of array elements from index 1 to 11?","Initialize sum=0, loop from index 1 to 11, add arr[j] to sum"
"Explain data structure concept 459","Data structures organize and store data efficiently for specific operations and access patterns"
"Coin change problem with target 120","DP: ways[120] = sum of ways[120-coin] for each coin denomination"
"Explain data structure concept 285","Data structures organize and store data efficiently for specific operations and access patterns"
"Heapify array of 37 elements","Start from last non-leaf node, sift down each node to satisfy heap property"
"Handle stack overflow when size is 16","Check if current_size < max_capacity (16) before push operation"
"Destructor for class with dynamic array of size 38","~MyClass() { delete[] arrayPtr; } to free 38-element array"
"Implement merge sort for array size 10000","Merge sort algorithm with detailed steps for 10000 elements"
"Double hashing with secondary hash for key 12","hash2(12) gives step size, probe at 12, 12+hash2, 12+2*hash2, ..."
"How to check if stack with 10 elements is empty?","Return true if top == -1 or size == 0"
"Longest increasing subsequence ending at index 9","DP: dp[9] = max length of LIS ending at position 9"
"Implement push operation for stack with capacity 141","Check if size < 141, if yes: stack[++top] = element, else throw overflow"
"Evaluate expression with 44 operators using stack","Push operands to stack, for each operator pop required operands, compute and push result"
"Validate array index 44 before access","Check if 0 <= 44 < size before accessing arr[44]"
"Topological sort for DAG with 28 nodes","DFS-based: finish times order, or Kahn's algorithm with indegree for 28 nodes"
"What is the time complexity of accessing element at index 14?","O(1) - constant time for random access in arrays"
"Detect cycle in graph with 45 vertices","Use DFS with recursion stack or parent tracking for undirected graph"
"How to sort in a singly linked list at position 9?","For sort operation: traverse to position 9, adjust next pointers accordingly, handle edge cases for head/tail"
"Solve 0/1 knapsack with capacity 170","DP table: dp[i][w] = max value using first i items with weight limit 170"
"Operator overloading for + with 11 members","MyClass operator+(const MyClass& other) { add corresponding members, return result }"
"Sum of first 38 natural numbers recursively","Base: if n==0 return 0; Recursive: return 38 + sum(37)"
"Time complexity of search in hash table with 200 elements?","Search in hash table: O(1), O(log n), O(n), or O(n²) depending on implementation"
"Level order traversal at level 34","Use queue with level tracking, process nodes at level 34, enqueue children"
"Binary search in sorted array of 143 elements","Divide array of 143 in half each iteration, O(log 143) time"
"Dereference pointer at offset 14","*(ptr + 14) accesses value at 14 positions ahead"
"Find kth smallest element where k=15","Inorder traversal with counter, return when counter == 15"
"Implement priority queue for 18 elements","Use heap or sorted list, elements with higher priority dequeued first"
"Explain data structure concept 44","Data structures organize and store data efficiently for specific operations and access patterns"
"Explain data structure concept 310","Data structures organize and store data efficiently for specific operations and access patterns"
"Handle stack overflow when size is 39","Check if current_size < max_capacity (39) before push operation"
"Remove element from multiset at position 10","Use erase() for multiset, specify iterator or key"
"Search in rotated sorted array at rotation point 42","Find pivot using binary search, then binary search in appropriate half"
"Tower of Hanoi with 7 disks","Move 6 disks to auxiliary, move disk 7 to destination, move 6 disks to destination"
"Double hashing with secondary hash for key 38","hash2(38) gives step size, probe at 38, 38+hash2, 38+2*hash2, ..."
"Remove element from set at position 15","Use erase() for set, specify iterator or key"
"Time complexity of traversal in linked list with 100 elements?","Traversal in linked list: O(1), O(log n), O(n), or O(n²) depending on implementation"
"Declare pointer to integer with value 37","int* ptr = new int(37); allocates integer on heap with value 37"
"Pointer arithmetic: ptr + 23","Moves pointer forward by 23 * sizeof(type) bytes"
"Insert value 120 in binary search tree","Compare 120 with node: if less go left, if greater go right, insert at null"
"BFS traversal starting from node 37","Use queue: enqueue node 37, while queue not empty: dequeue, visit, enqueue unvisited neighbors"
"How to find the sum of array elements from index 34 to 44?","Initialize sum=0, loop from index 34 to 44, add arr[j] to sum"
"Array of 22 pointers","int* arr[22]; declares array of 22 integer pointers"
"Find strongly connected components in graph of size 3","Kosaraju's algorithm: DFS, transpose graph, DFS in finish time order"
"Prevent memory leak in class destructor 27","Delete all dynamically allocated memory in destructor, set pointers to nullptr"
"Copy constructor for class with 46 members","MyClass(const MyClass& other) : member1(other.member1), ... member46(other.member46) {}"
"Insert 250 into min heap","Add 250 at end, bubble up comparing with parent, swap if smaller"
"Insert value 450 in binary search tree","Compare 450 with node: if less go left, if greater go right, insert at null"
"Binary search in sorted array of 126 elements","Divide array of 126 in half each iteration, O(log 126) time"
"How to dequeue from queue with 40 elements?","Check if empty, get front element, increment front index, decrease size, return element"
"Implement circular queue with size 33","Use array[33], front and rear indices with modulo arithmetic: (rear+1)%33"
"How to delete in a singly linked list at position 15?","Traverse to position 15-1, adjust pointers to skip node: prev->next = current->next, delete current. Handle head/tail cases."
"Remove element from set at position 17","Use erase() for set, specify iterator or key"
"Extract minimum from heap of size 15","Remove root, move last element to root, bubble down to maintain heap property"
"Implement insertion sort for array size 500","Insertion sort algorithm with detailed steps for 500 elements"
"When to use heap sort for 10000 elements?","Heap sort is optimal when considering space/time trade-offs for n=10000"
"Create class with 15 data members","class MyClass { private: int member1; int member2; ... int member15; };"
"Check if tree is balanced with 15 nodes","For each node check if |height(left) - height(right)| <= 1"
"Handle empty list in operation 37","Check if head == nullptr before any operations, return appropriate value or error. Prevents null pointer dereference."
"Find kth smallest element where k=23","Inorder traversal with counter, return when counter == 23"
"Explain data structure concept 322","Data structures organize and store data efficiently for specific operations and access patterns"
"Search in rotated sorted array at rotation point 40","Find pivot using binary search, then binary search in appropriate half"
"Time complexity of deletion in graph with 100 elements?","Deletion in graph: O(1), O(log n), O(n), or O(n²) depending on implementation"
"Find kth largest element using heap where k=4","Use min heap of size 4, insert elements, root is kth largest"
"Calculate power 14^2 recursively","Base: if power==0 return 1; Recursive: return 14 * power(14, 1)"
"How to insert in a singly linked list at position 3?","Traverse to position 3, create new node, adjust next pointers: current->next = new_node->next, current = new_node. Handle head/tail edge cases."
"Explain data structure concept 290","Data structures organize and store data efficiently for specific operations and access patterns"
"Space complexity of quick sort with 10 items?","Quick sort requires O(1) or O(n) or O(log n) space depending on implementation"
"Detect cycle in graph with 32 vertices","Use DFS with recursion stack or parent tracking for undirected graph"
"Time complexity of split in heap with 200 elements?","Split in heap: O(1), O(log n), O(n), or O(n²) depending on implementation"
"Create class with 19 data members","class MyClass { private: int member1; int member2; ... int member19; };"
"Time complexity of deletion in array with 200 elements?","Deletion in array: O(1), O(log n), O(n), or O(n²) depending on implementation"
"How to dequeue from queue with 6 elements?","Check if empty, get front element, increment front index, decrease size, return element"
"Matrix chain multiplication with 28 matrices","DP: dp[i][j] = minimum scalar multiplications for matrices 28 to 29"
"Time complexity of merge sort for 5000 elements?","Merge sort: O(n log n) all cases for n=5000"
"Create class with 35 data members","class MyClass { private: int member1; int member2; ... int member35; };"
"Implement array search for value 460","Iterate through array comparing each element with target value, return index if found"
"Copy constructor for class with 3 members","MyClass(const MyClass& other) : member1(other.member1), ... member3(other.member3) {}"
"Implement insertion sort for array size 10","Insertion sort algorithm with detailed steps for 10 elements"
"Edit distance between strings of length 35","DP: dp[i][j] = min cost to transform first i chars to first j chars"
"Allocate array of 4 integers dynamically","int* arr = new int[4]; remember to use delete[] arr;"
"Declare pointer to integer with value 50","int* ptr = new int(50); allocates integer on heap with value 50"
"Array of 15 pointers","int* arr[15]; declares array of 15 integer pointers"
"Time complexity of radix sort for 10000 elements?","Radix sort: O(n+k) time complexity for n=10000 elements"
"What is the time complexity of accessing element at index 4?","O(1) - constant time for random access in arrays"
"Time complexity of traversal in linked list with 400 elements?","Traversal in linked list: O(1), O(log n), O(n), or O(n²) depending on implementation"
"How to sort in a singly linked list at position 19?","For sort operation: traverse to position 19, adjust next pointers accordingly, handle edge cases for head/tail"
"Extract minimum from heap of size 2","Remove root, move last element to root, bubble down to maintain heap property"
"What is the time complexity of accessing element at index 3?","O(1) - constant time for random access in arrays"
"Array of 6 pointers","int* arr[6]; declares array of 6 integer pointers"
"Create class with 3 data members","class MyClass { private: int member1; int member2; ... int member3; };"
"Level order traversal at level 10","Use queue with level tracking, process nodes at level 10, enqueue children"
"Evaluate expression with 39 operators using stack","Push operands to stack, for each operator pop required operands, compute and push result"
"Pointer arithmetic: ptr + 4","Moves pointer forward by 4 * sizeof(type) bytes"
"BFS traversal starting from node 9","Use queue: enqueue node 9, while queue not empty: dequeue, visit, enqueue unvisited neighbors"
"Array of 47 pointers","int* arr[47]; declares array of 47 integer pointers"
"Convert infix to postfix with 0 operations","Use operator stack, output operands, pop operators based on precedence rules"
"Operator overloading for + with 39 members","MyClass operator+(const MyClass& other) { add corresponding members, return result }"
"Find node with value 80 in BST","Start at root, if value == 80 return node, if 80 < node.value go left, else go right"
"Implement priority queue for 41 elements","Use heap or sorted list, elements with higher priority dequeued first"
"Heapify array of 8 elements","Start from last non-leaf node, sift down each node to satisfy heap property"
"Copy constructor for class with 37 members","MyClass(const MyClass& other) : member1(other.member1), ... member37(other.member37) {}"
"Find kth smallest element where k=27","Inorder traversal with counter, return when counter == 27"
"DFS traversal starting from vertex 39","Use stack or recursion: visit 39, mark visited, recurse on unvisited neighbors"
"BFS traversal from node 21","Use queue: enqueue 21, dequeue, visit, enqueue unvisited neighbors"
"Evaluate expression with 46 operators using stack","Push operands to stack, for each operator pop required operands, compute and push result"
"Insert 100 into list","list.insert(100) or push syntax depending on container type"
"Explain data structure concept 54","Data structures organize and store data efficiently for specific operations and access patterns"
"Implement priority queue for 8 elements","Use heap or sorted list, elements with higher priority dequeued first"
"BFS traversal starting from node 5","Use queue: enqueue node 5, while queue not empty: dequeue, visit, enqueue unvisited neighbors"
"Calculate factorial of 42 recursively","Base: if n==0 return 1; Recursive: return 42 * factorial(41)"
"How to traverse in a singly linked list at position 5?","Start at head, follow next pointers until reaching position 5: for(i=0; i<5; i++) current = current->next."
"Level order traversal at level 39","Use queue with level tracking, process nodes at level 39, enqueue children"
"Explain data structure concept 368","Data structures organize and store data efficiently for specific operations and access patterns"
"Destructor for class with dynamic array of size 3","~MyClass() { delete[] arrayPtr; } to free 3-element array"
"How to delete in a singly linked list at position 7?","Traverse to position 7-1, adjust pointers to skip node: prev->next = current->next, delete current. Handle head/tail cases."
"Longest common subsequence of length 7","DP: LCS[i][j] = 1 + LCS[i-1][j-1] if match, else max(LCS[i-1][j], LCS[i][j-1])"
"Linear search for value 20 in unsorted array","Check each element sequentially until value 20 found or end reached"
"Check if tree is balanced with 9 nodes","For each node check if |height(left) - height(right)| <= 1"
"Open addressing with linear probing from index 10","If index 10 occupied, try 10+1, 10+2, ... until empty slot found"
"DFS traversal starting from vertex 30","Use stack or recursion: visit 30, mark visited, recurse on unvisited neighbors"
"Insert 170 into min heap","Add 170 at end, bubble up comparing with parent, swap if smaller"
"Extract minimum from heap of size 45","Remove root, move last element to root, bubble down to maintain heap property"
"Sum of first 24 natural numbers recursively","Base: if n==0 return 0; Recursive: return 24 + sum(23)"
"Tower of Hanoi with 19 disks","Move 18 disks to auxiliary, move disk 19 to destination, move 18 disks to destination"
"Longest increasing subsequence ending at index 33","DP: dp[33] = max length of LIS ending at position 33"
"Constructor with 22 parameters","MyClass(int p1, int p2, ..., int p22) : member1(p1), member2(p2), member22(p22) {}"
"Dijkstra's shortest path to node 8","Use priority queue, update distances to node 8, select minimum distance unvisited node"
"How to split in a singly linked list at position 1?","For split operation: traverse to position 1, adjust next pointers accordingly, handle edge cases for head/tail"
"What is the time complexity of accessing element at index 43?","O(1) - constant time for random access in arrays"
"Validate array index 29 before access","Check if 0 <= 29 < size before accessing arr[29]"
"Implement array search for value 120","Iterate through array comparing each element with target value, return index if found"
"Calculate factorial of 8 recursively","Base: if n==0 return 1; Recursive: return 8 * factorial(7)"
"Convert infix to postfix with 11 operations","Use operator stack, output operands, pop operators based on precedence rules"
"Time complexity of deletion in stack with 100 elements?","Deletion in stack: O(1), O(log n), O(n), or O(n²) depending on implementation"
"Handle collision at index 43 using chaining","Linked list at index 43, insert colliding element at list head or tail"
"Dereference pointer at offset 27","*(ptr + 27) accesses value at 27 positions ahead"
"Find node with value 90 in BST","Start at root, if value == 90 return node, if 90 < node.value go left, else go right"
"Time complexity of merge in stack with 400 elements?","Merge in stack: O(1), O(log n), O(n), or O(n²) depending on implementation"
"Find strongly connected components in graph of size 16","Kosaraju's algorithm: DFS, transpose graph, DFS in finish time order"
"Explain data structure concept 230","Data structures organize and store data efficiently for specific operations and access patterns"
"Implement push operation for stack with capacity 142","Check if size < 142, if yes: stack[++top] = element, else throw overflow"
"How to check if stack with 38 elements is empty?","Return true if top == -1 or size == 0"
"Time complexity of deletion in heap with 400 elements?","Deletion in heap: O(1), O(log n), O(n), or O(n²) depending on implementation"
"How to search in a singly linked list at position 29?","Traverse list from head, compare each node's data with target, return true if found at position 29, false otherwise."
"Insert 70 into deque","deque.insert(70) or push syntax depending on container type"
"Solve 0/1 knapsack with capacity 320","DP table: dp[i][w] = max value using first i items with weight limit 320"
"Time complexity of merge in heap with 100 elements?","Merge in heap: O(1), O(log n), O(n), or O(n²) depending on implementation"
"Remove element from multiset at position 6","Use erase() for multiset, specify iterator or key"
"Longest increasing subsequence ending at index 20","DP: dp[20] = max length of LIS ending at position 20"
"Time complexity of split in heap with 100 elements?","Split in heap: O(1), O(log n), O(n), or O(n²) depending on implementation"
"Time complexity of sort in array with 500 elements?","Sort in array: O(1), O(log n), O(n), or O(n²) depending on implementation"
"Edit distance between strings of length 29","DP: dp[i][j] = min cost to transform first i chars to first j chars"
"Allocate array of 21 integers dynamically","int* arr = new int[21]; remember to use delete[] arr;"
"Find first occurrence of 6 in sorted array","Binary search with left bias, continue searching left when target found"
"Linear search for value 47 in unsorted array","Check each element sequentially until value 47 found or end reached"
"Quadratic probing starting at 21","Try positions 21, 21+1², 21+2², 21+3² until empty slot found"
"Hash function for key 300","Simple: 300 % table_size, or multiply by prime and mod by table size"
"Convert infix to postfix with 1 operations","Use operator stack, output operands, pop operators based on precedence rules"
"Coin change problem with target 235","DP: ways[235] = sum of ways[235-coin] for each coin denomination"
"Find strongly connected components in graph of size 25","Kosaraju's algorithm: DFS, transpose graph, DFS in finish time order"
"Find kth smallest element where k=5","Inorder traversal with counter, return when counter == 5"
"Time complexity of quick sort for 10000 elements?","Quick sort: O(n log n) average case, O(n²) worst case for n=10000"
"Find kth largest element using heap where k=33","Use min heap of size 33, insert elements, root is kth largest"
"Quadratic probing starting at 35","Try positions 35, 35+1², 35+2², 35+3² until empty slot found"
"Declare pointer to integer with value 29","int* ptr = new int(29); allocates integer on heap with value 29"
"Explain data structure concept 116","Data structures organize and store data efficiently for specific operations and access patterns"
"Explain data structure concept 31","Data structures organize and store data efficiently for specific operations and access patterns"
"Prevent memory leak in class destructor 25","Delete all dynamically allocated memory in destructor, set pointers to nullptr"
"Open addressing with linear probing from index 7","If index 7 occupied, try 7+1, 7+2, ... until empty slot found"
"Insert 80 into map","map.insert(80) or push syntax depending on container type"
"Explain data structure concept 344","Data structures organize and store data efficiently for specific operations and access patterns"
"Insert 240 into min heap","Add 240 at end, bubble up comparing with parent, swap if smaller"
"Delete node 30 from BST with two children","Find inorder successor of node 30, replace node value with successor, delete successor to maintain BST property."
"Calculate power 37^2 recursively","Base: if power==0 return 1; Recursive: return 37 * power(37, 1)"
"Explain data structure concept 96","Data structures organize and store data efficiently for specific operations and access patterns"
"Check balanced parentheses in string of length 29","Use stack: push '(', '[', '{', pop for closing brackets, verify matching pairs"
"Longest increasing subsequence ending at index 32","DP: dp[32] = max length of LIS ending at position 32"
"Space complexity of counting sort with 5000 items?","Counting sort requires O(1) or O(n) or O(log n) space depending on implementation"
"Open addressing with linear probing from index 39","If index 39 occupied, try 39+1, 39+2, ... until empty slot found"
"Allocate array of 3 integers dynamically","int* arr = new int[3]; remember to use delete[] arr;"
"Check balanced parentheses in string of length 37","Use stack: push '(', '[', '{', pop for closing brackets, verify matching pairs"
"How to delete in a singly linked list at position 14?","Traverse to position 14-1, adjust pointers to skip node: prev->next = current->next, delete current. Handle head/tail cases."
"Check balanced parentheses in string of length 10","Use stack: push '(', '[', '{', pop for closing brackets, verify matching pairs"
"Coin change problem with target 95","DP: ways[95] = sum of ways[95-coin] for each coin denomination"
"Time complexity of merge in heap with 400 elements?","Merge in heap: O(1), O(log n), O(n), or O(n²) depending on implementation"
"Extract minimum from heap of size 22","Remove root, move last element to root, bubble down to maintain heap property"
"Longest common subsequence of length 8","DP: LCS[i][j] = 1 + LCS[i-1][j-1] if match, else max(LCS[i-1][j], LCS[i][j-1])"
"Calculate height of tree with 18 levels","Recursively: if null return -1, else return 1 + max(height(left), height(right))"
"Remove element from vector at position 19","Use erase() for vector, specify iterator or key"
"Pointer arithmetic: ptr + 31","Moves pointer forward by 31 * sizeof(type) bytes"
"Dijkstra's shortest path to node 3","Use priority queue, update distances to node 3, select minimum distance unvisited node"
"Insert value 270 in binary search tree","Compare 270 with node: if less go left, if greater go right, insert at null"
"Construct BST from array of 6 elements","Sort array, pick middle as root for 6 elements, recursively build left and right subtrees"
"Insert 60 into map","map.insert(60) or push syntax depending on container type"
"Dijkstra's shortest path to node 23","Use priority queue, update distances to node 23, select minimum distance unvisited node"
"How to find middle in a singly linked list at position 28?","For find middle operation: traverse to position 28, adjust next pointers accordingly, handle edge cases for head/tail"
"Time complexity of traversal in hash table with 300 elements?","Traversal in hash table: O(1), O(log n), O(n), or O(n²) depending on implementation"
"How to reverse in a singly linked list at position 11?","For reverse operation: traverse to position 11, adjust next pointers accordingly, handle edge cases for head/tail"
"Declare pointer to integer with value 24","int* ptr = new int(24); allocates integer on heap with value 24"
"What is ptr[24] equivalent to?","*(ptr + 24) - both access element at index 24"
"Explain data structure concept 254","Data structures organize and store data efficiently for specific operations and access patterns"
"Calculate power 35^2 recursively","Base: if power==0 return 1; Recursive: return 35 * power(35, 1)"
"Calculate height of tree with 48 levels","Recursively: if null return -1, else return 1 + max(height(left), height(right))"
"BFS traversal from node 8","Use queue: enqueue 8, dequeue, visit, enqueue unvisited neighbors"
"Time complexity of deletion in linked list with 100 elements?","Deletion in linked list: O(1), O(log n), O(n), or O(n²) depending on implementation"
"Dereference pointer at offset 8","*(ptr + 8) accesses value at 8 positions ahead"
"Handle stack overflow when size is 17","Check if current_size < max_capacity (17) before push operation"
"Dijkstra's shortest path to node 10","Use priority queue, update distances to node 10, select minimum distance unvisited node"
"How to find the sum of array elements from index 20 to 30?","Initialize sum=0, loop from index 20 to 30, add arr[j] to sum"
"Double hashing with secondary hash for key 24","hash2(24) gives step size, probe at 24, 24+hash2, 24+2*hash2, ..."
"How to search in a singly linked list at position 18?","Traverse list from head, compare each node's data with target, return true if found at position 18, false otherwise."
"Longest increasing subsequence ending at index 34","DP: dp[34] = max length of LIS ending at position 34"
"Time complexity of traversal in array with 500 elements?","Traversal in array: O(1), O(log n), O(n), or O(n²) depending on implementation"
"Print numbers from 1 to 23 using recursion","Base: if n<1 return; Recursive: print(n-1), print 23"
"Convert infix to postfix with 13 operations","Use operator stack, output operands, pop operators based on precedence rules"
"Solve 0/1 knapsack with capacity 250","DP table: dp[i][w] = max value using first i items with weight limit 250"
"Declare pointer to integer with value 2","int* ptr = new int(2); allocates integer on heap with value 2"
"How to traverse in a singly linked list at position 26?","Start at head, follow next pointers until reaching position 26: for(i=0; i<26; i++) current = current->next."
"Prevent memory leak in class destructor 23","Delete all dynamically allocated memory in destructor, set pointers to nullptr"
"Insert 20 into multimap","multimap.insert(20) or push syntax depending on container type"
"Find kth smallest element where k=7","Inorder traversal with counter, return when counter == 7"
"Level order traversal at level 22","Use queue with level tracking, process nodes at level 22, enqueue children"
"Explain data structure concept 389","Data structures organize and store data efficiently for specific operations and access patterns"
"Insert 120 into min heap","Add 120 at end, bubble up comparing with parent, swap if smaller"
"How to find the sum of array elements from index 24 to 34?","Initialize sum=0, loop from index 24 to 34, add arr[j] to sum"
"Implement merge sort for array size 5000","Merge sort algorithm with detailed steps for 5000 elements"
"Longest common subsequence of length 13","DP: LCS[i][j] = 1 + LCS[i-1][j-1] if match, else max(LCS[i-1][j], LCS[i][j-1])"
"Insert 10 into list","list.insert(10) or push syntax depending on container type"
"Validate array index 12 before access","Check if 0 <= 12 < size before accessing arr[12]"
"Allocate array of 35 integers dynamically","int* arr = new int[35]; remember to use delete[] arr;"
"Find node with value 60 in BST","Start at root, if value == 60 return node, if 60 < node.value go left, else go right"
"Destructor for class with dynamic array of size 7","~MyClass() { delete[] arrayPtr; } to free 7-element array"
"Explain data structure concept 205","Data structures organize and store data efficiently for specific operations and access patterns"
"How to sort in a singly linked list at position 14?","For sort operation: traverse to position 14, adjust next pointers accordingly, handle edge cases for head/tail"
"Validate array index 4 before access","Check if 0 <= 4 < size before accessing arr[4]"
"Check if tree is balanced with 3 nodes","For each node check if |height(left) - height(right)| <= 1"
"Insert 170 into set","set.insert(170) or push syntax depending on container type"
"How to dequeue from queue with 8 elements?","Check if empty, get front element, increment front index, decrease size, return element"
"Coin change problem with target 245","DP: ways[245] = sum of ways[245-coin] for each coin denomination"
"Create class with 34 data members","class MyClass { private: int member1; int member2; ... int member34; };"
"Handle stack overflow when size is 9","Check if current_size < max_capacity (9) before push operation"
"Space complexity of selection sort with 100 items?","Selection sort requires O(1) or O(n) or O(log n) space depending on implementation"
"Time complexity of bubble sort for 100 elements?","Bubble sort: O(n²) worst/average case, O(n) best case for n=100"
"Validate array index 10 before access","Check if 0 <= 10 < size before accessing arr[10]"
"Evaluate expression with 18 operators using stack","Push operands to stack, for each operator pop required operands, compute and push result"
"Inheritance hierarchy with 10 levels","10-level inheritance: Base -> Derived1 -> ... -> Derived9"
"What is the time complexity of accessing element at index 0?","O(1) - constant time for random access in arrays"
"Edit distance between strings of length 45","DP: dp[i][j] = min cost to transform first i chars to first j chars"
"Find kth largest element using heap where k=29","Use min heap of size 29, insert elements, root is kth largest"
"How to check if stack with 6 elements is empty?","Return true if top == -1 or size == 0"
"DFS traversal starting from vertex 48","Use stack or recursion: visit 48, mark visited, recurse on unvisited neighbors"
"Handle collision at index 2 using chaining","Linked list at index 2, insert colliding element at list head or tail"
"BFS traversal from node 10","Use queue: enqueue 10, dequeue, visit, enqueue unvisited neighbors"
"Remove element from map at position 5","Use erase() for map, specify iterator or key"
"Level order traversal at level 44","Use queue with level tracking, process nodes at level 44, enqueue children"
"Operator overloading for + with 25 members","MyClass operator+(const MyClass& other) { add corresponding members, return result }"
"Time complexity of sort in stack with 200 elements?","Sort in stack: O(1), O(log n), O(n), or O(n²) depending on implementation"
"What is ptr[37] equivalent to?","*(ptr + 37) - both access element at index 37"
"Pointer arithmetic: ptr + 37","Moves pointer forward by 37 * sizeof(type) bytes"
"Explain data structure concept 181","Data structures organize and store data efficiently for specific operations and access patterns"
"Remove element from vector at position 12","Use erase() for vector, specify iterator or key"
"Implement push operation for stack with capacity 121","Check if size < 121, if yes: stack[++top] = element, else throw overflow"
"Prevent memory leak in class destructor 2","Delete all dynamically allocated memory in destructor, set pointers to nullptr"
"Double hashing with secondary hash for key 36","hash2(36) gives step size, probe at 36, 36+hash2, 36+2*hash2, ..."
"Handle empty list in operation 45","Check if head == nullptr before any operations, return appropriate value or error. Prevents null pointer dereference."
"How to dequeue from queue with 36 elements?","Check if empty, get front element, increment front index, decrease size, return element"
"Hash function for key 900","Simple: 900 % table_size, or multiply by prime and mod by table size"
"Explain data structure concept 202","Data structures organize and store data efficiently for specific operations and access patterns"
"Coin change problem with target 200","DP: ways[200] = sum of ways[200-coin] for each coin denomination"
"Implement insertion sort for array size 50","Insertion sort algorithm with detailed steps for 50 elements"
"Explain data structure concept 276","Data structures organize and store data efficiently for specific operations and access patterns"
"Space complexity of insertion sort with 10 items?","Insertion sort requires O(1) or O(n) or O(log n) space depending on implementation"
"Topological sort for DAG with 5 nodes","DFS-based: finish times order, or Kahn's algorithm with indegree for 5 nodes"
"Evaluate expression with 16 operators using stack","Push operands to stack, for each operator pop required operands, compute and push result"
"Construct BST from array of 26 elements","Sort array, pick middle as root for 26 elements, recursively build left and right subtrees"
"Implement heap sort for array size 100","Heap sort algorithm with detailed steps for 100 elements"
"How to detect cycle in a singly linked list at position 5?","For detect cycle operation: traverse to position 5, adjust next pointers accordingly, handle edge cases for head/tail"
"Time complexity of split in linked list with 200 elements?","Split in linked list: O(1), O(log n), O(n), or O(n²) depending on implementation"
"What is the time complexity of accessing element at index 36?","O(1) - constant time for random access in arrays"
"Find kth smallest element where k=47","Inorder traversal with counter, return when counter == 47"
"Implement push operation for stack with capacity 137","Check if size < 137, if yes: stack[++top] = element, else throw overflow"
"Implement insertion sort for array size 10000","Insertion sort algorithm with detailed steps for 10000 elements"
"Convert infix to postfix with 2 operations","Use operator stack, output operands, pop operators based on precedence rules"
"Longest common subsequence of length 40","DP: LCS[i][j] = 1 + LCS[i-1][j-1] if match, else max(LCS[i-1][j], LCS[i][j-1])"
"Level order traversal at level 28","Use queue with level tracking, process nodes at level 28, enqueue children"
"Edit distance between strings of length 46","DP: dp[i][j] = min cost to transform first i chars to first j chars"
"Calculate factorial of 37 recursively","Base: if n==0 return 1; Recursive: return 37 * factorial(36)"
"What is the time complexity of accessing element at index 21?","O(1) - constant time for random access in arrays"
"When to use quick sort for 100 elements?","Quick sort is optimal when considering space/time trade-offs for n=100"
"Prevent memory leak in class destructor 0","Delete all dynamically allocated memory in destructor, set pointers to nullptr"
"How to search in a singly linked list at position 25?","Traverse list from head, compare each node's data with target, return true if found at position 25, false otherwise."
"Allocate array of 33 integers dynamically","int* arr = new int[33]; remember to use delete[] arr;"
"Time complexity of traversal in array with 100 elements?","Traversal in array: O(1), O(log n), O(n), or O(n²) depending on implementation"
"Space complexity of radix sort with 100 items?","Radix sort requires O(1) or O(n) or O(log n) space depending on implementation"
"Search in rotated sorted array at rotation point 14","Find pivot using binary search, then binary search in appropriate half"
"Find first occurrence of 26 in sorted array","Binary search with left bias, continue searching left when target found"
"What is the time complexity of accessing element at index 38?","O(1) - constant time for random access in arrays"
"Explain data structure concept 377","Data structures organize and store data efficiently for specific operations and access patterns"
"Allocate array of 17 integers dynamically","int* arr = new int[17]; remember to use delete[] arr;"
"Linear search for value 42 in unsorted array","Check each element sequentially until value 42 found or end reached"
"Copy constructor for class with 25 members","MyClass(const MyClass& other) : member1(other.member1), ... member25(other.member25) {}"
"Time complexity of traversal in BST with 100 elements?","Traversal in BST: O(1), O(log n), O(n), or O(n²) depending on implementation"
"How to find the sum of array elements from index 11 to 21?","Initialize sum=0, loop from index 11 to 21, add arr[j] to sum"
"Evaluate expression with 15 operators using stack","Push operands to stack, for each operator pop required operands, compute and push result"
"Explain data structure concept 302","Data structures organize and store data efficiently for specific operations and access patterns"
"Explain data structure concept 386","Data structures organize and store data efficiently for specific operations and access patterns"
"Calculate height of tree with 1 levels","Recursively: if null return -1, else return 1 + max(height(left), height(right))"
"Heapify array of 27 elements","Start from last non-leaf node, sift down each node to satisfy heap property"
"Implement array search for value 420","Iterate through array comparing each element with target value, return index if found"
"Destructor for class with dynamic array of size 39","~MyClass() { delete[] arrayPtr; } to free 39-element array"
"Destructor for class with dynamic array of size 18","~MyClass() { delete[] arrayPtr; } to free 18-element array"
"Construct BST from array of 41 elements","Sort array, pick middle as root for 41 elements, recursively build left and right subtrees"
"Quadratic probing starting at 45","Try positions 45, 45+1², 45+2², 45+3² until empty slot found"
"BFS traversal starting from node 4","Use queue: enqueue node 4, while queue not empty: dequeue, visit, enqueue unvisited neighbors"
"Insert 140 into deque","deque.insert(140) or push syntax depending on container type"
"Explain data structure concept 424","Data structures organize and store data efficiently for specific operations and access patterns"
"DFS traversal starting from vertex 2","Use stack or recursion: visit 2, mark visited, recurse on unvisited neighbors"
"Construct BST from array of 19 elements","Sort array, pick middle as root for 19 elements, recursively build left and right subtrees"
"Time complexity of search in hash table with 100 elements?","Search in hash table: O(1), O(log n), O(n), or O(n²) depending on implementation"
"Matrix chain multiplication with 25 matrices","DP: dp[i][j] = minimum scalar multiplications for matrices 25 to 26"
"Quadratic probing starting at 32","Try positions 32, 32+1², 32+2², 32+3² until empty slot found"
"Explain data structure concept 13","Data structures organize and store data efficiently for specific operations and access patterns"
"Operator overloading for + with 18 members","MyClass operator+(const MyClass& other) { add corresponding members, return result }"
"How do you declare an integer array of size 35 in C++?","int arr[35]; or int* arr = new int[35];"
"When to use merge sort for 5000 elements?","Merge sort is optimal when considering space/time trade-offs for n=5000"
"How to search in a singly linked list at position 6?","Traverse list from head, compare each node's data with target, return true if found at position 6, false otherwise."
"How to find the sum of array elements from index 6 to 16?","Initialize sum=0, loop from index 6 to 16, add arr[j] to sum"
"Implement push operation for stack with capacity 101","Check if size < 101, if yes: stack[++top] = element, else throw overflow"
"Quadratic probing starting at 50","Try positions 50, 50+1², 50+2², 50+3² until empty slot found"
"Tower of Hanoi with 9 disks","Move 8 disks to auxiliary, move disk 9 to destination, move 8 disks to destination"
"Convert infix to postfix with 17 operations","Use operator stack, output operands, pop operators based on precedence rules"
"Explain data structure concept 212","Data structures organize and store data efficiently for specific operations and access patterns"
"Space complexity of heap sort with 1000 items?","Heap sort requires O(1) or O(n) or O(log n) space depending on implementation"
"How to check if stack with 27 elements is empty?","Return true if top == -1 or size == 0"
"Prevent memory leak in class destructor 15","Delete all dynamically allocated memory in destructor, set pointers to nullptr"
"Explain data structure concept 106","Data structures organize and store data efficiently for specific operations and access patterns"
"Handle collision at index 13 using chaining","Linked list at index 13, insert colliding element at list head or tail"
"How to dequeue from queue with 45 elements?","Check if empty, get front element, increment front index, decrease size, return element"
"Binary search in sorted array of 108 elements","Divide array of 108 in half each iteration, O(log 108) time"
"Explain data structure concept 296","Data structures organize and store data efficiently for specific operations and access patterns"
"Time complexity of deletion in stack with 500 elements?","Deletion in stack: O(1), O(log n), O(n), or O(n²) depending on implementation"
"Check balanced parentheses in string of length 36","Use stack: push '(', '[', '{', pop for closing brackets, verify matching pairs"
"Find kth smallest element where k=33","Inorder traversal with counter, return when counter == 33"
"Edit distance between strings of length 1","DP: dp[i][j] = min cost to transform first i chars to first j chars"
"Implement priority queue for 28 elements","Use heap or sorted list, elements with higher priority dequeued first"
"Insert 150 into vector","vector.insert(150) or push syntax depending on container type"
"Time complexity of split in graph with 200 elements?","Split in graph: O(1), O(log n), O(n), or O(n²) depending on implementation"
"What is ptr[21] equivalent to?","*(ptr + 21) - both access element at index 21"
"Explain data structure concept 187","Data structures organize and store data efficiently for specific operations and access patterns"
"Explain data structure concept 18","Data structures organize and store data efficiently for specific operations and access patterns"
"Validate array index 11 before access","Check if 0 <= 11 < size before accessing arr[11]"
"How to dequeue from queue with 46 elements?","Check if empty, get front element, increment front index, decrease size, return element"
"How to insert in a singly linked list at position 13?","Traverse to position 13, create new node, adjust next pointers: current->next = new_node->next, current = new_node. Handle head/tail edge cases."
"Insert 70 into set","set.insert(70) or push syntax depending on container type"
"Binary search in sorted array of 140 elements","Divide array of 140 in half each iteration, O(log 140) time"
"Insert 120 into multiset","multiset.insert(120) or push syntax depending on container type"
"Calculate power 49^2 recursively","Base: if power==0 return 1; Recursive: return 49 * power(49, 1)"
"Declare pointer to integer with value 25","int* ptr = new int(25); allocates integer on heap with value 25"
"Hash function for key 1400","Simple: 1400 % table_size, or multiply by prime and mod by table size"
"Pointer arithmetic: ptr + 20","Moves pointer forward by 20 * sizeof(type) bytes"
"Implement radix sort for array size 100","Radix sort algorithm with detailed steps for 100 elements"
"Handle empty list in operation 11","Check if head == nullptr before any operations, return appropriate value or error. Prevents null pointer dereference."
"Implement circular queue with size 30","Use array[30], front and rear indices with modulo arithmetic: (rear+1)%30"
"Allocate array of 15 integers dynamically","int* arr = new int[15]; remember to use delete[] arr;"
"Fibonacci number at position 18","Base: if n<=1 return n; Recursive: return fib(17) + fib(16)"
"BFS traversal from node 5","Use queue: enqueue 5, dequeue, visit, enqueue unvisited neighbors"
"What is ptr[45] equivalent to?","*(ptr + 45) - both access element at index 45"
"Explain data structure concept 295","Data structures organize and store data efficiently for specific operations and access patterns"
"Explain data structure concept 53","Data structures organize and store data efficiently for specific operations and access patterns"
"Search in rotated sorted array at rotation point 38","Find pivot using binary search, then binary search in appropriate half"
"Implement array search for value 370","Iterate through array comparing each element with target value, return index if found"
"Declare pointer to integer with value 38","int* ptr = new int(38); allocates integer on heap with value 38"
"Construct BST from array of 15 elements","Sort array, pick middle as root for 15 elements, recursively build left and right subtrees"
"Longest common subsequence of length 15","DP: LCS[i][j] = 1 + LCS[i-1][j-1] if match, else max(LCS[i-1][j], LCS[i][j-1])"
"Remove element from vector at position 13","Use erase() for vector, specify iterator or key"
"Explain data structure concept 400","Data structures organize and store data efficiently for specific operations and access patterns"
"Find first occurrence of 17 in sorted array","Binary search with left bias, continue searching left when target found"
"Explain data structure concept 284","Data structures organize and store data efficiently for specific operations and access patterns"
"Implement push operation for stack with capacity 129","Check if size < 129, if yes: stack[++top] = element, else throw overflow"
"How to find the sum of array elements from index 2 to 12?","Initialize sum=0, loop from index 2 to 12, add arr[j] to sum"
"Coin change problem with target 150","DP: ways[150] = sum of ways[150-coin] for each coin denomination"
"Insert 110 into vector","vector.insert(110) or push syntax depending on container type"
"Constructor with 8 parameters","MyClass(int p1, int p2, ..., int p8) : member1(p1), member2(p2), member8(p8) {}"
"Create class with 26 data members","class MyClass { private: int member1; int member2; ... int member26; };"
"Construct BST from array of 21 elements","Sort array, pick middle as root for 21 elements, recursively build left and right subtrees"
"How to delete in a singly linked list at position 23?","Traverse to position 23-1, adjust pointers to skip node: prev->next = current->next, delete current. Handle head/tail cases."
"Check balanced parentheses in string of length 27","Use stack: push '(', '[', '{', pop for closing brackets, verify matching pairs"
"Destructor for class with dynamic array of size 32","~MyClass() { delete[] arrayPtr; } to free 32-element array"
"Operator overloading for + with 47 members","MyClass operator+(const MyClass& other) { add corresponding members, return result }"
"Allocate array of 31 integers dynamically","int* arr = new int[31]; remember to use delete[] arr;"
"Find first occurrence of 10 in sorted array","Binary search with left bias, continue searching left when target found"
"Quadratic probing starting at 14","Try positions 14, 14+1², 14+2², 14+3² until empty slot found"
"How to find middle in a singly linked list at position 24?","For find middle operation: traverse to position 24, adjust next pointers accordingly, handle edge cases for head/tail"
"Find strongly connected components in graph of size 44","Kosaraju's algorithm: DFS, transpose graph, DFS in finish time order"
"Dijkstra's shortest path to node 21","Use priority queue, update distances to node 21, select minimum distance unvisited node"
"Time complexity of radix sort for 10 elements?","Radix sort: O(n+k) time complexity for n=10 elements"
"Insert 120 into set","set.insert(120) or push syntax depending on container type"
"Dijkstra's shortest path to node 6","Use priority queue, update distances to node 6, select minimum distance unvisited node"
"Binary search in sorted array of 113 elements","Divide array of 113 in half each iteration, O(log 113) time"
"Print numbers from 1 to 46 using recursion","Base: if n<1 return; Recursive: print(n-1), print 46"
"Time complexity of merge in array with 400 elements?","Merge in array: O(1), O(log n), O(n), or O(n²) depending on implementation"
"What is the time complexity of accessing element at index 28?","O(1) - constant time for random access in arrays"
"How to detect cycle in a singly linked list at position 29?","For detect cycle operation: traverse to position 29, adjust next pointers accordingly, handle edge cases for head/tail"
"Construct BST from array of 18 elements","Sort array, pick middle as root for 18 elements, recursively build left and right subtrees"
"Explain data structure concept 270","Data structures organize and store data efficiently for specific operations and access patterns"
"Binary search in sorted array of 131 elements","Divide array of 131 in half each iteration, O(log 131) time"
"How to check if stack with 47 elements is empty?","Return true if top == -1 or size == 0"
"Explain data structure concept 411","Data structures organize and store data efficiently for specific operations and access patterns"
"Fibonacci number at position 39","Base: if n<=1 return n; Recursive: return fib(38) + fib(37)"
"Handle stack overflow when size is 14","Check if current_size < max_capacity (14) before push operation"
"Insert 20 into set","set.insert(20) or push syntax depending on container type"
"Explain data structure concept 272","Data structures organize and store data efficiently for specific operations and access patterns"
"Double hashing with secondary hash for key 10","hash2(10) gives step size, probe at 10, 10+hash2, 10+2*hash2, ..."
"Insert 430 into min heap","Add 430 at end, bubble up comparing with parent, swap if smaller"
"Find first occurrence of 15 in sorted array","Binary search with left bias, continue searching left when target found"
"How to insert in a singly linked list at position 23?","Traverse to position 23, create new node, adjust next pointers: current->next = new_node->next, current = new_node. Handle head/tail edge cases."
"Time complexity of split in BST with 300 elements?","Split in BST: O(1), O(log n), O(n), or O(n²) depending on implementation"
"Space complexity of radix sort with 10000 items?","Radix sort requires O(1) or O(n) or O(log n) space depending on implementation"
"Longest common subsequence of length 21","DP: LCS[i][j] = 1 + LCS[i-1][j-1] if match, else max(LCS[i-1][j], LCS[i][j-1])"
"Prevent memory leak in class destructor 43","Delete all dynamically allocated memory in destructor, set pointers to nullptr"
"Longest common subsequence of length 9","DP: LCS[i][j] = 1 + LCS[i-1][j-1] if match, else max(LCS[i-1][j], LCS[i][j-1])"
"Explain data structure concept 91","Data structures organize and store data efficiently for specific operations and access patterns"
"Implement push operation for stack with capacity 118","Check if size < 118, if yes: stack[++top] = element, else throw overflow"
"BFS traversal from node 46","Use queue: enqueue 46, dequeue, visit, enqueue unvisited neighbors"
"Remove element from list at position 9","Use erase() for list, specify iterator or key"
"Calculate height of tree with 21 levels","Recursively: if null return -1, else return 1 + max(height(left), height(right))"
"How to split in a singly linked list at position 23?","For split operation: traverse to position 23, adjust next pointers accordingly, handle edge cases for head/tail"
"Solve 0/1 knapsack with capacity 140","DP table: dp[i][w] = max value using first i items with weight limit 140"
"How to merge in a singly linked list at position 20?","For merge operation: traverse to position 20, adjust next pointers accordingly, handle edge cases for head/tail"
"Time complexity of deletion in heap with 100 elements?","Deletion in heap: O(1), O(log n), O(n), or O(n²) depending on implementation"
"How do you declare an integer array of size 45 in C++?","int arr[45]; or int* arr = new int[45];"
"Implement push operation for stack with capacity 124","Check if size < 124, if yes: stack[++top] = element, else throw overflow"
"Evaluate expression with 20 operators using stack","Push operands to stack, for each operator pop required operands, compute and push result"
"Remove element from list at position 13","Use erase() for list, specify iterator or key"
"Implement array search for value 220","Iterate through array comparing each element with target value, return index if found"
"Remove element from vector at position 18","Use erase() for vector, specify iterator or key"
"Find first occurrence of 43 in sorted array","Binary search with left bias, continue searching left when target found"
"What is ptr[14] equivalent to?","*(ptr + 14) - both access element at index 14"
"Calculate factorial of 19 recursively","Base: if n==0 return 1; Recursive: return 19 * factorial(18)"
"Explain data structure concept 28","Data structures organize and store data efficiently for specific operations and access patterns"
"Open addressing with linear probing from index 28","If index 28 occupied, try 28+1, 28+2, ... until empty slot found"
"Check balanced parentheses in string of length 38","Use stack: push '(', '[', '{', pop for closing brackets, verify matching pairs"
"How to find middle in a singly linked list at position 2?","For find middle operation: traverse to position 2, adjust next pointers accordingly, handle edge cases for head/tail"
"Binary search in sorted array of 120 elements","Divide array of 120 in half each iteration, O(log 120) time"
"Remove element from multiset at position 8","Use erase() for multiset, specify iterator or key"
"Find node with value 190 in BST","Start at root, if value == 190 return node, if 190 < node.value go left, else go right"
"Validate array index 19 before access","Check if 0 <= 19 < size before accessing arr[19]"
"Copy constructor for class with 2 members","MyClass(const MyClass& other) : member1(other.member1), ... member2(other.member2) {}"
"Hash function for key 4100","Simple: 4100 % table_size, or multiply by prime and mod by table size"
"How to split in a singly linked list at position 5?","For split operation: traverse to position 5, adjust next pointers accordingly, handle edge cases for head/tail"
"Constructor with 39 parameters","MyClass(int p1, int p2, ..., int p39) : member1(p1), member2(p2), member39(p39) {}"
"Construct BST from array of 44 elements","Sort array, pick middle as root for 44 elements, recursively build left and right subtrees"
"Delete node 43 from BST with two children","Find inorder successor of node 43, replace node value with successor, delete successor to maintain BST property."
"Handle collision at index 22 using chaining","Linked list at index 22, insert colliding element at list head or tail"
"Time complexity of insertion in stack with 200 elements?","Insertion in stack: O(1), O(log n), O(n), or O(n²) depending on implementation"
"When to use insertion sort for 500 elements?","Insertion sort is optimal when considering space/time trade-offs for n=500"
"When to use insertion sort for 50 elements?","Insertion sort is optimal when considering space/time trade-offs for n=50"
"Time complexity of split in graph with 100 elements?","Split in graph: O(1), O(log n), O(n), or O(n²) depending on implementation"
"Prevent memory leak in class destructor 3","Delete all dynamically allocated memory in destructor, set pointers to nullptr"
"Solve 0/1 knapsack with capacity 390","DP table: dp[i][w] = max value using first i items with weight limit 390"
"Longest common subsequence of length 27","DP: LCS[i][j] = 1 + LCS[i-1][j-1] if match, else max(LCS[i-1][j], LCS[i][j-1])"
"Tower of Hanoi with 39 disks","Move 38 disks to auxiliary, move disk 39 to destination, move 38 disks to destination"
"How to check if stack with 11 elements is empty?","Return true if top == -1 or size == 0"
"Explain data structure concept 249","Data structures organize and store data efficiently for specific operations and access patterns"
"Explain data structure concept 423","Data structures organize and store data efficiently for specific operations and access patterns"
"What is the time complexity of accessing element at index 30?","O(1) - constant time for random access in arrays"
"BFS traversal from node 45","Use queue: enqueue 45, dequeue, visit, enqueue unvisited neighbors"
"Find kth smallest element where k=39","Inorder traversal with counter, return when counter == 39"
"Time complexity of bubble sort for 500 elements?","Bubble sort: O(n²) worst/average case, O(n) best case for n=500"
"Quadratic probing starting at 29","Try positions 29, 29+1², 29+2², 29+3² until empty slot found"
"Construct BST from array of 22 elements","Sort array, pick middle as root for 22 elements, recursively build left and right subtrees"
"Print numbers from 1 to 39 using recursion","Base: if n<1 return; Recursive: print(n-1), print 39"
"Inheritance hierarchy with 42 levels","42-level inheritance: Base -> Derived1 -> ... -> Derived41"
"Binary search in sorted array of 117 elements","Divide array of 117 in half each iteration, O(log 117) time"
"Quadratic probing starting at 6","Try positions 6, 6+1², 6+2², 6+3² until empty slot found"
"How to find middle in a singly linked list at position 14?","For find middle operation: traverse to position 14, adjust next pointers accordingly, handle edge cases for head/tail"
"Create class with 39 data members","class MyClass { private: int member1; int member2; ... int member39; };"
"Dereference pointer at offset 7","*(ptr + 7) accesses value at 7 positions ahead"
"Calculate height of tree with 50 levels","Recursively: if null return -1, else return 1 + max(height(left), height(right))"
"Find strongly connected components in graph of size 18","Kosaraju's algorithm: DFS, transpose graph, DFS in finish time order"
"How do you declare an integer array of size 25 in C++?","int arr[25]; or int* arr = new int[25];"
"Count nodes at level 2","Use level order traversal with counter, increment when at level 2"
"How to delete in a singly linked list at position 20?","Traverse to position 20-1, adjust pointers to skip node: prev->next = current->next, delete current. Handle head/tail cases."
"Longest common subsequence of length 20","DP: LCS[i][j] = 1 + LCS[i-1][j-1] if match, else max(LCS[i-1][j], LCS[i][j-1])"
"Matrix chain multiplication with 29 matrices","DP: dp[i][j] = minimum scalar multiplications for matrices 29 to 30"
"Declare pointer to integer with value 30","int* ptr = new int(30); allocates integer on heap with value 30"
"Copy constructor for class with 36 members","MyClass(const MyClass& other) : member1(other.member1), ... member36(other.member36) {}"
"Find first occurrence of 31 in sorted array","Binary search with left bias, continue searching left when target found"
"How to delete in a singly linked list at position 3?","Traverse to position 3-1, adjust pointers to skip node: prev->next = current->next, delete current. Handle head/tail cases."
"Coin change problem with target 15","DP: ways[15] = sum of ways[15-coin] for each coin denomination"
"Check if tree is balanced with 5 nodes","For each node check if |height(left) - height(right)| <= 1"
"Coin change problem with target 20","DP: ways[20] = sum of ways[20-coin] for each coin denomination"
"Check balanced parentheses in string of length 47","Use stack: push '(', '[', '{', pop for closing brackets, verify matching pairs"
"Time complexity of search in array with 100 elements?","Search in array: O(1), O(log n), O(n), or O(n²) depending on implementation"
"Check balanced parentheses in string of length 46","Use stack: push '(', '[', '{', pop for closing brackets, verify matching pairs"
"Array of 40 pointers","int* arr[40]; declares array of 40 integer pointers"
"How to merge in a singly linked list at position 23?","For merge operation: traverse to position 23, adjust next pointers accordingly, handle edge cases for head/tail"
"Insert value 390 in binary search tree","Compare 390 with node: if less go left, if greater go right, insert at null"
"Explain data structure concept 441","Data structures organize and store data efficiently for specific operations and access patterns"
"Dereference pointer at offset 24","*(ptr + 24) accesses value at 24 positions ahead"
"Level order traversal at level 27","Use queue with level tracking, process nodes at level 27, enqueue children"
"Insert 40 into map","map.insert(40) or push syntax depending on container type"
"Insert value 350 in binary search tree","Compare 350 with node: if less go left, if greater go right, insert at null"
"Hash function for key 4900","Simple: 4900 % table_size, or multiply by prime and mod by table size"
"Check balanced parentheses in string of length 48","Use stack: push '(', '[', '{', pop for closing brackets, verify matching pairs"
"How to merge in a singly linked list at position 13?","For merge operation: traverse to position 13, adjust next pointers accordingly, handle edge cases for head/tail"
"Space complexity of bubble sort with 500 items?","Bubble sort requires O(1) or O(n) or O(log n) space depending on implementation"
"Sum of first 39 natural numbers recursively","Base: if n==0 return 0; Recursive: return 39 + sum(38)"
"Implement heap sort for array size 5000","Heap sort algorithm with detailed steps for 5000 elements"
"Delete node 28 from BST with two children","Find inorder successor of node 28, replace node value with successor, delete successor to maintain BST property."
"Find kth largest element using heap where k=24","Use min heap of size 24, insert elements, root is kth largest"
"Hash function for key 2900","Simple: 2900 % table_size, or multiply by prime and mod by table size"
"Explain data structure concept 251","Data structures organize and store data efficiently for specific operations and access patterns"
"Calculate height of tree with 5 levels","Recursively: if null return -1, else return 1 + max(height(left), height(right))"
"Time complexity of deletion in BST with 500 elements?","Deletion in BST: O(1), O(log n), O(n), or O(n²) depending on implementation"
"Edit distance between strings of length 39","DP: dp[i][j] = min cost to transform first i chars to first j chars"
"Open addressing with linear probing from index 43","If index 43 occupied, try 43+1, 43+2, ... until empty slot found"
"BFS traversal from node 26","Use queue: enqueue 26, dequeue, visit, enqueue unvisited neighbors"
"Time complexity of merge in heap with 300 elements?","Merge in heap: O(1), O(log n), O(n), or O(n²) depending on implementation"
"Insert 10 into set","set.insert(10) or push syntax depending on container type"
"Validate array index 38 before access","Check if 0 <= 38 < size before accessing arr[38]"
"Insert value 340 in binary search tree","Compare 340 with node: if less go left, if greater go right, insert at null"
"BFS traversal from node 40","Use queue: enqueue 40, dequeue, visit, enqueue unvisited neighbors"
"Copy constructor for class with 13 members","MyClass(const MyClass& other) : member1(other.member1), ... member13(other.member13) {}"
"Insert 10 into multimap","multimap.insert(10) or push syntax depending on container type"
"Insert 50 into min heap","Add 50 at end, bubble up comparing with parent, swap if smaller"
"Find first occurrence of 30 in sorted array","Binary search with left bias, continue searching left when target found"
"Longest common subsequence of length 24","DP: LCS[i][j] = 1 + LCS[i-1][j-1] if match, else max(LCS[i-1][j], LCS[i][j-1])"
"How to detect cycle in a singly linked list at position 8?","For detect cycle operation: traverse to position 8, adjust next pointers accordingly, handle edge cases for head/tail"
"DFS traversal starting from vertex 14","Use stack or recursion: visit 14, mark visited, recurse on unvisited neighbors"
"Destructor for class with dynamic array of size 17","~MyClass() { delete[] arrayPtr; } to free 17-element array"
"BFS traversal starting from node 22","Use queue: enqueue node 22, while queue not empty: dequeue, visit, enqueue unvisited neighbors"
"Constructor with 47 parameters","MyClass(int p1, int p2, ..., int p47) : member1(p1), member2(p2), member47(p47) {}"
"Coin change problem with target 115","DP: ways[115] = sum of ways[115-coin] for each coin denomination"
"Insert 70 into map","map.insert(70) or push syntax depending on container type"
"Fibonacci number at position 14","Base: if n<=1 return n; Recursive: return fib(13) + fib(12)"
"Time complexity of sort in heap with 100 elements?","Sort in heap: O(1), O(log n), O(n), or O(n²) depending on implementation"
"DFS traversal starting from vertex 24","Use stack or recursion: visit 24, mark visited, recurse on unvisited neighbors"
"Explain data structure concept 449","Data structures organize and store data efficiently for specific operations and access patterns"
"Delete node 39 from BST with two children","Find inorder successor of node 39, replace node value with successor, delete successor to maintain BST property."
"Explain data structure concept 463","Data structures organize and store data efficiently for specific operations and access patterns"
"Longest increasing subsequence ending at index 39","DP: dp[39] = max length of LIS ending at position 39"
"Prevent memory leak in class destructor 42","Delete all dynamically allocated memory in destructor, set pointers to nullptr"
"Fibonacci number at position 42","Base: if n<=1 return n; Recursive: return fib(41) + fib(40)"
"Print numbers from 1 to 27 using recursion","Base: if n<1 return; Recursive: print(n-1), print 27"
"Explain data structure concept 458","Data structures organize and store data efficiently for specific operations and access patterns"
"Open addressing with linear probing from index 47","If index 47 occupied, try 47+1, 47+2, ... until empty slot found"
"Prevent memory leak in class destructor 5","Delete all dynamically allocated memory in destructor, set pointers to nullptr"
"Handle empty list in operation 0","Check if head == nullptr before any operations, return appropriate value or error. Prevents null pointer dereference."
"Insert 220 into min heap","Add 220 at end, bubble up comparing with parent, swap if smaller"
"Insert 90 into list","list.insert(90) or push syntax depending on container type"
"Implement array search for value 450","Iterate through array comparing each element with target value, return index if found"
"How to sort in a singly linked list at position 28?","For sort operation: traverse to position 28, adjust next pointers accordingly, handle edge cases for head/tail"
"Find strongly connected components in graph of size 28","Kosaraju's algorithm: DFS, transpose graph, DFS in finish time order"
"Implement circular queue with size 65","Use array[65], front and rear indices with modulo arithmetic: (rear+1)%65"
"Extract minimum from heap of size 30","Remove root, move last element to root, bubble down to maintain heap property"
"Calculate factorial of 3 recursively","Base: if n==0 return 1; Recursive: return 3 * factorial(2)"
"Quadratic probing starting at 27","Try positions 27, 27+1², 27+2², 27+3² until empty slot found"
"Print numbers from 1 to 24 using recursion","Base: if n<1 return; Recursive: print(n-1), print 24"
"Double hashing with secondary hash for key 5","hash2(5) gives step size, probe at 5, 5+hash2, 5+2*hash2, ..."
"Find strongly connected components in graph of size 14","Kosaraju's algorithm: DFS, transpose graph, DFS in finish time order"
"Tower of Hanoi with 35 disks","Move 34 disks to auxiliary, move disk 35 to destination, move 34 disks to destination"
"Time complexity of search in linked list with 300 elements?","Search in linked list: O(1), O(log n), O(n), or O(n²) depending on implementation"
"Heapify array of 5 elements","Start from last non-leaf node, sift down each node to satisfy heap property"
"How to find middle in a singly linked list at position 16?","For find middle operation: traverse to position 16, adjust next pointers accordingly, handle edge cases for head/tail"
"Explain data structure concept 358","Data structures organize and store data efficiently for specific operations and access patterns"
"How to search in a singly linked list at position 9?","Traverse list from head, compare each node's data with target, return true if found at position 9, false otherwise."
"Time complexity of merge in heap with 200 elements?","Merge in heap: O(1), O(log n), O(n), or O(n²) depending on implementation"
"Search in rotated sorted array at rotation point 31","Find pivot using binary search, then binary search in appropriate half"
"Remove element from deque at position 14","Use erase() for deque, specify iterator or key"
"Space complexity of bubble sort with 10000 items?","Bubble sort requires O(1) or O(n) or O(log n) space depending on implementation"
"Pointer arithmetic: ptr + 11","Moves pointer forward by 11 * sizeof(type) bytes"
"Longest common subsequence of length 14","DP: LCS[i][j] = 1 + LCS[i-1][j-1] if match, else max(LCS[i-1][j], LCS[i][j-1])"
"Space complexity of selection sort with 1000 items?","Selection sort requires O(1) or O(n) or O(log n) space depending on implementation"
"Explain data structure concept 250","Data structures organize and store data efficiently for specific operations and access patterns"
"Delete node 12 from BST with two children","Find inorder successor of node 12, replace node value with successor, delete successor to maintain BST property."
"Implement priority queue for 31 elements","Use heap or sorted list, elements with higher priority dequeued first"
"Sum of first 37 natural numbers recursively","Base: if n==0 return 0; Recursive: return 37 + sum(36)"
"Detect cycle in graph with 39 vertices","Use DFS with recursion stack or parent tracking for undirected graph"
"Allocate array of 32 integers dynamically","int* arr = new int[32]; remember to use delete[] arr;"
"Find kth smallest element where k=36","Inorder traversal with counter, return when counter == 36"
"Explain data structure concept 316","Data structures organize and store data efficiently for specific operations and access patterns"
"BFS traversal from node 11","Use queue: enqueue 11, dequeue, visit, enqueue unvisited neighbors"
"Extract minimum from heap of size 50","Remove root, move last element to root, bubble down to maintain heap property"
"Tower of Hanoi with 14 disks","Move 13 disks to auxiliary, move disk 14 to destination, move 13 disks to destination"
"Open addressing with linear probing from index 8","If index 8 occupied, try 8+1, 8+2, ... until empty slot found"
"Remove element from multiset at position 18","Use erase() for multiset, specify iterator or key"
"Destructor for class with dynamic array of size 4","~MyClass() { delete[] arrayPtr; } to free 4-element array"
"Copy constructor for class with 22 members","MyClass(const MyClass& other) : member1(other.member1), ... member22(other.member22) {}"
"Array of 49 pointers","int* arr[49]; declares array of 49 integer pointers"
"Inheritance hierarchy with 17 levels","17-level inheritance: Base -> Derived1 -> ... -> Derived16"
"Explain data structure concept 398","Data structures organize and store data efficiently for specific operations and access patterns"
"Open addressing with linear probing from index 44","If index 44 occupied, try 44+1, 44+2, ... until empty slot found"
"How to sort in a singly linked list at position 12?","For sort operation: traverse to position 12, adjust next pointers accordingly, handle edge cases for head/tail"
"Space complexity of insertion sort with 50 items?","Insertion sort requires O(1) or O(n) or O(log n) space depending on implementation"
"How to check if stack with 28 elements is empty?","Return true if top == -1 or size == 0"
"Check balanced parentheses in string of length 55","Use stack: push '(', '[', '{', pop for closing brackets, verify matching pairs"
"Time complexity of merge in array with 100 elements?","Merge in array: O(1), O(log n), O(n), or O(n²) depending on implementation"
"Time complexity of traversal in heap with 200 elements?","Traversal in heap: O(1), O(log n), O(n), or O(n²) depending on implementation"
"Find node with value 100 in BST","Start at root, if value == 100 return node, if 100 < node.value go left, else go right"
"Extract minimum from heap of size 33","Remove root, move last element to root, bubble down to maintain heap property"
"Calculate factorial of 41 recursively","Base: if n==0 return 1; Recursive: return 41 * factorial(40)"
"Detect cycle in graph with 1 vertices","Use DFS with recursion stack or parent tracking for undirected graph"
"Print numbers from 1 to 13 using recursion","Base: if n<1 return; Recursive: print(n-1), print 13"
"Implement radix sort for array size 5000","Radix sort algorithm with detailed steps for 5000 elements"
"Space complexity of quick sort with 5000 items?","Quick sort requires O(1) or O(n) or O(log n) space depending on implementation"
"Explain data structure concept 120","Data structures organize and store data efficiently for specific operations and access patterns"
"Calculate height of tree with 29 levels","Recursively: if null return -1, else return 1 + max(height(left), height(right))"
"Implement circular queue with size 29","Use array[29], front and rear indices with modulo arithmetic: (rear+1)%29"
"Heapify array of 48 elements","Start from last non-leaf node, sift down each node to satisfy heap property"
"Time complexity of split in graph with 300 elements?","Split in graph: O(1), O(log n), O(n), or O(n²) depending on implementation"
"Explain data structure concept 134","Data structures organize and store data efficiently for specific operations and access patterns"
"Explain data structure concept 50","Data structures organize and store data efficiently for specific operations and access patterns"
"Explain data structure concept 81","Data structures organize and store data efficiently for specific operations and access patterns"
"Time complexity of bubble sort for 50 elements?","Bubble sort: O(n²) worst/average case, O(n) best case for n=50"
"Construct BST from array of 49 elements","Sort array, pick middle as root for 49 elements, recursively build left and right subtrees"
"Insert 180 into multiset","multiset.insert(180) or push syntax depending on container type"
"Fibonacci number at position 25","Base: if n<=1 return n; Recursive: return fib(24) + fib(23)"
"Solve 0/1 knapsack with capacity 200","DP table: dp[i][w] = max value using first i items with weight limit 200"
"Topological sort for DAG with 25 nodes","DFS-based: finish times order, or Kahn's algorithm with indegree for 25 nodes"
"When to use heap sort for 1000 elements?","Heap sort is optimal when considering space/time trade-offs for n=1000"
"Tower of Hanoi with 25 disks","Move 24 disks to auxiliary, move disk 25 to destination, move 24 disks to destination"
"How to find middle in a singly linked list at position 25?","For find middle operation: traverse to position 25, adjust next pointers accordingly, handle edge cases for head/tail"
"Open addressing with linear probing from index 15","If index 15 occupied, try 15+1, 15+2, ... until empty slot found"
"Find kth largest element using heap where k=10","Use min heap of size 10, insert elements, root is kth largest"
"Open addressing with linear probing from index 48","If index 48 occupied, try 48+1, 48+2, ... until empty slot found"
"Insert 270 into min heap","Add 270 at end, bubble up comparing with parent, swap if smaller"
"BFS traversal starting from node 49","Use queue: enqueue node 49, while queue not empty: dequeue, visit, enqueue unvisited neighbors"
"Dijkstra's shortest path to node 42","Use priority queue, update distances to node 42, select minimum distance unvisited node"
"Calculate height of tree with 8 levels","Recursively: if null return -1, else return 1 + max(height(left), height(right))"
"Matrix chain multiplication with 22 matrices","DP: dp[i][j] = minimum scalar multiplications for matrices 22 to 23"
"Insert 190 into min heap","Add 190 at end, bubble up comparing with parent, swap if smaller"
"Fibonacci number at position 13","Base: if n<=1 return n; Recursive: return fib(12) + fib(11)"
"When to use radix sort for 500 elements?","Radix sort is optimal when considering space/time trade-offs for n=500"
"Dijkstra's shortest path to node 39","Use priority queue, update distances to node 39, select minimum distance unvisited node"
"Detect cycle in graph with 4 vertices","Use DFS with recursion stack or parent tracking for undirected graph"
"Create class with 21 data members","class MyClass { private: int member1; int member2; ... int member21; };"
"Convert infix to postfix with 5 operations","Use operator stack, output operands, pop operators based on precedence rules"
"BFS traversal starting from node 27","Use queue: enqueue node 27, while queue not empty: dequeue, visit, enqueue unvisited neighbors"
"Calculate power 33^2 recursively","Base: if power==0 return 1; Recursive: return 33 * power(33, 1)"
"Tower of Hanoi with 45 disks","Move 44 disks to auxiliary, move disk 45 to destination, move 44 disks to destination"
"Calculate height of tree with 43 levels","Recursively: if null return -1, else return 1 + max(height(left), height(right))"
"Binary search in sorted array of 103 elements","Divide array of 103 in half each iteration, O(log 103) time"
"Find strongly connected components in graph of size 46","Kosaraju's algorithm: DFS, transpose graph, DFS in finish time order"
"Explain data structure concept 416","Data structures organize and store data efficiently for specific operations and access patterns"
"Explain data structure concept 117","Data structures organize and store data efficiently for specific operations and access patterns"
"Remove element from set at position 10","Use erase() for set, specify iterator or key"
"Array of 29 pointers","int* arr[29]; declares array of 29 integer pointers"
"How to reverse in a singly linked list at position 25?","For reverse operation: traverse to position 25, adjust next pointers accordingly, handle edge cases for head/tail"
"How to delete in a singly linked list at position 19?","Traverse to position 19-1, adjust pointers to skip node: prev->next = current->next, delete current. Handle head/tail cases."
"Constructor with 38 parameters","MyClass(int p1, int p2, ..., int p38) : member1(p1), member2(p2), member38(p38) {}"
"Delete node 2 from BST with two children","Find inorder successor of node 2, replace node value with successor, delete successor to maintain BST property."
"Convert infix to postfix with 46 operations","Use operator stack, output operands, pop operators based on precedence rules"
"Delete node 27 from BST with two children","Find inorder successor of node 27, replace node value with successor, delete successor to maintain BST property."
"Calculate factorial of 14 recursively","Base: if n==0 return 1; Recursive: return 14 * factorial(13)"
"Space complexity of quick sort with 50 items?","Quick sort requires O(1) or O(n) or O(log n) space depending on implementation"
"Time complexity of sort in heap with 400 elements?","Sort in heap: O(1), O(log n), O(n), or O(n²) depending on implementation"
"Prevent memory leak in class destructor 32","Delete all dynamically allocated memory in destructor, set pointers to nullptr"
"Level order traversal at level 1","Use queue with level tracking, process nodes at level 1, enqueue children"
"Explain data structure concept 65","Data structures organize and store data efficiently for specific operations and access patterns"
"Time complexity of insertion in BST with 500 elements?","Insertion in BST: O(1), O(log n), O(n), or O(n²) depending on implementation"
"Check if tree is balanced with 12 nodes","For each node check if |height(left) - height(right)| <= 1"
"How to search in a singly linked list at position 28?","Traverse list from head, compare each node's data with target, return true if found at position 28, false otherwise."
"Insert 190 into deque","deque.insert(190) or push syntax depending on container type"
"Extract minimum from heap of size 47","Remove root, move last element to root, bubble down to maintain heap property"
"Print numbers from 1 to 20 using recursion","Base: if n<1 return; Recursive: print(n-1), print 20"
"Implement quick sort for array size 10000","Quick sort algorithm with detailed steps for 10000 elements"
"Explain data structure concept 374","Data structures organize and store data efficiently for specific operations and access patterns"
"Insert value 200 in binary search tree","Compare 200 with node: if less go left, if greater go right, insert at null"
"Linear search for value 46 in unsorted array","Check each element sequentially until value 46 found or end reached"
"How to delete in a singly linked list at position 29?","Traverse to position 29-1, adjust pointers to skip node: prev->next = current->next, delete current. Handle head/tail cases."
"Copy constructor for class with 24 members","MyClass(const MyClass& other) : member1(other.member1), ... member24(other.member24) {}"
"Linear search for value 44 in unsorted array","Check each element sequentially until value 44 found or end reached"
"Search in rotated sorted array at rotation point 18","Find pivot using binary search, then binary search in appropriate half"
"Double hashing with secondary hash for key 26","hash2(26) gives step size, probe at 26, 26+hash2, 26+2*hash2, ..."
"How to split in a singly linked list at position 28?","For split operation: traverse to position 28, adjust next pointers accordingly, handle edge cases for head/tail"
"Hash function for key 3000","Simple: 3000 % table_size, or multiply by prime and mod by table size"
"Remove element from deque at position 7","Use erase() for deque, specify iterator or key"
"Implement array search for value 50","Iterate through array comparing each element with target value, return index if found"
"Dereference pointer at offset 1","*(ptr + 1) accesses value at 1 positions ahead"
"Constructor with 41 parameters","MyClass(int p1, int p2, ..., int p41) : member1(p1), member2(p2), member41(p41) {}"
"Convert infix to postfix with 49 operations","Use operator stack, output operands, pop operators based on precedence rules"
"Create class with 44 data members","class MyClass { private: int member1; int member2; ... int member44; };"
"Insert 50 into list","list.insert(50) or push syntax depending on container type"
"Create class with 12 data members","class MyClass { private: int member1; int member2; ... int member12; };"
"Remove element from set at position 3","Use erase() for set, specify iterator or key"
"Find kth smallest element where k=43","Inorder traversal with counter, return when counter == 43"
"Validate array index 48 before access","Check if 0 <= 48 < size before accessing arr[48]"
"Open addressing with linear probing from index 38","If index 38 occupied, try 38+1, 38+2, ... until empty slot found"
"Explain data structure concept 324","Data structures organize and store data efficiently for specific operations and access patterns"
"BFS traversal starting from node 41","Use queue: enqueue node 41, while queue not empty: dequeue, visit, enqueue unvisited neighbors"
"Explain data structure concept 402","Data structures organize and store data efficiently for specific operations and access patterns"
"Extract minimum from heap of size 3","Remove root, move last element to root, bubble down to maintain heap property"
"Pointer arithmetic: ptr + 39","Moves pointer forward by 39 * sizeof(type) bytes"
"Print numbers from 1 to 38 using recursion","Base: if n<1 return; Recursive: print(n-1), print 38"
"Create class with 9 data members","class MyClass { private: int member1; int member2; ... int member9; };"
"Find first occurrence of 25 in sorted array","Binary search with left bias, continue searching left when target found"
"Validate array index 34 before access","Check if 0 <= 34 < size before accessing arr[34]"
"Find kth largest element using heap where k=39","Use min heap of size 39, insert elements, root is kth largest"
"Level order traversal at level 46","Use queue with level tracking, process nodes at level 46, enqueue children"
"Array of 42 pointers","int* arr[42]; declares array of 42 integer pointers"
"Find strongly connected components in graph of size 23","Kosaraju's algorithm: DFS, transpose graph, DFS in finish time order"
"Extract minimum from heap of size 5","Remove root, move last element to root, bubble down to maintain heap property"
"How to delete in a singly linked list at position 26?","Traverse to position 26-1, adjust pointers to skip node: prev->next = current->next, delete current. Handle head/tail cases."
"Calculate power 1^2 recursively","Base: if power==0 return 1; Recursive: return 1 * power(1, 1)"
"Destructor for class with dynamic array of size 1","~MyClass() { delete[] arrayPtr; } to free 1-element array"
"Validate array index 45 before access","Check if 0 <= 45 < size before accessing arr[45]"
"Coin change problem with target 65","DP: ways[65] = sum of ways[65-coin] for each coin denomination"
"Handle empty list in operation 36","Check if head == nullptr before any operations, return appropriate value or error. Prevents null pointer dereference."
"Handle empty list in operation 18","Check if head == nullptr before any operations, return appropriate value or error. Prevents null pointer dereference."
"Dereference pointer at offset 28","*(ptr + 28) accesses value at 28 positions ahead"
"Remove element from list at position 4","Use erase() for list, specify iterator or key"
"Explain data structure concept 329","Data structures organize and store data efficiently for specific operations and access patterns"
"How to traverse in a singly linked list at position 4?","Start at head, follow next pointers until reaching position 4: for(i=0; i<4; i++) current = current->next."
"Insert 10 into multiset","multiset.insert(10) or push syntax depending on container type"
"Prevent memory leak in class destructor 39","Delete all dynamically allocated memory in destructor, set pointers to nullptr"
"How to find middle in a singly linked list at position 0?","For find middle operation: traverse to position 0, adjust next pointers accordingly, handle edge cases for head/tail"
"Time complexity of deletion in graph with 400 elements?","Deletion in graph: O(1), O(log n), O(n), or O(n²) depending on implementation"
"Evaluate expression with 5 operators using stack","Push operands to stack, for each operator pop required operands, compute and push result"
"Find node with value 40 in BST","Start at root, if value == 40 return node, if 40 < node.value go left, else go right"
"Find first occurrence of 5 in sorted array","Binary search with left bias, continue searching left when target found"
"Array of 25 pointers","int* arr[25]; declares array of 25 integer pointers"
"BFS traversal starting from node 23","Use queue: enqueue node 23, while queue not empty: dequeue, visit, enqueue unvisited neighbors"
"Implement priority queue for 16 elements","Use heap or sorted list, elements with higher priority dequeued first"
"Declare pointer to integer with value 5","int* ptr = new int(5); allocates integer on heap with value 5"
"Delete node 23 from BST with two children","Find inorder successor of node 23, replace node value with successor, delete successor to maintain BST property."
"Copy constructor for class with 12 members","MyClass(const MyClass& other) : member1(other.member1), ... member12(other.member12) {}"
"Linear search for value 40 in unsorted array","Check each element sequentially until value 40 found or end reached"
"How do you declare an integer array of size 24 in C++?","int arr[24]; or int* arr = new int[24];"
"Explain data structure concept 219","Data structures organize and store data efficiently for specific operations and access patterns"
"Pointer arithmetic: ptr + 8","Moves pointer forward by 8 * sizeof(type) bytes"
"Find strongly connected components in graph of size 26","Kosaraju's algorithm: DFS, transpose graph, DFS in finish time order"
"How to traverse in a singly linked list at position 19?","Start at head, follow next pointers until reaching position 19: for(i=0; i<19; i++) current = current->next."
"What is ptr[50] equivalent to?","*(ptr + 50) - both access element at index 50"
"Explain data structure concept 388","Data structures organize and store data efficiently for specific operations and access patterns"
"Allocate array of 19 integers dynamically","int* arr = new int[19]; remember to use delete[] arr;"
"Time complexity of deletion in stack with 200 elements?","Deletion in stack: O(1), O(log n), O(n), or O(n²) depending on implementation"
"Time complexity of sort in queue with 300 elements?","Sort in queue: O(1), O(log n), O(n), or O(n²) depending on implementation"
"Constructor with 21 parameters","MyClass(int p1, int p2, ..., int p21) : member1(p1), member2(p2), member21(p21) {}"
"Fibonacci number at position 4","Base: if n<=1 return n; Recursive: return fib(3) + fib(2)"
"Remove element from map at position 14","Use erase() for map, specify iterator or key"
"Create class with 48 data members","class MyClass { private: int member1; int member2; ... int member48; };"
"Explain data structure concept 74","Data structures organize and store data efficiently for specific operations and access patterns"
"Allocate array of 45 integers dynamically","int* arr = new int[45]; remember to use delete[] arr;"
"Open addressing with linear probing from index 50","If index 50 occupied, try 50+1, 50+2, ... until empty slot found"
"Array of 9 pointers","int* arr[9]; declares array of 9 integer pointers"
"Calculate power 31^2 recursively","Base: if power==0 return 1; Recursive: return 31 * power(31, 1)"
"Copy constructor for class with 21 members","MyClass(const MyClass& other) : member1(other.member1), ... member21(other.member21) {}"
"Copy constructor for class with 11 members","MyClass(const MyClass& other) : member1(other.member1), ... member11(other.member11) {}"
"Binary search in sorted array of 141 elements","Divide array of 141 in half each iteration, O(log 141) time"
"How to detect cycle in a singly linked list at position 9?","For detect cycle operation: traverse to position 9, adjust next pointers accordingly, handle edge cases for head/tail"
"How to reverse in a singly linked list at position 20?","For reverse operation: traverse to position 20, adjust next pointers accordingly, handle edge cases for head/tail"
"Prevent memory leak in class destructor 47","Delete all dynamically allocated memory in destructor, set pointers to nullptr"
"Explain data structure concept 64","Data structures organize and store data efficiently for specific operations and access patterns"
"Convert infix to postfix with 47 operations","Use operator stack, output operands, pop operators based on precedence rules"
"Handle stack overflow when size is 40","Check if current_size < max_capacity (40) before push operation"
"How to detect cycle in a singly linked list at position 15?","For detect cycle operation: traverse to position 15, adjust next pointers accordingly, handle edge cases for head/tail"
"Remove element from deque at position 5","Use erase() for deque, specify iterator or key"
"Time complexity of radix sort for 20 elements?","Radix sort: O(n+k) time complexity for n=20 elements"
"Calculate factorial of 35 recursively","Base: if n==0 return 1; Recursive: return 35 * factorial(34)"
"Find first occurrence of 36 in sorted array","Binary search with left bias, continue searching left when target found"
"Insert value 130 in binary search tree","Compare 130 with node: if less go left, if greater go right, insert at null"
"Inheritance hierarchy with 30 levels","30-level inheritance: Base -> Derived1 -> ... -> Derived29"
"Delete node 1 from BST with two children","Find inorder successor of node 1, replace node value with successor, delete successor to maintain BST property."
"Construct BST from array of 3 elements","Sort array, pick middle as root for 3 elements, recursively build left and right subtrees"
"What is the time complexity of accessing element at index 18?","O(1) - constant time for random access in arrays"
"Heapify array of 44 elements","Start from last non-leaf node, sift down each node to satisfy heap property"
"How to search in a singly linked list at position 3?","Traverse list from head, compare each node's data with target, return true if found at position 3, false otherwise."
"How to reverse in a singly linked list at position 16?","For reverse operation: traverse to position 16, adjust next pointers accordingly, handle edge cases for head/tail"
"Time complexity of split in hash table with 500 elements?","Split in hash table: O(1), O(log n), O(n), or O(n²) depending on implementation"
"Binary search in sorted array of 124 elements","Divide array of 124 in half each iteration, O(log 124) time"
"Insert 230 into min heap","Add 230 at end, bubble up comparing with parent, swap if smaller"
"Operator overloading for + with 10 members","MyClass operator+(const MyClass& other) { add corresponding members, return result }"
"Matrix chain multiplication with 43 matrices","DP: dp[i][j] = minimum scalar multiplications for matrices 43 to 44"
"Hash function for key 1300","Simple: 1300 % table_size, or multiply by prime and mod by table size"
"Check balanced parentheses in string of length 50","Use stack: push '(', '[', '{', pop for closing brackets, verify matching pairs"
"How to insert in a singly linked list at position 12?","Traverse to position 12, create new node, adjust next pointers: current->next = new_node->next, current = new_node. Handle head/tail edge cases."
"How to merge in a singly linked list at position 15?","For merge operation: traverse to position 15, adjust next pointers accordingly, handle edge cases for head/tail"
"Handle empty list in operation 29","Check if head == nullptr before any operations, return appropriate value or error. Prevents null pointer dereference."
"How do you declare an integer array of size 34 in C++?","int arr[34]; or int* arr = new int[34];"
"Time complexity of heap sort for 50 elements?","Heap sort: O(n log n) all cases for n=50"
"Explain data structure concept 266","Data structures organize and store data efficiently for specific operations and access patterns"
"Quadratic probing starting at 15","Try positions 15, 15+1², 15+2², 15+3² until empty slot found"
"How to detect cycle in a singly linked list at position 23?","For detect cycle operation: traverse to position 23, adjust next pointers accordingly, handle edge cases for head/tail"
"Longest common subsequence of length 48","DP: LCS[i][j] = 1 + LCS[i-1][j-1] if match, else max(LCS[i-1][j], LCS[i][j-1])"
"Validate array index 22 before access","Check if 0 <= 22 < size before accessing arr[22]"
"Operator overloading for + with 19 members","MyClass operator+(const MyClass& other) { add corresponding members, return result }"
"Copy constructor for class with 5 members","MyClass(const MyClass& other) : member1(other.member1), ... member5(other.member5) {}"
"Dereference pointer at offset 9","*(ptr + 9) accesses value at 9 positions ahead"
"Find node with value 160 in BST","Start at root, if value == 160 return node, if 160 < node.value go left, else go right"
"Time complexity of deletion in graph with 300 elements?","Deletion in graph: O(1), O(log n), O(n), or O(n²) depending on implementation"
"Handle collision at index 14 using chaining","Linked list at index 14, insert colliding element at list head or tail"
"What is the time complexity of accessing element at index 40?","O(1) - constant time for random access in arrays"
"Edit distance between strings of length 41","DP: dp[i][j] = min cost to transform first i chars to first j chars"
"Declare pointer to integer with value 19","int* ptr = new int(19); allocates integer on heap with value 19"
"Implement priority queue for 3 elements","Use heap or sorted list, elements with higher priority dequeued first"
"Find kth largest element using heap where k=49","Use min heap of size 49, insert elements, root is kth largest"
"Calculate height of tree with 14 levels","Recursively: if null return -1, else return 1 + max(height(left), height(right))"
"Dereference pointer at offset 20","*(ptr + 20) accesses value at 20 positions ahead"
"Remove element from vector at position 2","Use erase() for vector, specify iterator or key"
"Search in rotated sorted array at rotation point 39","Find pivot using binary search, then binary search in appropriate half"
"Remove element from map at position 10","Use erase() for map, specify iterator or key"
"Remove element from deque at position 1","Use erase() for deque, specify iterator or key"
"Implement circular queue with size 63","Use array[63], front and rear indices with modulo arithmetic: (rear+1)%63"
"Convert infix to postfix with 8 operations","Use operator stack, output operands, pop operators based on precedence rules"
"Implement priority queue for 22 elements","Use heap or sorted list, elements with higher priority dequeued first"
"Explain data structure concept 319","Data structures organize and store data efficiently for specific operations and access patterns"
"Time complexity of search in BST with 400 elements?","Search in BST: O(1), O(log n), O(n), or O(n²) depending on implementation"
"What is ptr[33] equivalent to?","*(ptr + 33) - both access element at index 33"
"Binary search in sorted array of 100 elements","Divide array of 100 in half each iteration, O(log 100) time"
"Check if tree is balanced with 32 nodes","For each node check if |height(left) - height(right)| <= 1"
"Explain data structure concept 410","Data structures organize and store data efficiently for specific operations and access patterns"
"Longest common subsequence of length 1","DP: LCS[i][j] = 1 + LCS[i-1][j-1] if match, else max(LCS[i-1][j], LCS[i][j-1])"
"How to insert in a singly linked list at position 8?","Traverse to position 8, create new node, adjust next pointers: current->next = new_node->next, current = new_node. Handle head/tail edge cases."
"Insert 370 into min heap","Add 370 at end, bubble up comparing with parent, swap if smaller"
"Linear search for value 8 in unsorted array","Check each element sequentially until value 8 found or end reached"
"Insert value 90 in binary search tree","Compare 90 with node: if less go left, if greater go right, insert at null"
"Time complexity of merge in heap with 500 elements?","Merge in heap: O(1), O(log n), O(n), or O(n²) depending on implementation"
"Explain data structure concept 453","Data structures organize and store data efficiently for specific operations and access patterns"
"Search in rotated sorted array at rotation point 4","Find pivot using binary search, then binary search in appropriate half"
"Destructor for class with dynamic array of size 25","~MyClass() { delete[] arrayPtr; } to free 25-element array"
"Topological sort for DAG with 15 nodes","DFS-based: finish times order, or Kahn's algorithm with indegree for 15 nodes"
"Explain data structure concept 301","Data structures organize and store data efficiently for specific operations and access patterns"
"Check balanced parentheses in string of length 57","Use stack: push '(', '[', '{', pop for closing brackets, verify matching pairs"
"Implement quick sort for array size 5000","Quick sort algorithm with detailed steps for 5000 elements"
"Explain data structure concept 203","Data structures organize and store data efficiently for specific operations and access patterns"
"Allocate array of 41 integers dynamically","int* arr = new int[41]; remember to use delete[] arr;"
"Destructor for class with dynamic array of size 31","~MyClass() { delete[] arrayPtr; } to free 31-element array"
"Insert 410 into min heap","Add 410 at end, bubble up comparing with parent, swap if smaller"
"Allocate array of 16 integers dynamically","int* arr = new int[16]; remember to use delete[] arr;"
"Double hashing with secondary hash for key 4","hash2(4) gives step size, probe at 4, 4+hash2, 4+2*hash2, ..."
"Longest increasing subsequence ending at index 44","DP: dp[44] = max length of LIS ending at position 44"
"Tower of Hanoi with 44 disks","Move 43 disks to auxiliary, move disk 44 to destination, move 43 disks to destination"
"Time complexity of merge in queue with 400 elements?","Merge in queue: O(1), O(log n), O(n), or O(n²) depending on implementation"
"How do you declare an integer array of size 42 in C++?","int arr[42]; or int* arr = new int[42];"
"Dijkstra's shortest path to node 46","Use priority queue, update distances to node 46, select minimum distance unvisited node"
"Array of 38 pointers","int* arr[38]; declares array of 38 integer pointers"
"Explain data structure concept 167","Data structures organize and store data efficiently for specific operations and access patterns"
"Explain data structure concept 280","Data structures organize and store data efficiently for specific operations and access patterns"
"Insert 80 into multiset","multiset.insert(80) or push syntax depending on container type"
"Explain data structure concept 145","Data structures organize and store data efficiently for specific operations and access patterns"
"When to use quick sort for 1000 elements?","Quick sort is optimal when considering space/time trade-offs for n=1000"
"How to dequeue from queue with 30 elements?","Check if empty, get front element, increment front index, decrease size, return element"
"Insert 20 into min heap","Add 20 at end, bubble up comparing with parent, swap if smaller"
"Inheritance hierarchy with 9 levels","9-level inheritance: Base -> Derived1 -> ... -> Derived8"
"Insert 150 into list","list.insert(150) or push syntax depending on container type"
"Explain data structure concept 334","Data structures organize and store data efficiently for specific operations and access patterns"
"Heapify array of 29 elements","Start from last non-leaf node, sift down each node to satisfy heap property"
"Prevent memory leak in class destructor 36","Delete all dynamically allocated memory in destructor, set pointers to nullptr"
"Array of 30 pointers","int* arr[30]; declares array of 30 integer pointers"
"Double hashing with secondary hash for key 28","hash2(28) gives step size, probe at 28, 28+hash2, 28+2*hash2, ..."
"Find kth largest element using heap where k=9","Use min heap of size 9, insert elements, root is kth largest"
"Print numbers from 1 to 26 using recursion","Base: if n<1 return; Recursive: print(n-1), print 26"
"Inheritance hierarchy with 22 levels","22-level inheritance: Base -> Derived1 -> ... -> Derived21"
"How to dequeue from queue with 17 elements?","Check if empty, get front element, increment front index, decrease size, return element"
"Detect cycle in graph with 17 vertices","Use DFS with recursion stack or parent tracking for undirected graph"
"Check if tree is balanced with 22 nodes","For each node check if |height(left) - height(right)| <= 1"
"Space complexity of counting sort with 20 items?","Counting sort requires O(1) or O(n) or O(log n) space depending on implementation"
"Calculate power 50^2 recursively","Base: if power==0 return 1; Recursive: return 50 * power(50, 1)"
"Explain data structure concept 111","Data structures organize and store data efficiently for specific operations and access patterns"
"Implement array search for value 150","Iterate through array comparing each element with target value, return index if found"
"Coin change problem with target 105","DP: ways[105] = sum of ways[105-coin] for each coin denomination"
"Search in rotated sorted array at rotation point 27","Find pivot using binary search, then binary search in appropriate half"
"Double hashing with secondary hash for key 11","hash2(11) gives step size, probe at 11, 11+hash2, 11+2*hash2, ..."
"Sum of first 49 natural numbers recursively","Base: if n==0 return 0; Recursive: return 49 + sum(48)"
"Time complexity of insertion in linked list with 200 elements?","Insertion in linked list: O(1), O(log n), O(n), or O(n²) depending on implementation"
"Implement push operation for stack with capacity 149","Check if size < 149, if yes: stack[++top] = element, else throw overflow"
"Dijkstra's shortest path to node 15","Use priority queue, update distances to node 15, select minimum distance unvisited node"
"Allocate array of 48 integers dynamically","int* arr = new int[48]; remember to use delete[] arr;"
"Find strongly connected components in graph of size 45","Kosaraju's algorithm: DFS, transpose graph, DFS in finish time order"
"Longest increasing subsequence ending at index 16","DP: dp[16] = max length of LIS ending at position 16"
"Print numbers from 1 to 11 using recursion","Base: if n<1 return; Recursive: print(n-1), print 11"
"Edit distance between strings of length 9","DP: dp[i][j] = min cost to transform first i chars to first j chars"
"Operator overloading for + with 23 members","MyClass operator+(const MyClass& other) { add corresponding members, return result }"
"Double hashing with secondary hash for key 7","hash2(7) gives step size, probe at 7, 7+hash2, 7+2*hash2, ..."
"What is ptr[42] equivalent to?","*(ptr + 42) - both access element at index 42"
"Handle stack overflow when size is 35","Check if current_size < max_capacity (35) before push operation"
"Space complexity of merge sort with 1000 items?","Merge sort requires O(1) or O(n) or O(log n) space depending on implementation"
"Explain data structure concept 414","Data structures organize and store data efficiently for specific operations and access patterns"
"Construct BST from array of 36 elements","Sort array, pick middle as root for 36 elements, recursively build left and right subtrees"
"How to sort in a singly linked list at position 29?","For sort operation: traverse to position 29, adjust next pointers accordingly, handle edge cases for head/tail"
"How to dequeue from queue with 41 elements?","Check if empty, get front element, increment front index, decrease size, return element"
"Time complexity of sort in array with 200 elements?","Sort in array: O(1), O(log n), O(n), or O(n²) depending on implementation"
"How to find the sum of array elements from index 21 to 31?","Initialize sum=0, loop from index 21 to 31, add arr[j] to sum"
"Time complexity of insertion in linked list with 500 elements?","Insertion in linked list: O(1), O(log n), O(n), or O(n²) depending on implementation"
"Declare pointer to integer with value 45","int* ptr = new int(45); allocates integer on heap with value 45"
"Explain data structure concept 8","Data structures organize and store data efficiently for specific operations and access patterns"
"Dijkstra's shortest path to node 20","Use priority queue, update distances to node 20, select minimum distance unvisited node"
"Insert 60 into set","set.insert(60) or push syntax depending on container type"
"Sum of first 15 natural numbers recursively","Base: if n==0 return 0; Recursive: return 15 + sum(14)"
"Tower of Hanoi with 36 disks","Move 35 disks to auxiliary, move disk 36 to destination, move 35 disks to destination"
"Explain data structure concept 5","Data structures organize and store data efficiently for specific operations and access patterns"
"When to use selection sort for 20 elements?","Selection sort is optimal when considering space/time trade-offs for n=20"
"Explain data structure concept 196","Data structures organize and store data efficiently for specific operations and access patterns"
"Construct BST from array of 45 elements","Sort array, pick middle as root for 45 elements, recursively build left and right subtrees"
"Extract minimum from heap of size 20","Remove root, move last element to root, bubble down to maintain heap property"
"Destructor for class with dynamic array of size 10","~MyClass() { delete[] arrayPtr; } to free 10-element array"
"Solve 0/1 knapsack with capacity 330","DP table: dp[i][w] = max value using first i items with weight limit 330"
"Calculate power 29^2 recursively","Base: if power==0 return 1; Recursive: return 29 * power(29, 1)"
"Detect cycle in graph with 9 vertices","Use DFS with recursion stack or parent tracking for undirected graph"
"Delete node 48 from BST with two children","Find inorder successor of node 48, replace node value with successor, delete successor to maintain BST property."
"Implement array search for value 210","Iterate through array comparing each element with target value, return index if found"
"Convert infix to postfix with 21 operations","Use operator stack, output operands, pop operators based on precedence rules"
"Find kth largest element using heap where k=20","Use min heap of size 20, insert elements, root is kth largest"
"Time complexity of split in BST with 100 elements?","Split in BST: O(1), O(log n), O(n), or O(n²) depending on implementation"
"Tower of Hanoi with 47 disks","Move 46 disks to auxiliary, move disk 47 to destination, move 46 disks to destination"
"Check balanced parentheses in string of length 12","Use stack: push '(', '[', '{', pop for closing brackets, verify matching pairs"
"Tower of Hanoi with 34 disks","Move 33 disks to auxiliary, move disk 34 to destination, move 33 disks to destination"
"Linear search for value 27 in unsorted array","Check each element sequentially until value 27 found or end reached"
"Handle empty list in operation 34","Check if head == nullptr before any operations, return appropriate value or error. Prevents null pointer dereference."
"Explain data structure concept 141","Data structures organize and store data efficiently for specific operations and access patterns"
"Insert value 10 in binary search tree","Compare 10 with node: if less go left, if greater go right, insert at null"
"Explain data structure concept 268","Data structures organize and store data efficiently for specific operations and access patterns"
"Hash function for key 2100","Simple: 2100 % table_size, or multiply by prime and mod by table size"
"Implement radix sort for array size 500","Radix sort algorithm with detailed steps for 500 elements"
"Find node with value 45 in BST","Start at root, if value == 45 return node, if 45 < node.value go left, else go right"
"Implement array search for value 80","Iterate through array comparing each element with target value, return index if found"
"Operator overloading for + with 41 members","MyClass operator+(const MyClass& other) { add corresponding members, return result }"
"What is the time complexity of accessing element at index 23?","O(1) - constant time for random access in arrays"
"Matrix chain multiplication with 40 matrices","DP: dp[i][j] = minimum scalar multiplications for matrices 40 to 41"
"Handle empty list in operation 44","Check if head == nullptr before any operations, return appropriate value or error. Prevents null pointer dereference."
"Explain data structure concept 297","Data structures organize and store data efficiently for specific operations and access patterns"
"Heapify array of 10 elements","Start from last non-leaf node, sift down each node to satisfy heap property"
"Explain data structure concept 447","Data structures organize and store data efficiently for specific operations and access patterns"
"BFS traversal starting from node 39","Use queue: enqueue node 39, while queue not empty: dequeue, visit, enqueue unvisited neighbors"
"Print numbers from 1 to 29 using recursion","Base: if n<1 return; Recursive: print(n-1), print 29"
"Create class with 5 data members","class MyClass { private: int member1; int member2; ... int member5; };"
"What is ptr[39] equivalent to?","*(ptr + 39) - both access element at index 39"
"Copy constructor for class with 9 members","MyClass(const MyClass& other) : member1(other.member1), ... member9(other.member9) {}"
"Insert 10 into deque","deque.insert(10) or push syntax depending on container type"
"Insert 130 into vector","vector.insert(130) or push syntax depending on container type"
"Time complexity of radix sort for 1000 elements?","Radix sort: O(n+k) time complexity for n=1000 elements"
"How to sort in a singly linked list at position 11?","For sort operation: traverse to position 11, adjust next pointers accordingly, handle edge cases for head/tail"
"Validate array index 3 before access","Check if 0 <= 3 < size before accessing arr[3]"
"Declare pointer to integer with value 10","int* ptr = new int(10); allocates integer on heap with value 10"
"How to delete in a singly linked list at position 22?","Traverse to position 22-1, adjust pointers to skip node: prev->next = current->next, delete current. Handle head/tail cases."
"How to find middle in a singly linked list at position 21?","For find middle operation: traverse to position 21, adjust next pointers accordingly, handle edge cases for head/tail"
"Find node with value 95 in BST","Start at root, if value == 95 return node, if 95 < node.value go left, else go right"
"Explain data structure concept 303","Data structures organize and store data efficiently for specific operations and access patterns"
"Explain data structure concept 69","Data structures organize and store data efficiently for specific operations and access patterns"
"Implement priority queue for 27 elements","Use heap or sorted list, elements with higher priority dequeued first"
"Hash function for key 1200","Simple: 1200 % table_size, or multiply by prime and mod by table size"
"Extract minimum from heap of size 28","Remove root, move last element to root, bubble down to maintain heap property"
"Destructor for class with dynamic array of size 21","~MyClass() { delete[] arrayPtr; } to free 21-element array"
"Handle empty list in operation 8","Check if head == nullptr before any operations, return appropriate value or error. Prevents null pointer dereference."
"Destructor for class with dynamic array of size 11","~MyClass() { delete[] arrayPtr; } to free 11-element array"
"Find strongly connected components in graph of size 38","Kosaraju's algorithm: DFS, transpose graph, DFS in finish time order"
"How to find the sum of array elements from index 39 to 49?","Initialize sum=0, loop from index 39 to 49, add arr[j] to sum"
"Linear search for value 10 in unsorted array","Check each element sequentially until value 10 found or end reached"
"Constructor with 32 parameters","MyClass(int p1, int p2, ..., int p32) : member1(p1), member2(p2), member32(p32) {}"
"Handle stack overflow when size is 27","Check if current_size < max_capacity (27) before push operation"
"Extract minimum from heap of size 35","Remove root, move last element to root, bubble down to maintain heap property"
"Search in rotated sorted array at rotation point 0","Find pivot using binary search, then binary search in appropriate half"
"Evaluate expression with 33 operators using stack","Push operands to stack, for each operator pop required operands, compute and push result"
"Fibonacci number at position 9","Base: if n<=1 return n; Recursive: return fib(8) + fib(7)"
"Handle stack overflow when size is 29","Check if current_size < max_capacity (29) before push operation"
"Prevent memory leak in class destructor 8","Delete all dynamically allocated memory in destructor, set pointers to nullptr"
"When to use selection sort for 500 elements?","Selection sort is optimal when considering space/time trade-offs for n=500"
"Insert 470 into min heap","Add 470 at end, bubble up comparing with parent, swap if smaller"
"Sum of first 26 natural numbers recursively","Base: if n==0 return 0; Recursive: return 26 + sum(25)"
"How to merge in a singly linked list at position 10?","For merge operation: traverse to position 10, adjust next pointers accordingly, handle edge cases for head/tail"
"Dijkstra's shortest path to node 32","Use priority queue, update distances to node 32, select minimum distance unvisited node"
"Validate array index 6 before access","Check if 0 <= 6 < size before accessing arr[6]"
"Edit distance between strings of length 16","DP: dp[i][j] = min cost to transform first i chars to first j chars"
"Insert value 20 in binary search tree","Compare 20 with node: if less go left, if greater go right, insert at null"
"Time complexity of deletion in queue with 500 elements?","Deletion in queue: O(1), O(log n), O(n), or O(n²) depending on implementation"
"BFS traversal from node 30","Use queue: enqueue 30, dequeue, visit, enqueue unvisited neighbors"
"Create class with 17 data members","class MyClass { private: int member1; int member2; ... int member17; };"
"DFS traversal starting from vertex 44","Use stack or recursion: visit 44, mark visited, recurse on unvisited neighbors"
"Implement array search for value 330","Iterate through array comparing each element with target value, return index if found"
"Topological sort for DAG with 20 nodes","DFS-based: finish times order, or Kahn's algorithm with indegree for 20 nodes"
"Dijkstra's shortest path to node 43","Use priority queue, update distances to node 43, select minimum distance unvisited node"
"How do you declare an integer array of size 38 in C++?","int arr[38]; or int* arr = new int[38];"
"Implement merge sort for array size 50","Merge sort algorithm with detailed steps for 50 elements"
"What is ptr[11] equivalent to?","*(ptr + 11) - both access element at index 11"
"Time complexity of traversal in hash table with 500 elements?","Traversal in hash table: O(1), O(log n), O(n), or O(n²) depending on implementation"
"How to find the sum of array elements from index 45 to 55?","Initialize sum=0, loop from index 45 to 55, add arr[j] to sum"
"Time complexity of search in queue with 300 elements?","Search in queue: O(1), O(log n), O(n), or O(n²) depending on implementation"
"Explain data structure concept 258","Data structures organize and store data efficiently for specific operations and access patterns"
"Detect cycle in graph with 50 vertices","Use DFS with recursion stack or parent tracking for undirected graph"
"How to check if stack with 34 elements is empty?","Return true if top == -1 or size == 0"
"Topological sort for DAG with 41 nodes","DFS-based: finish times order, or Kahn's algorithm with indegree for 41 nodes"
"Pointer arithmetic: ptr + 34","Moves pointer forward by 34 * sizeof(type) bytes"
"Insert value 440 in binary search tree","Compare 440 with node: if less go left, if greater go right, insert at null"
"Binary search in sorted array of 137 elements","Divide array of 137 in half each iteration, O(log 137) time"
"Level order traversal at level 38","Use queue with level tracking, process nodes at level 38, enqueue children"
"DFS traversal starting from vertex 8","Use stack or recursion: visit 8, mark visited, recurse on unvisited neighbors"
"Inheritance hierarchy with 48 levels","48-level inheritance: Base -> Derived1 -> ... -> Derived47"
"Tower of Hanoi with 23 disks","Move 22 disks to auxiliary, move disk 23 to destination, move 22 disks to destination"
"Insert 20 into list","list.insert(20) or push syntax depending on container type"
"Check if tree is balanced with 46 nodes","For each node check if |height(left) - height(right)| <= 1"
"How to dequeue from queue with 12 elements?","Check if empty, get front element, increment front index, decrease size, return element"
"Find node with value 210 in BST","Start at root, if value == 210 return node, if 210 < node.value go left, else go right"
"Longest common subsequence of length 23","DP: LCS[i][j] = 1 + LCS[i-1][j-1] if match, else max(LCS[i-1][j], LCS[i][j-1])"
"Open addressing with linear probing from index 14","If index 14 occupied, try 14+1, 14+2, ... until empty slot found"
"Find kth largest element using heap where k=31","Use min heap of size 31, insert elements, root is kth largest"
"Tower of Hanoi with 50 disks","Move 49 disks to auxiliary, move disk 50 to destination, move 49 disks to destination"
"Insert value 80 in binary search tree","Compare 80 with node: if less go left, if greater go right, insert at null"
"Tower of Hanoi with 21 disks","Move 20 disks to auxiliary, move disk 21 to destination, move 20 disks to destination"
"Print numbers from 1 to 45 using recursion","Base: if n<1 return; Recursive: print(n-1), print 45"
"How to insert in a singly linked list at position 16?","Traverse to position 16, create new node, adjust next pointers: current->next = new_node->next, current = new_node. Handle head/tail edge cases."
"Constructor with 44 parameters","MyClass(int p1, int p2, ..., int p44) : member1(p1), member2(p2), member44(p44) {}"
"Copy constructor for class with 38 members","MyClass(const MyClass& other) : member1(other.member1), ... member38(other.member38) {}"
"Print numbers from 1 to 49 using recursion","Base: if n<1 return; Recursive: print(n-1), print 49"
"Implement priority queue for 6 elements","Use heap or sorted list, elements with higher priority dequeued first"
"How to dequeue from queue with 31 elements?","Check if empty, get front element, increment front index, decrease size, return element"
"BFS traversal starting from node 12","Use queue: enqueue node 12, while queue not empty: dequeue, visit, enqueue unvisited neighbors"
"BFS traversal starting from node 32","Use queue: enqueue node 32, while queue not empty: dequeue, visit, enqueue unvisited neighbors"
"Space complexity of bubble sort with 1000 items?","Bubble sort requires O(1) or O(n) or O(log n) space depending on implementation"
"Explain data structure concept 255","Data structures organize and store data efficiently for specific operations and access patterns"
"Explain data structure concept 121","Data structures organize and store data efficiently for specific operations and access patterns"
"How to delete in a singly linked list at position 27?","Traverse to position 27-1, adjust pointers to skip node: prev->next = current->next, delete current. Handle head/tail cases."
"Explain data structure concept 279","Data structures organize and store data efficiently for specific operations and access patterns"
"Insert 40 into deque","deque.insert(40) or push syntax depending on container type"
"Explain data structure concept 239","Data structures organize and store data efficiently for specific operations and access patterns"
"Time complexity of sort in queue with 400 elements?","Sort in queue: O(1), O(log n), O(n), or O(n²) depending on implementation"
"When to use heap sort for 500 elements?","Heap sort is optimal when considering space/time trade-offs for n=500"
"Allocate array of 2 integers dynamically","int* arr = new int[2]; remember to use delete[] arr;"
"How to reverse in a singly linked list at position 4?","For reverse operation: traverse to position 4, adjust next pointers accordingly, handle edge cases for head/tail"
"How to merge in a singly linked list at position 17?","For merge operation: traverse to position 17, adjust next pointers accordingly, handle edge cases for head/tail"
"What is ptr[48] equivalent to?","*(ptr + 48) - both access element at index 48"
"Constructor with 49 parameters","MyClass(int p1, int p2, ..., int p49) : member1(p1), member2(p2), member49(p49) {}"
"What is the time complexity of accessing element at index 48?","O(1) - constant time for random access in arrays"
"Matrix chain multiplication with 46 matrices","DP: dp[i][j] = minimum scalar multiplications for matrices 46 to 47"
"How do you declare an integer array of size 41 in C++?","int arr[41]; or int* arr = new int[41];"
"Time complexity of split in heap with 300 elements?","Split in heap: O(1), O(log n), O(n), or O(n²) depending on implementation"
"Implement circular queue with size 20","Use array[20], front and rear indices with modulo arithmetic: (rear+1)%20"
"Inheritance hierarchy with 47 levels","47-level inheritance: Base -> Derived1 -> ... -> Derived46"
"Time complexity of insertion in queue with 200 elements?","Insertion in queue: O(1), O(log n), O(n), or O(n²) depending on implementation"
"Copy constructor for class with 40 members","MyClass(const MyClass& other) : member1(other.member1), ... member40(other.member40) {}"
"Remove element from map at position 1","Use erase() for map, specify iterator or key"
"Dereference pointer at offset 6","*(ptr + 6) accesses value at 6 positions ahead"
"Find kth largest element using heap where k=40","Use min heap of size 40, insert elements, root is kth largest"
"Inheritance hierarchy with 28 levels","28-level inheritance: Base -> Derived1 -> ... -> Derived27"
"Explain data structure concept 213","Data structures organize and store data efficiently for specific operations and access patterns"
"Edit distance between strings of length 15","DP: dp[i][j] = min cost to transform first i chars to first j chars"
"Explain data structure concept 326","Data structures organize and store data efficiently for specific operations and access patterns"
"Constructor with 18 parameters","MyClass(int p1, int p2, ..., int p18) : member1(p1), member2(p2), member18(p18) {}"
"Calculate factorial of 39 recursively","Base: if n==0 return 1; Recursive: return 39 * factorial(38)"
"When to use selection sort for 1000 elements?","Selection sort is optimal when considering space/time trade-offs for n=1000"
"Coin change problem with target 160","DP: ways[160] = sum of ways[160-coin] for each coin denomination"
"Convert infix to postfix with 34 operations","Use operator stack, output operands, pop operators based on precedence rules"
"Explain data structure concept 452","Data structures organize and store data efficiently for specific operations and access patterns"
"Explain data structure concept 264","Data structures organize and store data efficiently for specific operations and access patterns"
"Constructor with 12 parameters","MyClass(int p1, int p2, ..., int p12) : member1(p1), member2(p2), member12(p12) {}"
"Time complexity of quick sort for 5000 elements?","Quick sort: O(n log n) average case, O(n²) worst case for n=5000"
"How to merge in a singly linked list at position 28?","For merge operation: traverse to position 28, adjust next pointers accordingly, handle edge cases for head/tail"
"Handle stack overflow when size is 13","Check if current_size < max_capacity (13) before push operation"
"BFS traversal from node 19","Use queue: enqueue 19, dequeue, visit, enqueue unvisited neighbors"
"How to find middle in a singly linked list at position 20?","For find middle operation: traverse to position 20, adjust next pointers accordingly, handle edge cases for head/tail"
"Matrix chain multiplication with 17 matrices","DP: dp[i][j] = minimum scalar multiplications for matrices 17 to 18"
"How to find the sum of array elements from index 40 to 50?","Initialize sum=0, loop from index 40 to 50, add arr[j] to sum"
"Calculate power 20^2 recursively","Base: if power==0 return 1; Recursive: return 20 * power(20, 1)"
"Dijkstra's shortest path to node 5","Use priority queue, update distances to node 5, select minimum distance unvisited node"
"Delete node 13 from BST with two children","Find inorder successor of node 13, replace node value with successor, delete successor to maintain BST property."
"Check if tree is balanced with 6 nodes","For each node check if |height(left) - height(right)| <= 1"
"Dijkstra's shortest path to node 45","Use priority queue, update distances to node 45, select minimum distance unvisited node"
"Solve 0/1 knapsack with capacity 460","DP table: dp[i][w] = max value using first i items with weight limit 460"
"How to insert in a singly linked list at position 0?","Traverse to position 0, create new node, adjust next pointers: current->next = new_node->next, current = new_node. Handle head/tail edge cases."
"Explain data structure concept 278","Data structures organize and store data efficiently for specific operations and access patterns"
"How to dequeue from queue with 37 elements?","Check if empty, get front element, increment front index, decrease size, return element"
"Explain data structure concept 422","Data structures organize and store data efficiently for specific operations and access patterns"
"Handle empty list in operation 6","Check if head == nullptr before any operations, return appropriate value or error. Prevents null pointer dereference."
"Destructor for class with dynamic array of size 2","~MyClass() { delete[] arrayPtr; } to free 2-element array"
"Delete node 20 from BST with two children","Find inorder successor of node 20, replace node value with successor, delete successor to maintain BST property."
"Allocate array of 26 integers dynamically","int* arr = new int[26]; remember to use delete[] arr;"
"Validate array index 26 before access","Check if 0 <= 26 < size before accessing arr[26]"
"Find kth smallest element where k=34","Inorder traversal with counter, return when counter == 34"
"Time complexity of traversal in graph with 200 elements?","Traversal in graph: O(1), O(log n), O(n), or O(n²) depending on implementation"
"Find node with value 125 in BST","Start at root, if value == 125 return node, if 125 < node.value go left, else go right"
"Insert 130 into min heap","Add 130 at end, bubble up comparing with parent, swap if smaller"
"BFS traversal starting from node 10","Use queue: enqueue node 10, while queue not empty: dequeue, visit, enqueue unvisited neighbors"
"Explain data structure concept 179","Data structures organize and store data efficiently for specific operations and access patterns"
"Calculate height of tree with 9 levels","Recursively: if null return -1, else return 1 + max(height(left), height(right))"
"Find kth largest element using heap where k=34","Use min heap of size 34, insert elements, root is kth largest"
"Time complexity of merge sort for 10 elements?","Merge sort: O(n log n) all cases for n=10"
"What is ptr[15] equivalent to?","*(ptr + 15) - both access element at index 15"
"Remove element from list at position 2","Use erase() for list, specify iterator or key"
"Solve 0/1 knapsack with capacity 240","DP table: dp[i][w] = max value using first i items with weight limit 240"
"Dereference pointer at offset 31","*(ptr + 31) accesses value at 31 positions ahead"
"DFS traversal starting from vertex 45","Use stack or recursion: visit 45, mark visited, recurse on unvisited neighbors"
"Space complexity of radix sort with 20 items?","Radix sort requires O(1) or O(n) or O(log n) space depending on implementation"
"BFS traversal starting from node 43","Use queue: enqueue node 43, while queue not empty: dequeue, visit, enqueue unvisited neighbors"
"Print numbers from 1 to 34 using recursion","Base: if n<1 return; Recursive: print(n-1), print 34"
"What is the time complexity of accessing element at index 45?","O(1) - constant time for random access in arrays"
"Construct BST from array of 27 elements","Sort array, pick middle as root for 27 elements, recursively build left and right subtrees"
"Extract minimum from heap of size 10","Remove root, move last element to root, bubble down to maintain heap property"
"How do you declare an integer array of size 43 in C++?","int arr[43]; or int* arr = new int[43];"
"Insert 60 into min heap","Add 60 at end, bubble up comparing with parent, swap if smaller"
"Dereference pointer at offset 19","*(ptr + 19) accesses value at 19 positions ahead"
"Explain data structure concept 94","Data structures organize and store data efficiently for specific operations and access patterns"
"Copy constructor for class with 26 members","MyClass(const MyClass& other) : member1(other.member1), ... member26(other.member26) {}"
"Check if tree is balanced with 18 nodes","For each node check if |height(left) - height(right)| <= 1"
"Handle stack overflow when size is 18","Check if current_size < max_capacity (18) before push operation"
"What is ptr[1] equivalent to?","*(ptr + 1) - both access element at index 1"
"Quadratic probing starting at 28","Try positions 28, 28+1², 28+2², 28+3² until empty slot found"
"Find kth largest element using heap where k=48","Use min heap of size 48, insert elements, root is kth largest"
"Create class with 32 data members","class MyClass { private: int member1; int member2; ... int member32; };"
"Linear search for value 30 in unsorted array","Check each element sequentially until value 30 found or end reached"
"Tower of Hanoi with 13 disks","Move 12 disks to auxiliary, move disk 13 to destination, move 12 disks to destination"
"Search in rotated sorted array at rotation point 32","Find pivot using binary search, then binary search in appropriate half"
"Implement push operation for stack with capacity 131","Check if size < 131, if yes: stack[++top] = element, else throw overflow"
"Destructor for class with dynamic array of size 22","~MyClass() { delete[] arrayPtr; } to free 22-element array"
"Insert 180 into map","map.insert(180) or push syntax depending on container type"
"Linear search for value 28 in unsorted array","Check each element sequentially until value 28 found or end reached"
"How do you declare an integer array of size 47 in C++?","int arr[47]; or int* arr = new int[47];"
"Copy constructor for class with 49 members","MyClass(const MyClass& other) : member1(other.member1), ... member49(other.member49) {}"
"Open addressing with linear probing from index 32","If index 32 occupied, try 32+1, 32+2, ... until empty slot found"
"Extract minimum from heap of size 42","Remove root, move last element to root, bubble down to maintain heap property"
"Level order traversal at level 24","Use queue with level tracking, process nodes at level 24, enqueue children"
"Matrix chain multiplication with 35 matrices","DP: dp[i][j] = minimum scalar multiplications for matrices 35 to 36"
"Time complexity of merge in array with 200 elements?","Merge in array: O(1), O(log n), O(n), or O(n²) depending on implementation"
"Find kth smallest element where k=25","Inorder traversal with counter, return when counter == 25"
"Quadratic probing starting at 8","Try positions 8, 8+1², 8+2², 8+3² until empty slot found"
"Calculate factorial of 27 recursively","Base: if n==0 return 1; Recursive: return 27 * factorial(26)"
"Operator overloading for + with 45 members","MyClass operator+(const MyClass& other) { add corresponding members, return result }"
"Find kth smallest element where k=28","Inorder traversal with counter, return when counter == 28"
"Destructor for class with dynamic array of size 13","~MyClass() { delete[] arrayPtr; } to free 13-element array"
"Check if tree is balanced with 27 nodes","For each node check if |height(left) - height(right)| <= 1"
"Heapify array of 47 elements","Start from last non-leaf node, sift down each node to satisfy heap property"
"Check balanced parentheses in string of length 41","Use stack: push '(', '[', '{', pop for closing brackets, verify matching pairs"
"Implement circular queue with size 36","Use array[36], front and rear indices with modulo arithmetic: (rear+1)%36"
"Quadratic probing starting at 3","Try positions 3, 3+1², 3+2², 3+3² until empty slot found"
"Find strongly connected components in graph of size 39","Kosaraju's algorithm: DFS, transpose graph, DFS in finish time order"
"How to split in a singly linked list at position 26?","For split operation: traverse to position 26, adjust next pointers accordingly, handle edge cases for head/tail"
"Linear search for value 19 in unsorted array","Check each element sequentially until value 19 found or end reached"
"DFS traversal starting from vertex 36","Use stack or recursion: visit 36, mark visited, recurse on unvisited neighbors"
"Implement bubble sort for array size 500","Bubble sort algorithm with detailed steps for 500 elements"
"Insert value 190 in binary search tree","Compare 190 with node: if less go left, if greater go right, insert at null"
"Time complexity of merge in BST with 300 elements?","Merge in BST: O(1), O(log n), O(n), or O(n²) depending on implementation"
"Detect cycle in graph with 28 vertices","Use DFS with recursion stack or parent tracking for undirected graph"
"Inheritance hierarchy with 29 levels","29-level inheritance: Base -> Derived1 -> ... -> Derived28"
"Topological sort for DAG with 38 nodes","DFS-based: finish times order, or Kahn's algorithm with indegree for 38 nodes"
"How do you declare an integer array of size 21 in C++?","int arr[21]; or int* arr = new int[21];"
"Dijkstra's shortest path to node 19","Use priority queue, update distances to node 19, select minimum distance unvisited node"
"Open addressing with linear probing from index 19","If index 19 occupied, try 19+1, 19+2, ... until empty slot found"
"Validate array index 20 before access","Check if 0 <= 20 < size before accessing arr[20]"
"What is ptr[31] equivalent to?","*(ptr + 31) - both access element at index 31"
"Remove element from list at position 0","Use erase() for list, specify iterator or key"
"Delete node 46 from BST with two children","Find inorder successor of node 46, replace node value with successor, delete successor to maintain BST property."
"Quadratic probing starting at 48","Try positions 48, 48+1², 48+2², 48+3² until empty slot found"
"Binary search in sorted array of 115 elements","Divide array of 115 in half each iteration, O(log 115) time"
"Remove element from list at position 19","Use erase() for list, specify iterator or key"
"Explain data structure concept 252","Data structures organize and store data efficiently for specific operations and access patterns"
"Validate array index 13 before access","Check if 0 <= 13 < size before accessing arr[13]"
"BFS traversal starting from node 25","Use queue: enqueue node 25, while queue not empty: dequeue, visit, enqueue unvisited neighbors"
"Explain data structure concept 383","Data structures organize and store data efficiently for specific operations and access patterns"
"Operator overloading for + with 17 members","MyClass operator+(const MyClass& other) { add corresponding members, return result }"
"Delete node 18 from BST with two children","Find inorder successor of node 18, replace node value with successor, delete successor to maintain BST property."
"Time complexity of traversal in hash table with 200 elements?","Traversal in hash table: O(1), O(log n), O(n), or O(n²) depending on implementation"
"Allocate array of 9 integers dynamically","int* arr = new int[9]; remember to use delete[] arr;"
"Explain data structure concept 378","Data structures organize and store data efficiently for specific operations and access patterns"
"Remove element from deque at position 16","Use erase() for deque, specify iterator or key"
"Calculate power 23^2 recursively","Base: if power==0 return 1; Recursive: return 23 * power(23, 1)"
"Implement array search for value 200","Iterate through array comparing each element with target value, return index if found"
"Evaluate expression with 4 operators using stack","Push operands to stack, for each operator pop required operands, compute and push result"
"How to search in a singly linked list at position 7?","Traverse list from head, compare each node's data with target, return true if found at position 7, false otherwise."
"Delete node 8 from BST with two children","Find inorder successor of node 8, replace node value with successor, delete successor to maintain BST property."
"Validate array index 17 before access","Check if 0 <= 17 < size before accessing arr[17]"
"Implement array search for value 270","Iterate through array comparing each element with target value, return index if found"
"Destructor for class with dynamic array of size 27","~MyClass() { delete[] arrayPtr; } to free 27-element array"
"Calculate height of tree with 25 levels","Recursively: if null return -1, else return 1 + max(height(left), height(right))"
"Longest increasing subsequence ending at index 13","DP: dp[13] = max length of LIS ending at position 13"
"Time complexity of split in hash table with 100 elements?","Split in hash table: O(1), O(log n), O(n), or O(n²) depending on implementation"
"Time complexity of split in hash table with 200 elements?","Split in hash table: O(1), O(log n), O(n), or O(n²) depending on implementation"
"BFS traversal from node 18","Use queue: enqueue 18, dequeue, visit, enqueue unvisited neighbors"
"Check if tree is balanced with 49 nodes","For each node check if |height(left) - height(right)| <= 1"
"Implement priority queue for 11 elements","Use heap or sorted list, elements with higher priority dequeued first"
"Detect cycle in graph with 48 vertices","Use DFS with recursion stack or parent tracking for undirected graph"
"Find first occurrence of 3 in sorted array","Binary search with left bias, continue searching left when target found"
"Open addressing with linear probing from index 40","If index 40 occupied, try 40+1, 40+2, ... until empty slot found"
"Check if tree is balanced with 8 nodes","For each node check if |height(left) - height(right)| <= 1"
"How do you declare an integer array of size 39 in C++?","int arr[39]; or int* arr = new int[39];"
"Destructor for class with dynamic array of size 14","~MyClass() { delete[] arrayPtr; } to free 14-element array"
"How to detect cycle in a singly linked list at position 0?","For detect cycle operation: traverse to position 0, adjust next pointers accordingly, handle edge cases for head/tail"
"How do you declare an integer array of size 30 in C++?","int arr[30]; or int* arr = new int[30];"
"Calculate power 13^2 recursively","Base: if power==0 return 1; Recursive: return 13 * power(13, 1)"
"Declare pointer to integer with value 46","int* ptr = new int(46); allocates integer on heap with value 46"
"Check balanced parentheses in string of length 19","Use stack: push '(', '[', '{', pop for closing brackets, verify matching pairs"
"Handle stack overflow when size is 24","Check if current_size < max_capacity (24) before push operation"
"Destructor for class with dynamic array of size 19","~MyClass() { delete[] arrayPtr; } to free 19-element array"
"Allocate array of 5 integers dynamically","int* arr = new int[5]; remember to use delete[] arr;"
"Calculate power 7^2 recursively","Base: if power==0 return 1; Recursive: return 7 * power(7, 1)"
"Remove element from deque at position 2","Use erase() for deque, specify iterator or key"
"Binary search in sorted array of 125 elements","Divide array of 125 in half each iteration, O(log 125) time"
"Dijkstra's shortest path to node 33","Use priority queue, update distances to node 33, select minimum distance unvisited node"
"Linear search for value 38 in unsorted array","Check each element sequentially until value 38 found or end reached"
"BFS traversal starting from node 31","Use queue: enqueue node 31, while queue not empty: dequeue, visit, enqueue unvisited neighbors"
"Explain data structure concept 263","Data structures organize and store data efficiently for specific operations and access patterns"
"BFS traversal from node 42","Use queue: enqueue 42, dequeue, visit, enqueue unvisited neighbors"
"Calculate height of tree with 11 levels","Recursively: if null return -1, else return 1 + max(height(left), height(right))"
"Longest common subsequence of length 26","DP: LCS[i][j] = 1 + LCS[i-1][j-1] if match, else max(LCS[i-1][j], LCS[i][j-1])"
"Constructor with 40 parameters","MyClass(int p1, int p2, ..., int p40) : member1(p1), member2(p2), member40(p40) {}"
"How to dequeue from queue with 22 elements?","Check if empty, get front element, increment front index, decrease size, return element"
"BFS traversal starting from node 47","Use queue: enqueue node 47, while queue not empty: dequeue, visit, enqueue unvisited neighbors"
"How to find middle in a singly linked list at position 3?","For find middle operation: traverse to position 3, adjust next pointers accordingly, handle edge cases for head/tail"
"Explain data structure concept 243","Data structures organize and store data efficiently for specific operations and access patterns"
"Convert infix to postfix with 39 operations","Use operator stack, output operands, pop operators based on precedence rules"
"Edit distance between strings of length 4","DP: dp[i][j] = min cost to transform first i chars to first j chars"
"Detect cycle in graph with 13 vertices","Use DFS with recursion stack or parent tracking for undirected graph"
"Linear search for value 21 in unsorted array","Check each element sequentially until value 21 found or end reached"
"Check if tree is balanced with 14 nodes","For each node check if |height(left) - height(right)| <= 1"
"Find kth largest element using heap where k=41","Use min heap of size 41, insert elements, root is kth largest"
"Space complexity of insertion sort with 100 items?","Insertion sort requires O(1) or O(n) or O(log n) space depending on implementation"
"Sum of first 34 natural numbers recursively","Base: if n==0 return 0; Recursive: return 34 + sum(33)"
"Explain data structure concept 283","Data structures organize and store data efficiently for specific operations and access patterns"
"When to use merge sort for 100 elements?","Merge sort is optimal when considering space/time trade-offs for n=100"
"How to split in a singly linked list at position 19?","For split operation: traverse to position 19, adjust next pointers accordingly, handle edge cases for head/tail"
"Explain data structure concept 370","Data structures organize and store data efficiently for specific operations and access patterns"
"Construct BST from array of 38 elements","Sort array, pick middle as root for 38 elements, recursively build left and right subtrees"
"Convert infix to postfix with 35 operations","Use operator stack, output operands, pop operators based on precedence rules"
"Check if tree is balanced with 39 nodes","For each node check if |height(left) - height(right)| <= 1"
"How to delete in a singly linked list at position 8?","Traverse to position 8-1, adjust pointers to skip node: prev->next = current->next, delete current. Handle head/tail cases."
"Level order traversal at level 48","Use queue with level tracking, process nodes at level 48, enqueue children"
"Double hashing with secondary hash for key 15","hash2(15) gives step size, probe at 15, 15+hash2, 15+2*hash2, ..."
"Check balanced parentheses in string of length 17","Use stack: push '(', '[', '{', pop for closing brackets, verify matching pairs"
"Copy constructor for class with 28 members","MyClass(const MyClass& other) : member1(other.member1), ... member28(other.member28) {}"
"When to use counting sort for 1000 elements?","Counting sort is optimal when considering space/time trade-offs for n=1000"
"Quadratic probing starting at 43","Try positions 43, 43+1², 43+2², 43+3² until empty slot found"
"Insert 70 into multiset","multiset.insert(70) or push syntax depending on container type"
"How to find middle in a singly linked list at position 7?","For find middle operation: traverse to position 7, adjust next pointers accordingly, handle edge cases for head/tail"
"Construct BST from array of 42 elements","Sort array, pick middle as root for 42 elements, recursively build left and right subtrees"
"Matrix chain multiplication with 34 matrices","DP: dp[i][j] = minimum scalar multiplications for matrices 34 to 35"
"Create class with 24 data members","class MyClass { private: int member1; int member2; ... int member24; };"
"Time complexity of insertion in graph with 100 elements?","Insertion in graph: O(1), O(log n), O(n), or O(n²) depending on implementation"
"Calculate power 30^2 recursively","Base: if power==0 return 1; Recursive: return 30 * power(30, 1)"
"Allocate array of 8 integers dynamically","int* arr = new int[8]; remember to use delete[] arr;"
"Time complexity of split in linked list with 400 elements?","Split in linked list: O(1), O(log n), O(n), or O(n²) depending on implementation"
"Constructor with 11 parameters","MyClass(int p1, int p2, ..., int p11) : member1(p1), member2(p2), member11(p11) {}"
"Convert infix to postfix with 14 operations","Use operator stack, output operands, pop operators based on precedence rules"
"How to find the sum of array elements from index 47 to 57?","Initialize sum=0, loop from index 47 to 57, add arr[j] to sum"
"Calculate height of tree with 33 levels","Recursively: if null return -1, else return 1 + max(height(left), height(right))"
"Fibonacci number at position 31","Base: if n<=1 return n; Recursive: return fib(30) + fib(29)"
"Find first occurrence of 14 in sorted array","Binary search with left bias, continue searching left when target found"
"Matrix chain multiplication with 36 matrices","DP: dp[i][j] = minimum scalar multiplications for matrices 36 to 37"
"Solve 0/1 knapsack with capacity 130","DP table: dp[i][w] = max value using first i items with weight limit 130"
"Tower of Hanoi with 49 disks","Move 48 disks to auxiliary, move disk 49 to destination, move 48 disks to destination"
"Array of 35 pointers","int* arr[35]; declares array of 35 integer pointers"
"Print numbers from 1 to 37 using recursion","Base: if n<1 return; Recursive: print(n-1), print 37"
"Explain data structure concept 232","Data structures organize and store data efficiently for specific operations and access patterns"
"Prevent memory leak in class destructor 41","Delete all dynamically allocated memory in destructor, set pointers to nullptr"
"How do you declare an integer array of size 28 in C++?","int arr[28]; or int* arr = new int[28];"
"Edit distance between strings of length 31","DP: dp[i][j] = min cost to transform first i chars to first j chars"
"Time complexity of traversal in array with 300 elements?","Traversal in array: O(1), O(log n), O(n), or O(n²) depending on implementation"
"Time complexity of insertion in BST with 100 elements?","Insertion in BST: O(1), O(log n), O(n), or O(n²) depending on implementation"
"Time complexity of insertion in array with 100 elements?","Insertion in array: O(1), O(log n), O(n), or O(n²) depending on implementation"
"Explain data structure concept 108","Data structures organize and store data efficiently for specific operations and access patterns"
"Find strongly connected components in graph of size 42","Kosaraju's algorithm: DFS, transpose graph, DFS in finish time order"
"Linear search for value 49 in unsorted array","Check each element sequentially until value 49 found or end reached"
"Binary search in sorted array of 145 elements","Divide array of 145 in half each iteration, O(log 145) time"
"How to find the sum of array elements from index 28 to 38?","Initialize sum=0, loop from index 28 to 38, add arr[j] to sum"
"Extract minimum from heap of size 36","Remove root, move last element to root, bubble down to maintain heap property"
"Explain data structure concept 154","Data structures organize and store data efficiently for specific operations and access patterns"
"Construct BST from array of 48 elements","Sort array, pick middle as root for 48 elements, recursively build left and right subtrees"
"Implement array search for value 180","Iterate through array comparing each element with target value, return index if found"
"Time complexity of split in BST with 400 elements?","Split in BST: O(1), O(log n), O(n), or O(n²) depending on implementation"
"Calculate height of tree with 45 levels","Recursively: if null return -1, else return 1 + max(height(left), height(right))"
"Explain data structure concept 392","Data structures organize and store data efficiently for specific operations and access patterns"
"Prevent memory leak in class destructor 49","Delete all dynamically allocated memory in destructor, set pointers to nullptr"
"Remove element from vector at position 10","Use erase() for vector, specify iterator or key"
"Constructor with 25 parameters","MyClass(int p1, int p2, ..., int p25) : member1(p1), member2(p2), member25(p25) {}"
"Insert 350 into min heap","Add 350 at end, bubble up comparing with parent, swap if smaller"
"Insert 110 into list","list.insert(110) or push syntax depending on container type"
"Calculate power 41^2 recursively","Base: if power==0 return 1; Recursive: return 41 * power(41, 1)"
"Declare pointer to integer with value 26","int* ptr = new int(26); allocates integer on heap with value 26"
"Coin change problem with target 135","DP: ways[135] = sum of ways[135-coin] for each coin denomination"
"Evaluate expression with 28 operators using stack","Push operands to stack, for each operator pop required operands, compute and push result"
"Quadratic probing starting at 49","Try positions 49, 49+1², 49+2², 49+3² until empty slot found"
"Operator overloading for + with 2 members","MyClass operator+(const MyClass& other) { add corresponding members, return result }"
"Convert infix to postfix with 36 operations","Use operator stack, output operands, pop operators based on precedence rules"
"Explain data structure concept 33","Data structures organize and store data efficiently for specific operations and access patterns"
"Tower of Hanoi with 24 disks","Move 23 disks to auxiliary, move disk 24 to destination, move 23 disks to destination"
"Coin change problem with target 190","DP: ways[190] = sum of ways[190-coin] for each coin denomination"
"Find kth smallest element where k=38","Inorder traversal with counter, return when counter == 38"
"Explain data structure concept 365","Data structures organize and store data efficiently for specific operations and access patterns"
"Explain data structure concept 194","Data structures organize and store data efficiently for specific operations and access patterns"
"Time complexity of merge sort for 500 elements?","Merge sort: O(n log n) all cases for n=500"
"Check if tree is balanced with 20 nodes","For each node check if |height(left) - height(right)| <= 1"
"Time complexity of search in BST with 100 elements?","Search in BST: O(1), O(log n), O(n), or O(n²) depending on implementation"
"Double hashing with secondary hash for key 45","hash2(45) gives step size, probe at 45, 45+hash2, 45+2*hash2, ..."
"Heapify array of 2 elements","Start from last non-leaf node, sift down each node to satisfy heap property"
"Time complexity of counting sort for 500 elements?","Counting sort: O(n+k) time complexity for n=500 elements"
"Implement priority queue for 47 elements","Use heap or sorted list, elements with higher priority dequeued first"
"Declare pointer to integer with value 33","int* ptr = new int(33); allocates integer on heap with value 33"
"Pointer arithmetic: ptr + 21","Moves pointer forward by 21 * sizeof(type) bytes"
"Explain data structure concept 387","Data structures organize and store data efficiently for specific operations and access patterns"
"Dereference pointer at offset 45","*(ptr + 45) accesses value at 45 positions ahead"
"Explain data structure concept 158","Data structures organize and store data efficiently for specific operations and access patterns"
"Operator overloading for + with 26 members","MyClass operator+(const MyClass& other) { add corresponding members, return result }"
"Find first occurrence of 7 in sorted array","Binary search with left bias, continue searching left when target found"
"Explain data structure concept 337","Data structures organize and store data efficiently for specific operations and access patterns"
"Time complexity of sort in heap with 200 elements?","Sort in heap: O(1), O(log n), O(n), or O(n²) depending on implementation"
"Explain data structure concept 420","Data structures organize and store data efficiently for specific operations and access patterns"
"Print numbers from 1 to 3 using recursion","Base: if n<1 return; Recursive: print(n-1), print 3"
"Construct BST from array of 20 elements","Sort array, pick middle as root for 20 elements, recursively build left and right subtrees"
"Array of 26 pointers","int* arr[26]; declares array of 26 integer pointers"
"Quadratic probing starting at 19","Try positions 19, 19+1², 19+2², 19+3² until empty slot found"
"Insert 150 into multiset","multiset.insert(150) or push syntax depending on container type"
"How do you declare an integer array of size 12 in C++?","int arr[12]; or int* arr = new int[12];"
"Hash function for key 3700","Simple: 3700 % table_size, or multiply by prime and mod by table size"
"What is ptr[6] equivalent to?","*(ptr + 6) - both access element at index 6"
"How to detect cycle in a singly linked list at position 22?","For detect cycle operation: traverse to position 22, adjust next pointers accordingly, handle edge cases for head/tail"
"Constructor with 30 parameters","MyClass(int p1, int p2, ..., int p30) : member1(p1), member2(p2), member30(p30) {}"
"Declare pointer to integer with value 28","int* ptr = new int(28); allocates integer on heap with value 28"
"Explain data structure concept 58","Data structures organize and store data efficiently for specific operations and access patterns"
"Time complexity of sort in heap with 300 elements?","Sort in heap: O(1), O(log n), O(n), or O(n²) depending on implementation"
"Space complexity of insertion sort with 500 items?","Insertion sort requires O(1) or O(n) or O(log n) space depending on implementation"
"Check balanced parentheses in string of length 56","Use stack: push '(', '[', '{', pop for closing brackets, verify matching pairs"
"Pointer arithmetic: ptr + 15","Moves pointer forward by 15 * sizeof(type) bytes"
"Solve 0/1 knapsack with capacity 150","DP table: dp[i][w] = max value using first i items with weight limit 150"
"Time complexity of search in queue with 500 elements?","Search in queue: O(1), O(log n), O(n), or O(n²) depending on implementation"
"Edit distance between strings of length 44","DP: dp[i][j] = min cost to transform first i chars to first j chars"
"Heapify array of 38 elements","Start from last non-leaf node, sift down each node to satisfy heap property"
"Calculate factorial of 4 recursively","Base: if n==0 return 1; Recursive: return 4 * factorial(3)"
"Implement array search for value 140","Iterate through array comparing each element with target value, return index if found"
"Topological sort for DAG with 40 nodes","DFS-based: finish times order, or Kahn's algorithm with indegree for 40 nodes"
"Copy constructor for class with 29 members","MyClass(const MyClass& other) : member1(other.member1), ... member29(other.member29) {}"
"Implement quick sort for array size 10","Quick sort algorithm with detailed steps for 10 elements"
"Explain data structure concept 174","Data structures organize and store data efficiently for specific operations and access patterns"
"Find first occurrence of 4 in sorted array","Binary search with left bias, continue searching left when target found"
"Construct BST from array of 16 elements","Sort array, pick middle as root for 16 elements, recursively build left and right subtrees"
"Longest common subsequence of length 30","DP: LCS[i][j] = 1 + LCS[i-1][j-1] if match, else max(LCS[i-1][j], LCS[i][j-1])"
"Create class with 25 data members","class MyClass { private: int member1; int member2; ... int member25; };"
"How to search in a singly linked list at position 19?","Traverse list from head, compare each node's data with target, return true if found at position 19, false otherwise."
"Quadratic probing starting at 4","Try positions 4, 4+1², 4+2², 4+3² until empty slot found"
"Allocate array of 25 integers dynamically","int* arr = new int[25]; remember to use delete[] arr;"
"Time complexity of deletion in heap with 200 elements?","Deletion in heap: O(1), O(log n), O(n), or O(n²) depending on implementation"
"Handle collision at index 47 using chaining","Linked list at index 47, insert colliding element at list head or tail"
"BFS traversal starting from node 19","Use queue: enqueue node 19, while queue not empty: dequeue, visit, enqueue unvisited neighbors"
"Explain data structure concept 262","Data structures organize and store data efficiently for specific operations and access patterns"
"Explain data structure concept 353","Data structures organize and store data efficiently for specific operations and access patterns"
"Time complexity of split in heap with 400 elements?","Split in heap: O(1), O(log n), O(n), or O(n²) depending on implementation"
"Time complexity of deletion in array with 100 elements?","Deletion in array: O(1), O(log n), O(n), or O(n²) depending on implementation"
"How to find the sum of array elements from index 3 to 13?","Initialize sum=0, loop from index 3 to 13, add arr[j] to sum"
"Validate array index 30 before access","Check if 0 <= 30 < size before accessing arr[30]"
"Detect cycle in graph with 2 vertices","Use DFS with recursion stack or parent tracking for undirected graph"
"How to delete in a singly linked list at position 9?","Traverse to position 9-1, adjust pointers to skip node: prev->next = current->next, delete current. Handle head/tail cases."
"Check if tree is balanced with 26 nodes","For each node check if |height(left) - height(right)| <= 1"
"Construct BST from array of 46 elements","Sort array, pick middle as root for 46 elements, recursively build left and right subtrees"
"Explain data structure concept 21","Data structures organize and store data efficiently for specific operations and access patterns"
"When to use insertion sort for 100 elements?","Insertion sort is optimal when considering space/time trade-offs for n=100"
"Heapify array of 33 elements","Start from last non-leaf node, sift down each node to satisfy heap property"
"Find first occurrence of 12 in sorted array","Binary search with left bias, continue searching left when target found"
"Fibonacci number at position 46","Base: if n<=1 return n; Recursive: return fib(45) + fib(44)"
"Insert 10 into map","map.insert(10) or push syntax depending on container type"
"BFS traversal starting from node 7","Use queue: enqueue node 7, while queue not empty: dequeue, visit, enqueue unvisited neighbors"
"Explain data structure concept 436","Data structures organize and store data efficiently for specific operations and access patterns"
"Insert value 50 in binary search tree","Compare 50 with node: if less go left, if greater go right, insert at null"
"Find kth largest element using heap where k=50","Use min heap of size 50, insert elements, root is kth largest"
"Open addressing with linear probing from index 45","If index 45 occupied, try 45+1, 45+2, ... until empty slot found"
"Dereference pointer at offset 5","*(ptr + 5) accesses value at 5 positions ahead"
"Search in rotated sorted array at rotation point 17","Find pivot using binary search, then binary search in appropriate half"
"How to traverse in a singly linked list at position 22?","Start at head, follow next pointers until reaching position 22: for(i=0; i<22; i++) current = current->next."
"Detect cycle in graph with 5 vertices","Use DFS with recursion stack or parent tracking for undirected graph"
"Explain data structure concept 135","Data structures organize and store data efficiently for specific operations and access patterns"
"Delete node 41 from BST with two children","Find inorder successor of node 41, replace node value with successor, delete successor to maintain BST property."
"BFS traversal from node 28","Use queue: enqueue 28, dequeue, visit, enqueue unvisited neighbors"
"Explain data structure concept 307","Data structures organize and store data efficiently for specific operations and access patterns"
"Matrix chain multiplication with 11 matrices","DP: dp[i][j] = minimum scalar multiplications for matrices 11 to 12"
"Implement push operation for stack with capacity 147","Check if size < 147, if yes: stack[++top] = element, else throw overflow"
"BFS traversal from node 27","Use queue: enqueue 27, dequeue, visit, enqueue unvisited neighbors"
"Fibonacci number at position 33","Base: if n<=1 return n; Recursive: return fib(32) + fib(31)"
"Topological sort for DAG with 45 nodes","DFS-based: finish times order, or Kahn's algorithm with indegree for 45 nodes"
"Dijkstra's shortest path to node 29","Use priority queue, update distances to node 29, select minimum distance unvisited node"
"Evaluate expression with 8 operators using stack","Push operands to stack, for each operator pop required operands, compute and push result"
"Tower of Hanoi with 15 disks","Move 14 disks to auxiliary, move disk 15 to destination, move 14 disks to destination"
"Insert 30 into multimap","multimap.insert(30) or push syntax depending on container type"
"Calculate power 36^2 recursively","Base: if power==0 return 1; Recursive: return 36 * power(36, 1)"
"Dereference pointer at offset 36","*(ptr + 36) accesses value at 36 positions ahead"
"Fibonacci number at position 17","Base: if n<=1 return n; Recursive: return fib(16) + fib(15)"
"Double hashing with secondary hash for key 8","hash2(8) gives step size, probe at 8, 8+hash2, 8+2*hash2, ..."
"Insert 80 into set","set.insert(80) or push syntax depending on container type"
"Construct BST from array of 4 elements","Sort array, pick middle as root for 4 elements, recursively build left and right subtrees"
"Topological sort for DAG with 13 nodes","DFS-based: finish times order, or Kahn's algorithm with indegree for 13 nodes"
"Find strongly connected components in graph of size 13","Kosaraju's algorithm: DFS, transpose graph, DFS in finish time order"
"Inheritance hierarchy with 32 levels","32-level inheritance: Base -> Derived1 -> ... -> Derived31"
"How to find the sum of array elements from index 35 to 45?","Initialize sum=0, loop from index 35 to 45, add arr[j] to sum"
"Dijkstra's shortest path to node 27","Use priority queue, update distances to node 27, select minimum distance unvisited node"
"Convert infix to postfix with 23 operations","Use operator stack, output operands, pop operators based on precedence rules"
"Matrix chain multiplication with 33 matrices","DP: dp[i][j] = minimum scalar multiplications for matrices 33 to 34"
"Handle collision at index 32 using chaining","Linked list at index 32, insert colliding element at list head or tail"
"Time complexity of insertion in BST with 400 elements?","Insertion in BST: O(1), O(log n), O(n), or O(n²) depending on implementation"
"Implement selection sort for array size 10000","Selection sort algorithm with detailed steps for 10000 elements"
"Implement circular queue with size 60","Use array[60], front and rear indices with modulo arithmetic: (rear+1)%60"
"Topological sort for DAG with 14 nodes","DFS-based: finish times order, or Kahn's algorithm with indegree for 14 nodes"
"How to merge in a singly linked list at position 27?","For merge operation: traverse to position 27, adjust next pointers accordingly, handle edge cases for head/tail"
"Destructor for class with dynamic array of size 42","~MyClass() { delete[] arrayPtr; } to free 42-element array"
"How to insert in a singly linked list at position 7?","Traverse to position 7, create new node, adjust next pointers: current->next = new_node->next, current = new_node. Handle head/tail edge cases."
"Insert 200 into min heap","Add 200 at end, bubble up comparing with parent, swap if smaller"
"Time complexity of traversal in hash table with 400 elements?","Traversal in hash table: O(1), O(log n), O(n), or O(n²) depending on implementation"
"Heapify array of 18 elements","Start from last non-leaf node, sift down each node to satisfy heap property"
"Handle collision at index 6 using chaining","Linked list at index 6, insert colliding element at list head or tail"
"Find kth smallest element where k=2","Inorder traversal with counter, return when counter == 2"
"Time complexity of merge in hash table with 300 elements?","Merge in hash table: O(1), O(log n), O(n), or O(n²) depending on implementation"
"Time complexity of deletion in linked list with 500 elements?","Deletion in linked list: O(1), O(log n), O(n), or O(n²) depending on implementation"
"Remove element from map at position 0","Use erase() for map, specify iterator or key"
"Check if tree is balanced with 33 nodes","For each node check if |height(left) - height(right)| <= 1"
"Matrix chain multiplication with 39 matrices","DP: dp[i][j] = minimum scalar multiplications for matrices 39 to 40"
"BFS traversal from node 17","Use queue: enqueue 17, dequeue, visit, enqueue unvisited neighbors"
"Check if tree is balanced with 29 nodes","For each node check if |height(left) - height(right)| <= 1"
"Explain data structure concept 442","Data structures organize and store data efficiently for specific operations and access patterns"
"Explain data structure concept 440","Data structures organize and store data efficiently for specific operations and access patterns"
"Time complexity of sort in array with 300 elements?","Sort in array: O(1), O(log n), O(n), or O(n²) depending on implementation"
"Matrix chain multiplication with 8 matrices","DP: dp[i][j] = minimum scalar multiplications for matrices 8 to 9"
"When to use radix sort for 100 elements?","Radix sort is optimal when considering space/time trade-offs for n=100"
"Implement priority queue for 34 elements","Use heap or sorted list, elements with higher priority dequeued first"
"Insert 160 into vector","vector.insert(160) or push syntax depending on container type"
"Insert 130 into map","map.insert(130) or push syntax depending on container type"
"Longest increasing subsequence ending at index 25","DP: dp[25] = max length of LIS ending at position 25"
"Implement heap sort for array size 1000","Heap sort algorithm with detailed steps for 1000 elements"
"Edit distance between strings of length 32","DP: dp[i][j] = min cost to transform first i chars to first j chars"
"Copy constructor for class with 43 members","MyClass(const MyClass& other) : member1(other.member1), ... member43(other.member43) {}"
"Double hashing with secondary hash for key 2","hash2(2) gives step size, probe at 2, 2+hash2, 2+2*hash2, ..."
"Find kth smallest element where k=44","Inorder traversal with counter, return when counter == 44"
"Insert 190 into map","map.insert(190) or push syntax depending on container type"
"Insert 110 into multiset","multiset.insert(110) or push syntax depending on container type"
"Topological sort for DAG with 19 nodes","DFS-based: finish times order, or Kahn's algorithm with indegree for 19 nodes"
"Insert 100 into map","map.insert(100) or push syntax depending on container type"
"Quadratic probing starting at 11","Try positions 11, 11+1², 11+2², 11+3² until empty slot found"
"Quadratic probing starting at 18","Try positions 18, 18+1², 18+2², 18+3² until empty slot found"
"Insert 180 into min heap","Add 180 at end, bubble up comparing with parent, swap if smaller"
"How do you declare an integer array of size 53 in C++?","int arr[53]; or int* arr = new int[53];"
"Explain data structure concept 138","Data structures organize and store data efficiently for specific operations and access patterns"
"How to dequeue from queue with 29 elements?","Check if empty, get front element, increment front index, decrease size, return element"
"Handle collision at index 48 using chaining","Linked list at index 48, insert colliding element at list head or tail"
"Explain data structure concept 401","Data structures organize and store data efficiently for specific operations and access patterns"
"Sum of first 50 natural numbers recursively","Base: if n==0 return 0; Recursive: return 50 + sum(49)"
"Time complexity of radix sort for 100 elements?","Radix sort: O(n+k) time complexity for n=100 elements"
"Convert infix to postfix with 37 operations","Use operator stack, output operands, pop operators based on precedence rules"
"Linear search for value 16 in unsorted array","Check each element sequentially until value 16 found or end reached"
"What is ptr[10] equivalent to?","*(ptr + 10) - both access element at index 10"
"How to find middle in a singly linked list at position 15?","For find middle operation: traverse to position 15, adjust next pointers accordingly, handle edge cases for head/tail"
"Time complexity of traversal in linked list with 300 elements?","Traversal in linked list: O(1), O(log n), O(n), or O(n²) depending on implementation"
"Dijkstra's shortest path to node 25","Use priority queue, update distances to node 25, select minimum distance unvisited node"
"Implement priority queue for 46 elements","Use heap or sorted list, elements with higher priority dequeued first"
"Calculate height of tree with 23 levels","Recursively: if null return -1, else return 1 + max(height(left), height(right))"
"Insert value 370 in binary search tree","Compare 370 with node: if less go left, if greater go right, insert at null"
"Array of 11 pointers","int* arr[11]; declares array of 11 integer pointers"
"How to merge in a singly linked list at position 7?","For merge operation: traverse to position 7, adjust next pointers accordingly, handle edge cases for head/tail"
"Inheritance hierarchy with 13 levels","13-level inheritance: Base -> Derived1 -> ... -> Derived12"
"Sum of first 48 natural numbers recursively","Base: if n==0 return 0; Recursive: return 48 + sum(47)"
"Handle collision at index 41 using chaining","Linked list at index 41, insert colliding element at list head or tail"
"Delete node 7 from BST with two children","Find inorder successor of node 7, replace node value with successor, delete successor to maintain BST property."
"Insert 140 into vector","vector.insert(140) or push syntax depending on container type"
"Solve 0/1 knapsack with capacity 60","DP table: dp[i][w] = max value using first i items with weight limit 60"
"Time complexity of sort in hash table with 300 elements?","Sort in hash table: O(1), O(log n), O(n), or O(n²) depending on implementation"
"Remove element from vector at position 11","Use erase() for vector, specify iterator or key"
"Handle empty list in operation 43","Check if head == nullptr before any operations, return appropriate value or error. Prevents null pointer dereference."
"Matrix chain multiplication with 16 matrices","DP: dp[i][j] = minimum scalar multiplications for matrices 16 to 17"
"Remove element from list at position 6","Use erase() for list, specify iterator or key"
"Handle empty list in operation 33","Check if head == nullptr before any operations, return appropriate value or error. Prevents null pointer dereference."
"Calculate power 48^2 recursively","Base: if power==0 return 1; Recursive: return 48 * power(48, 1)"
"Check balanced parentheses in string of length 58","Use stack: push '(', '[', '{', pop for closing brackets, verify matching pairs"
"Check balanced parentheses in string of length 30","Use stack: push '(', '[', '{', pop for closing brackets, verify matching pairs"
"Explain data structure concept 439","Data structures organize and store data efficiently for specific operations and access patterns"
"Longest increasing subsequence ending at index 28","DP: dp[28] = max length of LIS ending at position 28"
"How to traverse in a singly linked list at position 16?","Start at head, follow next pointers until reaching position 16: for(i=0; i<16; i++) current = current->next."
"Time complexity of sort in hash table with 200 elements?","Sort in hash table: O(1), O(log n), O(n), or O(n²) depending on implementation"
"Destructor for class with dynamic array of size 41","~MyClass() { delete[] arrayPtr; } to free 41-element array"
"Destructor for class with dynamic array of size 40","~MyClass() { delete[] arrayPtr; } to free 40-element array"
"Heapify array of 7 elements","Start from last non-leaf node, sift down each node to satisfy heap property"
"Calculate power 18^2 recursively","Base: if power==0 return 1; Recursive: return 18 * power(18, 1)"
"Inheritance hierarchy with 2 levels","2-level inheritance: Base -> Derived1 -> ... -> Derived1"
"Time complexity of traversal in stack with 300 elements?","Traversal in stack: O(1), O(log n), O(n), or O(n²) depending on implementation"
"Time complexity of merge in queue with 200 elements?","Merge in queue: O(1), O(log n), O(n), or O(n²) depending on implementation"
"Insert 260 into min heap","Add 260 at end, bubble up comparing with parent, swap if smaller"
"Find node with value 20 in BST","Start at root, if value == 20 return node, if 20 < node.value go left, else go right"
"Dereference pointer at offset 33","*(ptr + 33) accesses value at 33 positions ahead"
"Extract minimum from heap of size 48","Remove root, move last element to root, bubble down to maintain heap property"
"Longest common subsequence of length 44","DP: LCS[i][j] = 1 + LCS[i-1][j-1] if match, else max(LCS[i-1][j], LCS[i][j-1])"
"Check if tree is balanced with 4 nodes","For each node check if |height(left) - height(right)| <= 1"
"Inheritance hierarchy with 20 levels","20-level inheritance: Base -> Derived1 -> ... -> Derived19"
"Implement push operation for stack with capacity 106","Check if size < 106, if yes: stack[++top] = element, else throw overflow"
"Implement priority queue for 17 elements","Use heap or sorted list, elements with higher priority dequeued first"
"Remove element from multiset at position 5","Use erase() for multiset, specify iterator or key"
"Open addressing with linear probing from index 36","If index 36 occupied, try 36+1, 36+2, ... until empty slot found"
"Hash function for key 100","Simple: 100 % table_size, or multiply by prime and mod by table size"
"Dereference pointer at offset 35","*(ptr + 35) accesses value at 35 positions ahead"
"Time complexity of merge in queue with 300 elements?","Merge in queue: O(1), O(log n), O(n), or O(n²) depending on implementation"
"Explain data structure concept 192","Data structures organize and store data efficiently for specific operations and access patterns"
"Implement array search for value 280","Iterate through array comparing each element with target value, return index if found"
"Copy constructor for class with 32 members","MyClass(const MyClass& other) : member1(other.member1), ... member32(other.member32) {}"
"BFS traversal from node 2","Use queue: enqueue 2, dequeue, visit, enqueue unvisited neighbors"
"Time complexity of split in array with 200 elements?","Split in array: O(1), O(log n), O(n), or O(n²) depending on implementation"
"Insert 80 into min heap","Add 80 at end, bubble up comparing with parent, swap if smaller"
"Implement push operation for stack with capacity 111","Check if size < 111, if yes: stack[++top] = element, else throw overflow"
"When to use radix sort for 10 elements?","Radix sort is optimal when considering space/time trade-offs for n=10"
"How to dequeue from queue with 21 elements?","Check if empty, get front element, increment front index, decrease size, return element"
"Constructor with 31 parameters","MyClass(int p1, int p2, ..., int p31) : member1(p1), member2(p2), member31(p31) {}"
"Tower of Hanoi with 3 disks","Move 2 disks to auxiliary, move disk 3 to destination, move 2 disks to destination"
"BFS traversal from node 49","Use queue: enqueue 49, dequeue, visit, enqueue unvisited neighbors"
"How to dequeue from queue with 43 elements?","Check if empty, get front element, increment front index, decrease size, return element"
"Topological sort for DAG with 10 nodes","DFS-based: finish times order, or Kahn's algorithm with indegree for 10 nodes"
"Heapify array of 32 elements","Start from last non-leaf node, sift down each node to satisfy heap property"
"Time complexity of search in linked list with 500 elements?","Search in linked list: O(1), O(log n), O(n), or O(n²) depending on implementation"
"Binary search in sorted array of 112 elements","Divide array of 112 in half each iteration, O(log 112) time"
"How to find middle in a singly linked list at position 26?","For find middle operation: traverse to position 26, adjust next pointers accordingly, handle edge cases for head/tail"
"Check if tree is balanced with 1 nodes","For each node check if |height(left) - height(right)| <= 1"
"Dijkstra's shortest path to node 41","Use priority queue, update distances to node 41, select minimum distance unvisited node"
"Extract minimum from heap of size 9","Remove root, move last element to root, bubble down to maintain heap property"
"Remove element from vector at position 14","Use erase() for vector, specify iterator or key"
"Explain data structure concept 357","Data structures organize and store data efficiently for specific operations and access patterns"
"Tower of Hanoi with 2 disks","Move 1 disks to auxiliary, move disk 2 to destination, move 1 disks to destination"
"Validate array index 23 before access","Check if 0 <= 23 < size before accessing arr[23]"
"Handle stack overflow when size is 28","Check if current_size < max_capacity (28) before push operation"
"Hash function for key 1100","Simple: 1100 % table_size, or multiply by prime and mod by table size"
"Remove element from vector at position 15","Use erase() for vector, specify iterator or key"
"Handle stack overflow when size is 12","Check if current_size < max_capacity (12) before push operation"
"Validate array index 49 before access","Check if 0 <= 49 < size before accessing arr[49]"
"Fibonacci number at position 48","Base: if n<=1 return n; Recursive: return fib(47) + fib(46)"
"Detect cycle in graph with 44 vertices","Use DFS with recursion stack or parent tracking for undirected graph"
"Insert 190 into vector","vector.insert(190) or push syntax depending on container type"
"Implement priority queue for 35 elements","Use heap or sorted list, elements with higher priority dequeued first"
"Explain data structure concept 147","Data structures organize and store data efficiently for specific operations and access patterns"
"Calculate power 26^2 recursively","Base: if power==0 return 1; Recursive: return 26 * power(26, 1)"
"How to sort in a singly linked list at position 3?","For sort operation: traverse to position 3, adjust next pointers accordingly, handle edge cases for head/tail"
"Handle stack overflow when size is 0","Check if current_size < max_capacity (0) before push operation"
"How to search in a singly linked list at position 12?","Traverse list from head, compare each node's data with target, return true if found at position 12, false otherwise."
"Tower of Hanoi with 4 disks","Move 3 disks to auxiliary, move disk 4 to destination, move 3 disks to destination"
"Remove element from set at position 11","Use erase() for set, specify iterator or key"
"Operator overloading for + with 27 members","MyClass operator+(const MyClass& other) { add corresponding members, return result }"
"Remove element from deque at position 15","Use erase() for deque, specify iterator or key"
"How to traverse in a singly linked list at position 15?","Start at head, follow next pointers until reaching position 15: for(i=0; i<15; i++) current = current->next."
"Heapify array of 4 elements","Start from last non-leaf node, sift down each node to satisfy heap property"
"Destructor for class with dynamic array of size 9","~MyClass() { delete[] arrayPtr; } to free 9-element array"
"Time complexity of split in array with 400 elements?","Split in array: O(1), O(log n), O(n), or O(n²) depending on implementation"
"Construct BST from array of 37 elements","Sort array, pick middle as root for 37 elements, recursively build left and right subtrees"
"Array of 43 pointers","int* arr[43]; declares array of 43 integer pointers"
"How to sort in a singly linked list at position 15?","For sort operation: traverse to position 15, adjust next pointers accordingly, handle edge cases for head/tail"
"Implement array search for value 100","Iterate through array comparing each element with target value, return index if found"
"Double hashing with secondary hash for key 43","hash2(43) gives step size, probe at 43, 43+hash2, 43+2*hash2, ..."
"Destructor for class with dynamic array of size 15","~MyClass() { delete[] arrayPtr; } to free 15-element array"
"Array of 28 pointers","int* arr[28]; declares array of 28 integer pointers"
"How to sort in a singly linked list at position 27?","For sort operation: traverse to position 27, adjust next pointers accordingly, handle edge cases for head/tail"
"Explain data structure concept 146","Data structures organize and store data efficiently for specific operations and access patterns"
"Evaluate expression with 23 operators using stack","Push operands to stack, for each operator pop required operands, compute and push result"
"Handle stack overflow when size is 41","Check if current_size < max_capacity (41) before push operation"
"Delete node 4 from BST with two children","Find inorder successor of node 4, replace node value with successor, delete successor to maintain BST property."
"Longest increasing subsequence ending at index 35","DP: dp[35] = max length of LIS ending at position 35"
"Insert 490 into min heap","Add 490 at end, bubble up comparing with parent, swap if smaller"
"Remove element from map at position 7","Use erase() for map, specify iterator or key"
"How to check if stack with 44 elements is empty?","Return true if top == -1 or size == 0"
"Insert 500 into min heap","Add 500 at end, bubble up comparing with parent, swap if smaller"
"How to reverse in a singly linked list at position 7?","For reverse operation: traverse to position 7, adjust next pointers accordingly, handle edge cases for head/tail"
"Longest increasing subsequence ending at index 29","DP: dp[29] = max length of LIS ending at position 29"
"Time complexity of selection sort for 50 elements?","Selection sort: O(n²) worst/average case, O(n) best case for n=50"
"Evaluate expression with 10 operators using stack","Push operands to stack, for each operator pop required operands, compute and push result"
"Create class with 7 data members","class MyClass { private: int member1; int member2; ... int member7; };"
"Space complexity of heap sort with 50 items?","Heap sort requires O(1) or O(n) or O(log n) space depending on implementation"
"Time complexity of insertion in array with 200 elements?","Insertion in array: O(1), O(log n), O(n), or O(n²) depending on implementation"
"Sum of first 14 natural numbers recursively","Base: if n==0 return 0; Recursive: return 14 + sum(13)"
"Edit distance between strings of length 36","DP: dp[i][j] = min cost to transform first i chars to first j chars"
"Find kth smallest element where k=35","Inorder traversal with counter, return when counter == 35"
"Inheritance hierarchy with 33 levels","33-level inheritance: Base -> Derived1 -> ... -> Derived32"
"How to find the sum of array elements from index 22 to 32?","Initialize sum=0, loop from index 22 to 32, add arr[j] to sum"
"Array of 20 pointers","int* arr[20]; declares array of 20 integer pointers"
"Explain data structure concept 216","Data structures organize and store data efficiently for specific operations and access patterns"
"BFS traversal from node 48","Use queue: enqueue 48, dequeue, visit, enqueue unvisited neighbors"
"Find first occurrence of 20 in sorted array","Binary search with left bias, continue searching left when target found"
"Insert 480 into min heap","Add 480 at end, bubble up comparing with parent, swap if smaller"
"Handle collision at index 5 using chaining","Linked list at index 5, insert colliding element at list head or tail"
"Explain data structure concept 343","Data structures organize and store data efficiently for specific operations and access patterns"
"Longest common subsequence of length 45","DP: LCS[i][j] = 1 + LCS[i-1][j-1] if match, else max(LCS[i-1][j], LCS[i][j-1])"
"Print numbers from 1 to 7 using recursion","Base: if n<1 return; Recursive: print(n-1), print 7"
"Copy constructor for class with 4 members","MyClass(const MyClass& other) : member1(other.member1), ... member4(other.member4) {}"
"Implement circular queue with size 22","Use array[22], front and rear indices with modulo arithmetic: (rear+1)%22"
"Declare pointer to integer with value 41","int* ptr = new int(41); allocates integer on heap with value 41"
"Time complexity of insertion sort for 20 elements?","Insertion sort: O(n²) worst/average case, O(n) best case for n=20"
"Handle empty list in operation 47","Check if head == nullptr before any operations, return appropriate value or error. Prevents null pointer dereference."
"Explain data structure concept 299","Data structures organize and store data efficiently for specific operations and access patterns"
"When to use heap sort for 20 elements?","Heap sort is optimal when considering space/time trade-offs for n=20"
"BFS traversal from node 33","Use queue: enqueue 33, dequeue, visit, enqueue unvisited neighbors"
"Handle collision at index 29 using chaining","Linked list at index 29, insert colliding element at list head or tail"
"How to insert in a singly linked list at position 14?","Traverse to position 14, create new node, adjust next pointers: current->next = new_node->next, current = new_node. Handle head/tail edge cases."
"Explain data structure concept 160","Data structures organize and store data efficiently for specific operations and access patterns"
"Calculate factorial of 33 recursively","Base: if n==0 return 1; Recursive: return 33 * factorial(32)"
"Extract minimum from heap of size 29","Remove root, move last element to root, bubble down to maintain heap property"
"Constructor with 20 parameters","MyClass(int p1, int p2, ..., int p20) : member1(p1), member2(p2), member20(p20) {}"
"Time complexity of insertion in heap with 500 elements?","Insertion in heap: O(1), O(log n), O(n), or O(n²) depending on implementation"
"Calculate factorial of 16 recursively","Base: if n==0 return 1; Recursive: return 16 * factorial(15)"
"BFS traversal from node 13","Use queue: enqueue 13, dequeue, visit, enqueue unvisited neighbors"
"Level order traversal at level 32","Use queue with level tracking, process nodes at level 32, enqueue children"
"Validate array index 14 before access","Check if 0 <= 14 < size before accessing arr[14]"
"How to check if stack with 22 elements is empty?","Return true if top == -1 or size == 0"
"Matrix chain multiplication with 21 matrices","DP: dp[i][j] = minimum scalar multiplications for matrices 21 to 22"
"Time complexity of insertion in queue with 300 elements?","Insertion in queue: O(1), O(log n), O(n), or O(n²) depending on implementation"
"Calculate power 44^2 recursively","Base: if power==0 return 1; Recursive: return 44 * power(44, 1)"
"Explain data structure concept 162","Data structures organize and store data efficiently for specific operations and access patterns"
"Explain data structure concept 238","Data structures organize and store data efficiently for specific operations and access patterns"
"Check balanced parentheses in string of length 31","Use stack: push '(', '[', '{', pop for closing brackets, verify matching pairs"
"Find node with value 55 in BST","Start at root, if value == 55 return node, if 55 < node.value go left, else go right"
"Detect cycle in graph with 31 vertices","Use DFS with recursion stack or parent tracking for undirected graph"
"When to use selection sort for 50 elements?","Selection sort is optimal when considering space/time trade-offs for n=50"
"Detect cycle in graph with 37 vertices","Use DFS with recursion stack or parent tracking for undirected graph"
"Hash function for key 3600","Simple: 3600 % table_size, or multiply by prime and mod by table size"
"Explain data structure concept 217","Data structures organize and store data efficiently for specific operations and access patterns"
"Insert 0 into multimap","multimap.insert(0) or push syntax depending on container type"
"Declare pointer to integer with value 39","int* ptr = new int(39); allocates integer on heap with value 39"
"Time complexity of traversal in array with 400 elements?","Traversal in array: O(1), O(log n), O(n), or O(n²) depending on implementation"
"Implement priority queue for 25 elements","Use heap or sorted list, elements with higher priority dequeued first"
"Solve 0/1 knapsack with capacity 490","DP table: dp[i][w] = max value using first i items with weight limit 490"
"Remove element from deque at position 6","Use erase() for deque, specify iterator or key"
"Open addressing with linear probing from index 33","If index 33 occupied, try 33+1, 33+2, ... until empty slot found"
"Evaluate expression with 12 operators using stack","Push operands to stack, for each operator pop required operands, compute and push result"
"Explain data structure concept 448","Data structures organize and store data efficiently for specific operations and access patterns"
"Operator overloading for + with 3 members","MyClass operator+(const MyClass& other) { add corresponding members, return result }"
"Topological sort for DAG with 18 nodes","DFS-based: finish times order, or Kahn's algorithm with indegree for 18 nodes"
"Calculate height of tree with 32 levels","Recursively: if null return -1, else return 1 + max(height(left), height(right))"
"How do you declare an integer array of size 58 in C++?","int arr[58]; or int* arr = new int[58];"
"How to check if stack with 48 elements is empty?","Return true if top == -1 or size == 0"
"Time complexity of search in array with 300 elements?","Search in array: O(1), O(log n), O(n), or O(n²) depending on implementation"
"Implement counting sort for array size 5000","Counting sort algorithm with detailed steps for 5000 elements"
"When to use quick sort for 10 elements?","Quick sort is optimal when considering space/time trade-offs for n=10"
"Longest common subsequence of length 3","DP: LCS[i][j] = 1 + LCS[i-1][j-1] if match, else max(LCS[i-1][j], LCS[i][j-1])"
"Insert 130 into multiset","multiset.insert(130) or push syntax depending on container type"
"Array of 2 pointers","int* arr[2]; declares array of 2 integer pointers"
"BFS traversal from node 32","Use queue: enqueue 32, dequeue, visit, enqueue unvisited neighbors"
"Implement circular queue with size 59","Use array[59], front and rear indices with modulo arithmetic: (rear+1)%59"
"How to insert in a singly linked list at position 1?","Traverse to position 1, create new node, adjust next pointers: current->next = new_node->next, current = new_node. Handle head/tail edge cases."
"Insert 190 into list","list.insert(190) or push syntax depending on container type"
"Destructor for class with dynamic array of size 50","~MyClass() { delete[] arrayPtr; } to free 50-element array"
"DFS traversal starting from vertex 26","Use stack or recursion: visit 26, mark visited, recurse on unvisited neighbors"
"Level order traversal at level 31","Use queue with level tracking, process nodes at level 31, enqueue children"
"Print numbers from 1 to 6 using recursion","Base: if n<1 return; Recursive: print(n-1), print 6"
"Implement priority queue for 19 elements","Use heap or sorted list, elements with higher priority dequeued first"
"Binary search in sorted array of 122 elements","Divide array of 122 in half each iteration, O(log 122) time"
"Calculate factorial of 29 recursively","Base: if n==0 return 1; Recursive: return 29 * factorial(28)"
"Pointer arithmetic: ptr + 46","Moves pointer forward by 46 * sizeof(type) bytes"
"Time complexity of sort in graph with 300 elements?","Sort in graph: O(1), O(log n), O(n), or O(n²) depending on implementation"
"Print numbers from 1 to 48 using recursion","Base: if n<1 return; Recursive: print(n-1), print 48"
"Explain data structure concept 6","Data structures organize and store data efficiently for specific operations and access patterns"
"How do you declare an integer array of size 57 in C++?","int arr[57]; or int* arr = new int[57];"
"Remove element from set at position 4","Use erase() for set, specify iterator or key"
"Find strongly connected components in graph of size 37","Kosaraju's algorithm: DFS, transpose graph, DFS in finish time order"
"Destructor for class with dynamic array of size 49","~MyClass() { delete[] arrayPtr; } to free 49-element array"
"Tower of Hanoi with 40 disks","Move 39 disks to auxiliary, move disk 40 to destination, move 39 disks to destination"
"Explain data structure concept 451","Data structures organize and store data efficiently for specific operations and access patterns"
"Evaluate expression with 19 operators using stack","Push operands to stack, for each operator pop required operands, compute and push result"
"How to reverse in a singly linked list at position 29?","For reverse operation: traverse to position 29, adjust next pointers accordingly, handle edge cases for head/tail"
"Declare pointer to integer with value 9","int* ptr = new int(9); allocates integer on heap with value 9"
"Binary search in sorted array of 110 elements","Divide array of 110 in half each iteration, O(log 110) time"
"Binary search in sorted array of 109 elements","Divide array of 109 in half each iteration, O(log 109) time"
"How to traverse in a singly linked list at position 25?","Start at head, follow next pointers until reaching position 25: for(i=0; i<25; i++) current = current->next."
"Insert value 300 in binary search tree","Compare 300 with node: if less go left, if greater go right, insert at null"
"How to check if stack with 37 elements is empty?","Return true if top == -1 or size == 0"
"Explain data structure concept 265","Data structures organize and store data efficiently for specific operations and access patterns"
"Dereference pointer at offset 13","*(ptr + 13) accesses value at 13 positions ahead"
"Prevent memory leak in class destructor 6","Delete all dynamically allocated memory in destructor, set pointers to nullptr"
"Check if tree is balanced with 16 nodes","For each node check if |height(left) - height(right)| <= 1"
"When to use radix sort for 10000 elements?","Radix sort is optimal when considering space/time trade-offs for n=10000"
"Insert 30 into map","map.insert(30) or push syntax depending on container type"
"Find strongly connected components in graph of size 49","Kosaraju's algorithm: DFS, transpose graph, DFS in finish time order"
"Time complexity of sort in queue with 500 elements?","Sort in queue: O(1), O(log n), O(n), or O(n²) depending on implementation"
"Delete node 11 from BST with two children","Find inorder successor of node 11, replace node value with successor, delete successor to maintain BST property."
"Binary search in sorted array of 135 elements","Divide array of 135 in half each iteration, O(log 135) time"
"What is the time complexity of accessing element at index 29?","O(1) - constant time for random access in arrays"
"Heapify array of 28 elements","Start from last non-leaf node, sift down each node to satisfy heap property"
"Implement circular queue with size 25","Use array[25], front and rear indices with modulo arithmetic: (rear+1)%25"
"Coin change problem with target 155","DP: ways[155] = sum of ways[155-coin] for each coin denomination"
"Dereference pointer at offset 11","*(ptr + 11) accesses value at 11 positions ahead"
"How to search in a singly linked list at position 27?","Traverse list from head, compare each node's data with target, return true if found at position 27, false otherwise."
"How to find the sum of array elements from index 33 to 43?","Initialize sum=0, loop from index 33 to 43, add arr[j] to sum"
"Heapify array of 30 elements","Start from last non-leaf node, sift down each node to satisfy heap property"
"Create class with 6 data members","class MyClass { private: int member1; int member2; ... int member6; };"
"Prevent memory leak in class destructor 48","Delete all dynamically allocated memory in destructor, set pointers to nullptr"
"Fibonacci number at position 37","Base: if n<=1 return n; Recursive: return fib(36) + fib(35)"
"Explain data structure concept 32","Data structures organize and store data efficiently for specific operations and access patterns"
"Detect cycle in graph with 27 vertices","Use DFS with recursion stack or parent tracking for undirected graph"
"Explain data structure concept 376","Data structures organize and store data efficiently for specific operations and access patterns"
"How to dequeue from queue with 3 elements?","Check if empty, get front element, increment front index, decrease size, return element"
"What is the time complexity of accessing element at index 12?","O(1) - constant time for random access in arrays"
"Handle collision at index 46 using chaining","Linked list at index 46, insert colliding element at list head or tail"
"Time complexity of traversal in stack with 200 elements?","Traversal in stack: O(1), O(log n), O(n), or O(n²) depending on implementation"
"How do you declare an integer array of size 13 in C++?","int arr[13]; or int* arr = new int[13];"
"BFS traversal from node 23","Use queue: enqueue 23, dequeue, visit, enqueue unvisited neighbors"
"Implement push operation for stack with capacity 144","Check if size < 144, if yes: stack[++top] = element, else throw overflow"
"Insert 170 into vector","vector.insert(170) or push syntax depending on container type"
"Explain data structure concept 67","Data structures organize and store data efficiently for specific operations and access patterns"
"Explain data structure concept 118","Data structures organize and store data efficiently for specific operations and access patterns"
"How to check if stack with 46 elements is empty?","Return true if top == -1 or size == 0"
"Operator overloading for + with 43 members","MyClass operator+(const MyClass& other) { add corresponding members, return result }"
"Implement bubble sort for array size 10000","Bubble sort algorithm with detailed steps for 10000 elements"
"Time complexity of traversal in BST with 300 elements?","Traversal in BST: O(1), O(log n), O(n), or O(n²) depending on implementation"
"Explain data structure concept 338","Data structures organize and store data efficiently for specific operations and access patterns"
"Remove element from deque at position 0","Use erase() for deque, specify iterator or key"
"What is ptr[40] equivalent to?","*(ptr + 40) - both access element at index 40"
"BFS traversal starting from node 11","Use queue: enqueue node 11, while queue not empty: dequeue, visit, enqueue unvisited neighbors"
"Solve 0/1 knapsack with capacity 480","DP table: dp[i][w] = max value using first i items with weight limit 480"
"Handle stack overflow when size is 21","Check if current_size < max_capacity (21) before push operation"
"BFS traversal starting from node 16","Use queue: enqueue node 16, while queue not empty: dequeue, visit, enqueue unvisited neighbors"
"Explain data structure concept 113","Data structures organize and store data efficiently for specific operations and access patterns"
"Create class with 43 data members","class MyClass { private: int member1; int member2; ... int member43; };"
"Implement radix sort for array size 10000","Radix sort algorithm with detailed steps for 10000 elements"
"Insert value 160 in binary search tree","Compare 160 with node: if less go left, if greater go right, insert at null"
"Level order traversal at level 21","Use queue with level tracking, process nodes at level 21, enqueue children"
"Create class with 42 data members","class MyClass { private: int member1; int member2; ... int member42; };"
"How to split in a singly linked list at position 29?","For split operation: traverse to position 29, adjust next pointers accordingly, handle edge cases for head/tail"
"When to use merge sort for 500 elements?","Merge sort is optimal when considering space/time trade-offs for n=500"
"Insert 160 into set","set.insert(160) or push syntax depending on container type"
"Calculate factorial of 36 recursively","Base: if n==0 return 1; Recursive: return 36 * factorial(35)"
"Time complexity of deletion in stack with 300 elements?","Deletion in stack: O(1), O(log n), O(n), or O(n²) depending on implementation"
"BFS traversal starting from node 45","Use queue: enqueue node 45, while queue not empty: dequeue, visit, enqueue unvisited neighbors"
"Explain data structure concept 101","Data structures organize and store data efficiently for specific operations and access patterns"
"Pointer arithmetic: ptr + 28","Moves pointer forward by 28 * sizeof(type) bytes"
"Copy constructor for class with 6 members","MyClass(const MyClass& other) : member1(other.member1), ... member6(other.member6) {}"
"Check balanced parentheses in string of length 23","Use stack: push '(', '[', '{', pop for closing brackets, verify matching pairs"
"Operator overloading for + with 13 members","MyClass operator+(const MyClass& other) { add corresponding members, return result }"
"DFS traversal starting from vertex 23","Use stack or recursion: visit 23, mark visited, recurse on unvisited neighbors"
"BFS traversal from node 7","Use queue: enqueue 7, dequeue, visit, enqueue unvisited neighbors"
"Time complexity of deletion in BST with 400 elements?","Deletion in BST: O(1), O(log n), O(n), or O(n²) depending on implementation"
"Time complexity of traversal in heap with 100 elements?","Traversal in heap: O(1), O(log n), O(n), or O(n²) depending on implementation"
"Handle stack overflow when size is 30","Check if current_size < max_capacity (30) before push operation"
"How to split in a singly linked list at position 20?","For split operation: traverse to position 20, adjust next pointers accordingly, handle edge cases for head/tail"
"Allocate array of 28 integers dynamically","int* arr = new int[28]; remember to use delete[] arr;"
"Explain data structure concept 306","Data structures organize and store data efficiently for specific operations and access patterns"
"Open addressing with linear probing from index 21","If index 21 occupied, try 21+1, 21+2, ... until empty slot found"
"Find kth smallest element where k=37","Inorder traversal with counter, return when counter == 37"
"Double hashing with secondary hash for key 14","hash2(14) gives step size, probe at 14, 14+hash2, 14+2*hash2, ..."
"Linear search for value 17 in unsorted array","Check each element sequentially until value 17 found or end reached"
"Destructor for class with dynamic array of size 28","~MyClass() { delete[] arrayPtr; } to free 28-element array"
"Implement push operation for stack with capacity 119","Check if size < 119, if yes: stack[++top] = element, else throw overflow"
"How to dequeue from queue with 44 elements?","Check if empty, get front element, increment front index, decrease size, return element"
"Check if tree is balanced with 25 nodes","For each node check if |height(left) - height(right)| <= 1"
"Calculate factorial of 49 recursively","Base: if n==0 return 1; Recursive: return 49 * factorial(48)"
"Evaluate expression with 9 operators using stack","Push operands to stack, for each operator pop required operands, compute and push result"
"Level order traversal at level 8","Use queue with level tracking, process nodes at level 8, enqueue children"
"Implement quick sort for array size 20","Quick sort algorithm with detailed steps for 20 elements"
"Implement insertion sort for array size 20","Insertion sort algorithm with detailed steps for 20 elements"
"Find node with value 185 in BST","Start at root, if value == 185 return node, if 185 < node.value go left, else go right"
"Space complexity of heap sort with 5000 items?","Heap sort requires O(1) or O(n) or O(log n) space depending on implementation"
"Find first occurrence of 18 in sorted array","Binary search with left bias, continue searching left when target found"
"Array of 7 pointers","int* arr[7]; declares array of 7 integer pointers"
"Time complexity of insertion in queue with 100 elements?","Insertion in queue: O(1), O(log n), O(n), or O(n²) depending on implementation"
"Implement push operation for stack with capacity 128","Check if size < 128, if yes: stack[++top] = element, else throw overflow"
"Implement bubble sort for array size 20","Bubble sort algorithm with detailed steps for 20 elements"
"Insert value 210 in binary search tree","Compare 210 with node: if less go left, if greater go right, insert at null"
"Find strongly connected components in graph of size 9","Kosaraju's algorithm: DFS, transpose graph, DFS in finish time order"
"Construct BST from array of 1 elements","Sort array, pick middle as root for 1 elements, recursively build left and right subtrees"
"Search in rotated sorted array at rotation point 16","Find pivot using binary search, then binary search in appropriate half"
"Explain data structure concept 125","Data structures organize and store data efficiently for specific operations and access patterns"
"Construct BST from array of 30 elements","Sort array, pick middle as root for 30 elements, recursively build left and right subtrees"
"Declare pointer to integer with value 1","int* ptr = new int(1); allocates integer on heap with value 1"
"Insert 90 into vector","vector.insert(90) or push syntax depending on container type"
"How to split in a singly linked list at position 10?","For split operation: traverse to position 10, adjust next pointers accordingly, handle edge cases for head/tail"
"Implement priority queue for 43 elements","Use heap or sorted list, elements with higher priority dequeued first"
"Solve 0/1 knapsack with capacity 500","DP table: dp[i][w] = max value using first i items with weight limit 500"
"How to insert in a singly linked list at position 9?","Traverse to position 9, create new node, adjust next pointers: current->next = new_node->next, current = new_node. Handle head/tail edge cases."
"Handle empty list in operation 23","Check if head == nullptr before any operations, return appropriate value or error. Prevents null pointer dereference."
"Array of 39 pointers","int* arr[39]; declares array of 39 integer pointers"
"Check if tree is balanced with 35 nodes","For each node check if |height(left) - height(right)| <= 1"
"How to find the sum of array elements from index 7 to 17?","Initialize sum=0, loop from index 7 to 17, add arr[j] to sum"
"Dijkstra's shortest path to node 47","Use priority queue, update distances to node 47, select minimum distance unvisited node"
"Solve 0/1 knapsack with capacity 360","DP table: dp[i][w] = max value using first i items with weight limit 360"
"Pointer arithmetic: ptr + 18","Moves pointer forward by 18 * sizeof(type) bytes"
"How to traverse in a singly linked list at position 21?","Start at head, follow next pointers until reaching position 21: for(i=0; i<21; i++) current = current->next."
"Insert 0 into list","list.insert(0) or push syntax depending on container type"
"Implement selection sort for array size 500","Selection sort algorithm with detailed steps for 500 elements"
"Explain data structure concept 170","Data structures organize and store data efficiently for specific operations and access patterns"
"Convert infix to postfix with 26 operations","Use operator stack, output operands, pop operators based on precedence rules"
"Binary search in sorted array of 144 elements","Divide array of 144 in half each iteration, O(log 144) time"
"Find kth smallest element where k=24","Inorder traversal with counter, return when counter == 24"
"Insert 70 into vector","vector.insert(70) or push syntax depending on container type"
"Calculate height of tree with 36 levels","Recursively: if null return -1, else return 1 + max(height(left), height(right))"
"Time complexity of insertion in hash table with 300 elements?","Insertion in hash table: O(1), O(log n), O(n), or O(n²) depending on implementation"
"Find kth largest element using heap where k=3","Use min heap of size 3, insert elements, root is kth largest"
"Quadratic probing starting at 16","Try positions 16, 16+1², 16+2², 16+3² until empty slot found"
"Binary search in sorted array of 123 elements","Divide array of 123 in half each iteration, O(log 123) time"
"Check if tree is balanced with 19 nodes","For each node check if |height(left) - height(right)| <= 1"
"Time complexity of sort in BST with 400 elements?","Sort in BST: O(1), O(log n), O(n), or O(n²) depending on implementation"
"When to use merge sort for 50 elements?","Merge sort is optimal when considering space/time trade-offs for n=50"
"Dereference pointer at offset 25","*(ptr + 25) accesses value at 25 positions ahead"
"Explain data structure concept 298","Data structures organize and store data efficiently for specific operations and access patterns"
"Find kth largest element using heap where k=47","Use min heap of size 47, insert elements, root is kth largest"
"Linear search for value 48 in unsorted array","Check each element sequentially until value 48 found or end reached"
"Handle collision at index 44 using chaining","Linked list at index 44, insert colliding element at list head or tail"
"Implement circular queue with size 32","Use array[32], front and rear indices with modulo arithmetic: (rear+1)%32"
"Time complexity of selection sort for 5000 elements?","Selection sort: O(n²) worst/average case, O(n) best case for n=5000"
"Longest common subsequence of length 10","DP: LCS[i][j] = 1 + LCS[i-1][j-1] if match, else max(LCS[i-1][j], LCS[i][j-1])"
"Implement push operation for stack with capacity 139","Check if size < 139, if yes: stack[++top] = element, else throw overflow"
"Explain data structure concept 66","Data structures organize and store data efficiently for specific operations and access patterns"
"Calculate factorial of 45 recursively","Base: if n==0 return 1; Recursive: return 45 * factorial(44)"
"Time complexity of sort in linked list with 300 elements?","Sort in linked list: O(1), O(log n), O(n), or O(n²) depending on implementation"
"Calculate power 32^2 recursively","Base: if power==0 return 1; Recursive: return 32 * power(32, 1)"
"Remove element from multiset at position 17","Use erase() for multiset, specify iterator or key"
"Implement array search for value 40","Iterate through array comparing each element with target value, return index if found"
"When to use bubble sort for 10000 elements?","Bubble sort is optimal when considering space/time trade-offs for n=10000"
"Pointer arithmetic: ptr + 5","Moves pointer forward by 5 * sizeof(type) bytes"
"Calculate power 16^2 recursively","Base: if power==0 return 1; Recursive: return 16 * power(16, 1)"
"Operator overloading for + with 40 members","MyClass operator+(const MyClass& other) { add corresponding members, return result }"
"Insert value 420 in binary search tree","Compare 420 with node: if less go left, if greater go right, insert at null"
"Find kth largest element using heap where k=16","Use min heap of size 16, insert elements, root is kth largest"
"Find node with value 205 in BST","Start at root, if value == 205 return node, if 205 < node.value go left, else go right"
"Quadratic probing starting at 17","Try positions 17, 17+1², 17+2², 17+3² until empty slot found"
"Insert 160 into map","map.insert(160) or push syntax depending on container type"
"Space complexity of heap sort with 10 items?","Heap sort requires O(1) or O(n) or O(log n) space depending on implementation"
"Declare pointer to integer with value 43","int* ptr = new int(43); allocates integer on heap with value 43"
"How to check if stack with 16 elements is empty?","Return true if top == -1 or size == 0"
"Calculate height of tree with 4 levels","Recursively: if null return -1, else return 1 + max(height(left), height(right))"
"How to sort in a singly linked list at position 13?","For sort operation: traverse to position 13, adjust next pointers accordingly, handle edge cases for head/tail"
"Explain data structure concept 267","Data structures organize and store data efficiently for specific operations and access patterns"
"How to find the sum of array elements from index 27 to 37?","Initialize sum=0, loop from index 27 to 37, add arr[j] to sum"
"Double hashing with secondary hash for key 20","hash2(20) gives step size, probe at 20, 20+hash2, 20+2*hash2, ..."
"How to delete in a singly linked list at position 2?","Traverse to position 2-1, adjust pointers to skip node: prev->next = current->next, delete current. Handle head/tail cases."
"How to search in a singly linked list at position 11?","Traverse list from head, compare each node's data with target, return true if found at position 11, false otherwise."
"Solve 0/1 knapsack with capacity 220","DP table: dp[i][w] = max value using first i items with weight limit 220"
"Longest increasing subsequence ending at index 2","DP: dp[2] = max length of LIS ending at position 2"
"Hash function for key 4600","Simple: 4600 % table_size, or multiply by prime and mod by table size"
"Insert 170 into multiset","multiset.insert(170) or push syntax depending on container type"
"How to find middle in a singly linked list at position 13?","For find middle operation: traverse to position 13, adjust next pointers accordingly, handle edge cases for head/tail"
"Pointer arithmetic: ptr + 16","Moves pointer forward by 16 * sizeof(type) bytes"
"Implement circular queue with size 43","Use array[43], front and rear indices with modulo arithmetic: (rear+1)%43"
"Edit distance between strings of length 47","DP: dp[i][j] = min cost to transform first i chars to first j chars"
"Matrix chain multiplication with 38 matrices","DP: dp[i][j] = minimum scalar multiplications for matrices 38 to 39"
"Check balanced parentheses in string of length 51","Use stack: push '(', '[', '{', pop for closing brackets, verify matching pairs"
"Time complexity of heap sort for 500 elements?","Heap sort: O(n log n) all cases for n=500"
"Edit distance between strings of length 11","DP: dp[i][j] = min cost to transform first i chars to first j chars"
"Explain data structure concept 328","Data structures organize and store data efficiently for specific operations and access patterns"
"Implement priority queue for 4 elements","Use heap or sorted list, elements with higher priority dequeued first"
"Find node with value 200 in BST","Start at root, if value == 200 return node, if 200 < node.value go left, else go right"
"Operator overloading for + with 31 members","MyClass operator+(const MyClass& other) { add corresponding members, return result }"
"Pointer arithmetic: ptr + 35","Moves pointer forward by 35 * sizeof(type) bytes"
"Open addressing with linear probing from index 3","If index 3 occupied, try 3+1, 3+2, ... until empty slot found"
"Find first occurrence of 34 in sorted array","Binary search with left bias, continue searching left when target found"
"How to merge in a singly linked list at position 29?","For merge operation: traverse to position 29, adjust next pointers accordingly, handle edge cases for head/tail"
"Quadratic probing starting at 33","Try positions 33, 33+1², 33+2², 33+3² until empty slot found"
"Explain data structure concept 87","Data structures organize and store data efficiently for specific operations and access patterns"
"Constructor with 37 parameters","MyClass(int p1, int p2, ..., int p37) : member1(p1), member2(p2), member37(p37) {}"
"Remove element from deque at position 8","Use erase() for deque, specify iterator or key"
"Handle collision at index 21 using chaining","Linked list at index 21, insert colliding element at list head or tail"
"How to dequeue from queue with 9 elements?","Check if empty, get front element, increment front index, decrease size, return element"
"Level order traversal at level 11","Use queue with level tracking, process nodes at level 11, enqueue children"
"Calculate factorial of 50 recursively","Base: if n==0 return 1; Recursive: return 50 * factorial(49)"
"Fibonacci number at position 32","Base: if n<=1 return n; Recursive: return fib(31) + fib(30)"
"When to use counting sort for 10 elements?","Counting sort is optimal when considering space/time trade-offs for n=10"
"Level order traversal at level 23","Use queue with level tracking, process nodes at level 23, enqueue children"
"Inheritance hierarchy with 36 levels","36-level inheritance: Base -> Derived1 -> ... -> Derived35"
"Create class with 18 data members","class MyClass { private: int member1; int member2; ... int member18; };"
"Delete node 45 from BST with two children","Find inorder successor of node 45, replace node value with successor, delete successor to maintain BST property."
"Open addressing with linear probing from index 20","If index 20 occupied, try 20+1, 20+2, ... until empty slot found"
"When to use quick sort for 500 elements?","Quick sort is optimal when considering space/time trade-offs for n=500"
"Solve 0/1 knapsack with capacity 80","DP table: dp[i][w] = max value using first i items with weight limit 80"
"Explain data structure concept 394","Data structures organize and store data efficiently for specific operations and access patterns"
"Time complexity of quick sort for 500 elements?","Quick sort: O(n log n) average case, O(n²) worst case for n=500"
"Search in rotated sorted array at rotation point 30","Find pivot using binary search, then binary search in appropriate half"
"Topological sort for DAG with 11 nodes","DFS-based: finish times order, or Kahn's algorithm with indegree for 11 nodes"
"How to insert in a singly linked list at position 28?","Traverse to position 28, create new node, adjust next pointers: current->next = new_node->next, current = new_node. Handle head/tail edge cases."
"Fibonacci number at position 30","Base: if n<=1 return n; Recursive: return fib(29) + fib(28)"
"Double hashing with secondary hash for key 35","hash2(35) gives step size, probe at 35, 35+hash2, 35+2*hash2, ..."
"Level order traversal at level 35","Use queue with level tracking, process nodes at level 35, enqueue children"
"Explain data structure concept 92","Data structures organize and store data efficiently for specific operations and access patterns"
"Binary search in sorted array of 119 elements","Divide array of 119 in half each iteration, O(log 119) time"
"Insert value 330 in binary search tree","Compare 330 with node: if less go left, if greater go right, insert at null"
"Copy constructor for class with 10 members","MyClass(const MyClass& other) : member1(other.member1), ... member10(other.member10) {}"
"Check balanced parentheses in string of length 59","Use stack: push '(', '[', '{', pop for closing brackets, verify matching pairs"
"Calculate height of tree with 34 levels","Recursively: if null return -1, else return 1 + max(height(left), height(right))"
"Explain data structure concept 367","Data structures organize and store data efficiently for specific operations and access patterns"
"Explain data structure concept 193","Data structures organize and store data efficiently for specific operations and access patterns"
"BFS traversal starting from node 35","Use queue: enqueue node 35, while queue not empty: dequeue, visit, enqueue unvisited neighbors"
"Implement heap sort for array size 20","Heap sort algorithm with detailed steps for 20 elements"
"How to check if stack with 36 elements is empty?","Return true if top == -1 or size == 0"
"Find node with value 50 in BST","Start at root, if value == 50 return node, if 50 < node.value go left, else go right"
"Handle empty list in operation 32","Check if head == nullptr before any operations, return appropriate value or error. Prevents null pointer dereference."
"When to use insertion sort for 5000 elements?","Insertion sort is optimal when considering space/time trade-offs for n=5000"
"Explain data structure concept 48","Data structures organize and store data efficiently for specific operations and access patterns"
"DFS traversal starting from vertex 13","Use stack or recursion: visit 13, mark visited, recurse on unvisited neighbors"
"Explain data structure concept 229","Data structures organize and store data efficiently for specific operations and access patterns"
"Linear search for value 13 in unsorted array","Check each element sequentially until value 13 found or end reached"
"How to reverse in a singly linked list at position 19?","For reverse operation: traverse to position 19, adjust next pointers accordingly, handle edge cases for head/tail"
"BFS traversal from node 3","Use queue: enqueue 3, dequeue, visit, enqueue unvisited neighbors"
"Time complexity of counting sort for 100 elements?","Counting sort: O(n+k) time complexity for n=100 elements"
"Implement array search for value 470","Iterate through array comparing each element with target value, return index if found"
"How to check if stack with 49 elements is empty?","Return true if top == -1 or size == 0"
"Insert 90 into min heap","Add 90 at end, bubble up comparing with parent, swap if smaller"
"Inheritance hierarchy with 25 levels","25-level inheritance: Base -> Derived1 -> ... -> Derived24"
"Time complexity of search in heap with 400 elements?","Search in heap: O(1), O(log n), O(n), or O(n²) depending on implementation"
"Copy constructor for class with 44 members","MyClass(const MyClass& other) : member1(other.member1), ... member44(other.member44) {}"
"Implement priority queue for 21 elements","Use heap or sorted list, elements with higher priority dequeued first"
"Sum of first 33 natural numbers recursively","Base: if n==0 return 0; Recursive: return 33 + sum(32)"
"Time complexity of traversal in heap with 500 elements?","Traversal in heap: O(1), O(log n), O(n), or O(n²) depending on implementation"
"Dereference pointer at offset 21","*(ptr + 21) accesses value at 21 positions ahead"
"Create class with 28 data members","class MyClass { private: int member1; int member2; ... int member28; };"
"Coin change problem with target 185","DP: ways[185] = sum of ways[185-coin] for each coin denomination"
"Insert 100 into set","set.insert(100) or push syntax depending on container type"
"Delete node 31 from BST with two children","Find inorder successor of node 31, replace node value with successor, delete successor to maintain BST property."
"Time complexity of merge in linked list with 400 elements?","Merge in linked list: O(1), O(log n), O(n), or O(n²) depending on implementation"
"Find strongly connected components in graph of size 36","Kosaraju's algorithm: DFS, transpose graph, DFS in finish time order"
"Heapify array of 31 elements","Start from last non-leaf node, sift down each node to satisfy heap property"
"Remove element from multiset at position 16","Use erase() for multiset, specify iterator or key"
"Check if tree is balanced with 38 nodes","For each node check if |height(left) - height(right)| <= 1"
"Time complexity of traversal in stack with 100 elements?","Traversal in stack: O(1), O(log n), O(n), or O(n²) depending on implementation"
"Explain data structure concept 159","Data structures organize and store data efficiently for specific operations and access patterns"
"Explain data structure concept 419","Data structures organize and store data efficiently for specific operations and access patterns"
"Dijkstra's shortest path to node 24","Use priority queue, update distances to node 24, select minimum distance unvisited node"
"Time complexity of merge in linked list with 500 elements?","Merge in linked list: O(1), O(log n), O(n), or O(n²) depending on implementation"
"Prevent memory leak in class destructor 35","Delete all dynamically allocated memory in destructor, set pointers to nullptr"
"How to detect cycle in a singly linked list at position 19?","For detect cycle operation: traverse to position 19, adjust next pointers accordingly, handle edge cases for head/tail"
"How to find middle in a singly linked list at position 10?","For find middle operation: traverse to position 10, adjust next pointers accordingly, handle edge cases for head/tail"
"Search in rotated sorted array at rotation point 46","Find pivot using binary search, then binary search in appropriate half"
"Level order traversal at level 6","Use queue with level tracking, process nodes at level 6, enqueue children"
"Remove element from list at position 18","Use erase() for list, specify iterator or key"
"Find first occurrence of 21 in sorted array","Binary search with left bias, continue searching left when target found"
"Find node with value 10 in BST","Start at root, if value == 10 return node, if 10 < node.value go left, else go right"
"How to find the sum of array elements from index 49 to 59?","Initialize sum=0, loop from index 49 to 59, add arr[j] to sum"
"Declare pointer to integer with value 13","int* ptr = new int(13); allocates integer on heap with value 13"
"DFS traversal starting from vertex 21","Use stack or recursion: visit 21, mark visited, recurse on unvisited neighbors"
"BFS traversal from node 50","Use queue: enqueue 50, dequeue, visit, enqueue unvisited neighbors"
"Time complexity of merge in BST with 500 elements?","Merge in BST: O(1), O(log n), O(n), or O(n²) depending on implementation"
"Time complexity of heap sort for 10 elements?","Heap sort: O(n log n) all cases for n=10"
"Hash function for key 1700","Simple: 1700 % table_size, or multiply by prime and mod by table size"
"Heapify array of 23 elements","Start from last non-leaf node, sift down each node to satisfy heap property"
"Time complexity of sort in stack with 400 elements?","Sort in stack: O(1), O(log n), O(n), or O(n²) depending on implementation"
"Coin change problem with target 35","DP: ways[35] = sum of ways[35-coin] for each coin denomination"
"Fibonacci number at position 2","Base: if n<=1 return n; Recursive: return fib(1) + fib(0)"
"Inheritance hierarchy with 24 levels","24-level inheritance: Base -> Derived1 -> ... -> Derived23"
"Explain data structure concept 142","Data structures organize and store data efficiently for specific operations and access patterns"
"Linear search for value 4 in unsorted array","Check each element sequentially until value 4 found or end reached"
"Space complexity of counting sort with 100 items?","Counting sort requires O(1) or O(n) or O(log n) space depending on implementation"
"Double hashing with secondary hash for key 21","hash2(21) gives step size, probe at 21, 21+hash2, 21+2*hash2, ..."
"Time complexity of insertion in stack with 100 elements?","Insertion in stack: O(1), O(log n), O(n), or O(n²) depending on implementation"
"Dijkstra's shortest path to node 2","Use priority queue, update distances to node 2, select minimum distance unvisited node"
"Edit distance between strings of length 42","DP: dp[i][j] = min cost to transform first i chars to first j chars"
"Find strongly connected components in graph of size 21","Kosaraju's algorithm: DFS, transpose graph, DFS in finish time order"
"Time complexity of merge in linked list with 200 elements?","Merge in linked list: O(1), O(log n), O(n), or O(n²) depending on implementation"
"Implement array search for value 290","Iterate through array comparing each element with target value, return index if found"
"Copy constructor for class with 17 members","MyClass(const MyClass& other) : member1(other.member1), ... member17(other.member17) {}"
"Insert 90 into deque","deque.insert(90) or push syntax depending on container type"
"Explain data structure concept 288","Data structures organize and store data efficiently for specific operations and access patterns"
"Explain data structure concept 59","Data structures organize and store data efficiently for specific operations and access patterns"
"Copy constructor for class with 35 members","MyClass(const MyClass& other) : member1(other.member1), ... member35(other.member35) {}"
"Delete node 10 from BST with two children","Find inorder successor of node 10, replace node value with successor, delete successor to maintain BST property."
"Allocate array of 34 integers dynamically","int* arr = new int[34]; remember to use delete[] arr;"
"How do you declare an integer array of size 27 in C++?","int arr[27]; or int* arr = new int[27];"
"Create class with 11 data members","class MyClass { private: int member1; int member2; ... int member11; };"
"Dijkstra's shortest path to node 9","Use priority queue, update distances to node 9, select minimum distance unvisited node"
"Insert value 290 in binary search tree","Compare 290 with node: if less go left, if greater go right, insert at null"
"How to check if stack with 24 elements is empty?","Return true if top == -1 or size == 0"
"Time complexity of search in queue with 100 elements?","Search in queue: O(1), O(log n), O(n), or O(n²) depending on implementation"
"How to reverse in a singly linked list at position 24?","For reverse operation: traverse to position 24, adjust next pointers accordingly, handle edge cases for head/tail"
"What is the time complexity of accessing element at index 39?","O(1) - constant time for random access in arrays"
"Array of 44 pointers","int* arr[44]; declares array of 44 integer pointers"
"Coin change problem with target 125","DP: ways[125] = sum of ways[125-coin] for each coin denomination"
"Insert 180 into vector","vector.insert(180) or push syntax depending on container type"
"Construct BST from array of 34 elements","Sort array, pick middle as root for 34 elements, recursively build left and right subtrees"
"Longest common subsequence of length 19","DP: LCS[i][j] = 1 + LCS[i-1][j-1] if match, else max(LCS[i-1][j], LCS[i][j-1])"
"Time complexity of heap sort for 5000 elements?","Heap sort: O(n log n) all cases for n=5000"
"Construct BST from array of 31 elements","Sort array, pick middle as root for 31 elements, recursively build left and right subtrees"
"Operator overloading for + with 38 members","MyClass operator+(const MyClass& other) { add corresponding members, return result }"
"Dereference pointer at offset 42","*(ptr + 42) accesses value at 42 positions ahead"
"Declare pointer to integer with value 42","int* ptr = new int(42); allocates integer on heap with value 42"
"Print numbers from 1 to 17 using recursion","Base: if n<1 return; Recursive: print(n-1), print 17"
"Space complexity of quick sort with 100 items?","Quick sort requires O(1) or O(n) or O(log n) space depending on implementation"
"Tower of Hanoi with 6 disks","Move 5 disks to auxiliary, move disk 6 to destination, move 5 disks to destination"
"Binary search in sorted array of 111 elements","Divide array of 111 in half each iteration, O(log 111) time"
"Insert value 320 in binary search tree","Compare 320 with node: if less go left, if greater go right, insert at null"
"Search in rotated sorted array at rotation point 9","Find pivot using binary search, then binary search in appropriate half"
"Destructor for class with dynamic array of size 5","~MyClass() { delete[] arrayPtr; } to free 5-element array"
"Insert 140 into min heap","Add 140 at end, bubble up comparing with parent, swap if smaller"
"Implement counting sort for array size 20","Counting sort algorithm with detailed steps for 20 elements"
"Find node with value 165 in BST","Start at root, if value == 165 return node, if 165 < node.value go left, else go right"
"Insert 120 into list","list.insert(120) or push syntax depending on container type"
"BFS traversal starting from node 40","Use queue: enqueue node 40, while queue not empty: dequeue, visit, enqueue unvisited neighbors"
"Inheritance hierarchy with 49 levels","49-level inheritance: Base -> Derived1 -> ... -> Derived48"
"Linear search for value 7 in unsorted array","Check each element sequentially until value 7 found or end reached"
"How to split in a singly linked list at position 11?","For split operation: traverse to position 11, adjust next pointers accordingly, handle edge cases for head/tail"
"Hash function for key 2500","Simple: 2500 % table_size, or multiply by prime and mod by table size"
"Level order traversal at level 4","Use queue with level tracking, process nodes at level 4, enqueue children"
"Copy constructor for class with 27 members","MyClass(const MyClass& other) : member1(other.member1), ... member27(other.member27) {}"
"Explain data structure concept 68","Data structures organize and store data efficiently for specific operations and access patterns"
"Sum of first 21 natural numbers recursively","Base: if n==0 return 0; Recursive: return 21 + sum(20)"
"Explain data structure concept 27","Data structures organize and store data efficiently for specific operations and access patterns"
"Time complexity of deletion in linked list with 300 elements?","Deletion in linked list: O(1), O(log n), O(n), or O(n²) depending on implementation"
"DFS traversal starting from vertex 11","Use stack or recursion: visit 11, mark visited, recurse on unvisited neighbors"
"Time complexity of search in BST with 500 elements?","Search in BST: O(1), O(log n), O(n), or O(n²) depending on implementation"
"Remove element from map at position 3","Use erase() for map, specify iterator or key"
"Explain data structure concept 444","Data structures organize and store data efficiently for specific operations and access patterns"
"Search in rotated sorted array at rotation point 25","Find pivot using binary search, then binary search in appropriate half"
"Time complexity of deletion in array with 300 elements?","Deletion in array: O(1), O(log n), O(n), or O(n²) depending on implementation"
"Explain data structure concept 294","Data structures organize and store data efficiently for specific operations and access patterns"
"Extract minimum from heap of size 43","Remove root, move last element to root, bubble down to maintain heap property"
"Time complexity of sort in heap with 500 elements?","Sort in heap: O(1), O(log n), O(n), or O(n²) depending on implementation"
"Hash function for key 4800","Simple: 4800 % table_size, or multiply by prime and mod by table size"
"Explain data structure concept 430","Data structures organize and store data efficiently for specific operations and access patterns"
"DFS traversal starting from vertex 25","Use stack or recursion: visit 25, mark visited, recurse on unvisited neighbors"
"Hash function for key 200","Simple: 200 % table_size, or multiply by prime and mod by table size"
"Implement circular queue with size 40","Use array[40], front and rear indices with modulo arithmetic: (rear+1)%40"
"Time complexity of bubble sort for 1000 elements?","Bubble sort: O(n²) worst/average case, O(n) best case for n=1000"
"Fibonacci number at position 27","Base: if n<=1 return n; Recursive: return fib(26) + fib(25)"
"Heapify array of 25 elements","Start from last non-leaf node, sift down each node to satisfy heap property"
"Solve 0/1 knapsack with capacity 350","DP table: dp[i][w] = max value using first i items with weight limit 350"
"Solve 0/1 knapsack with capacity 210","DP table: dp[i][w] = max value using first i items with weight limit 210"
"How to find the sum of array elements from index 4 to 14?","Initialize sum=0, loop from index 4 to 14, add arr[j] to sum"
"Level order traversal at level 3","Use queue with level tracking, process nodes at level 3, enqueue children"
"Search in rotated sorted array at rotation point 45","Find pivot using binary search, then binary search in appropriate half"
"Explain data structure concept 172","Data structures organize and store data efficiently for specific operations and access patterns"
"Level order traversal at level 37","Use queue with level tracking, process nodes at level 37, enqueue children"
"Handle collision at index 27 using chaining","Linked list at index 27, insert colliding element at list head or tail"
"Hash function for key 2600","Simple: 2600 % table_size, or multiply by prime and mod by table size"
"Allocate array of 43 integers dynamically","int* arr = new int[43]; remember to use delete[] arr;"
"Dijkstra's shortest path to node 30","Use priority queue, update distances to node 30, select minimum distance unvisited node"
"Longest increasing subsequence ending at index 19","DP: dp[19] = max length of LIS ending at position 19"
"Allocate array of 39 integers dynamically","int* arr = new int[39]; remember to use delete[] arr;"
"Convert infix to postfix with 6 operations","Use operator stack, output operands, pop operators based on precedence rules"
"Explain data structure concept 218","Data structures organize and store data efficiently for specific operations and access patterns"
"Explain data structure concept 431","Data structures organize and store data efficiently for specific operations and access patterns"
"Level order traversal at level 0","Use queue with level tracking, process nodes at level 0, enqueue children"
"Time complexity of split in stack with 100 elements?","Split in stack: O(1), O(log n), O(n), or O(n²) depending on implementation"
"Insert value 380 in binary search tree","Compare 380 with node: if less go left, if greater go right, insert at null"
"Time complexity of merge in linked list with 100 elements?","Merge in linked list: O(1), O(log n), O(n), or O(n²) depending on implementation"
"How to dequeue from queue with 33 elements?","Check if empty, get front element, increment front index, decrease size, return element"
"Implement counting sort for array size 10000","Counting sort algorithm with detailed steps for 10000 elements"
"Explain data structure concept 215","Data structures organize and store data efficiently for specific operations and access patterns"
"Implement array search for value 390","Iterate through array comparing each element with target value, return index if found"
"Print numbers from 1 to 12 using recursion","Base: if n<1 return; Recursive: print(n-1), print 12"
"Operator overloading for + with 24 members","MyClass operator+(const MyClass& other) { add corresponding members, return result }"
"Implement heap sort for array size 500","Heap sort algorithm with detailed steps for 500 elements"
"Convert infix to postfix with 48 operations","Use operator stack, output operands, pop operators based on precedence rules"
"Allocate array of 13 integers dynamically","int* arr = new int[13]; remember to use delete[] arr;"
"Time complexity of deletion in array with 500 elements?","Deletion in array: O(1), O(log n), O(n), or O(n²) depending on implementation"
"How to check if stack with 30 elements is empty?","Return true if top == -1 or size == 0"
"Longest common subsequence of length 5","DP: LCS[i][j] = 1 + LCS[i-1][j-1] if match, else max(LCS[i-1][j], LCS[i][j-1])"
"Find strongly connected components in graph of size 2","Kosaraju's algorithm: DFS, transpose graph, DFS in finish time order"
"Explain data structure concept 362","Data structures organize and store data efficiently for specific operations and access patterns"
"Handle stack overflow when size is 4","Check if current_size < max_capacity (4) before push operation"
"Allocate array of 49 integers dynamically","int* arr = new int[49]; remember to use delete[] arr;"
"How to insert in a singly linked list at position 17?","Traverse to position 17, create new node, adjust next pointers: current->next = new_node->next, current = new_node. Handle head/tail edge cases."
"Explain data structure concept 123","Data structures organize and store data efficiently for specific operations and access patterns"
"Solve 0/1 knapsack with capacity 450","DP table: dp[i][w] = max value using first i items with weight limit 450"
"When to use quick sort for 10000 elements?","Quick sort is optimal when considering space/time trade-offs for n=10000"
"Validate array index 15 before access","Check if 0 <= 15 < size before accessing arr[15]"
"Find node with value 85 in BST","Start at root, if value == 85 return node, if 85 < node.value go left, else go right"
"Insert value 60 in binary search tree","Compare 60 with node: if less go left, if greater go right, insert at null"
"Calculate factorial of 13 recursively","Base: if n==0 return 1; Recursive: return 13 * factorial(12)"
"Prevent memory leak in class destructor 16","Delete all dynamically allocated memory in destructor, set pointers to nullptr"
"Level order traversal at level 33","Use queue with level tracking, process nodes at level 33, enqueue children"
"Solve 0/1 knapsack with capacity 370","DP table: dp[i][w] = max value using first i items with weight limit 370"
"Detect cycle in graph with 20 vertices","Use DFS with recursion stack or parent tracking for undirected graph"
"How to find middle in a singly linked list at position 27?","For find middle operation: traverse to position 27, adjust next pointers accordingly, handle edge cases for head/tail"
"Explain data structure concept 70","Data structures organize and store data efficiently for specific operations and access patterns"
"Space complexity of heap sort with 100 items?","Heap sort requires O(1) or O(n) or O(log n) space depending on implementation"
"Space complexity of selection sort with 5000 items?","Selection sort requires O(1) or O(n) or O(log n) space depending on implementation"
"Declare pointer to integer with value 20","int* ptr = new int(20); allocates integer on heap with value 20"
"How to reverse in a singly linked list at position 21?","For reverse operation: traverse to position 21, adjust next pointers accordingly, handle edge cases for head/tail"
"Implement priority queue for 23 elements","Use heap or sorted list, elements with higher priority dequeued first"
"Explain data structure concept 149","Data structures organize and store data efficiently for specific operations and access patterns"
"BFS traversal from node 29","Use queue: enqueue 29, dequeue, visit, enqueue unvisited neighbors"
"Time complexity of radix sort for 5000 elements?","Radix sort: O(n+k) time complexity for n=5000 elements"
"Implement push operation for stack with capacity 122","Check if size < 122, if yes: stack[++top] = element, else throw overflow"
"Longest increasing subsequence ending at index 4","DP: dp[4] = max length of LIS ending at position 4"
"Delete node 33 from BST with two children","Find inorder successor of node 33, replace node value with successor, delete successor to maintain BST property."
"Longest increasing subsequence ending at index 12","DP: dp[12] = max length of LIS ending at position 12"
"How to check if stack with 26 elements is empty?","Return true if top == -1 or size == 0"
"Time complexity of search in queue with 400 elements?","Search in queue: O(1), O(log n), O(n), or O(n²) depending on implementation"
"Declare pointer to integer with value 14","int* ptr = new int(14); allocates integer on heap with value 14"
"How to reverse in a singly linked list at position 18?","For reverse operation: traverse to position 18, adjust next pointers accordingly, handle edge cases for head/tail"
"Explain data structure concept 233","Data structures organize and store data efficiently for specific operations and access patterns"
"When to use merge sort for 10 elements?","Merge sort is optimal when considering space/time trade-offs for n=10"
"Dijkstra's shortest path to node 12","Use priority queue, update distances to node 12, select minimum distance unvisited node"
"How to find the sum of array elements from index 9 to 19?","Initialize sum=0, loop from index 9 to 19, add arr[j] to sum"
"Insert 70 into min heap","Add 70 at end, bubble up comparing with parent, swap if smaller"
"When to use counting sort for 50 elements?","Counting sort is optimal when considering space/time trade-offs for n=50"
"How to check if stack with 12 elements is empty?","Return true if top == -1 or size == 0"
"Check balanced parentheses in string of length 16","Use stack: push '(', '[', '{', pop for closing brackets, verify matching pairs"
"Time complexity of deletion in hash table with 500 elements?","Deletion in hash table: O(1), O(log n), O(n), or O(n²) depending on implementation"
"Find strongly connected components in graph of size 48","Kosaraju's algorithm: DFS, transpose graph, DFS in finish time order"
"Coin change problem with target 225","DP: ways[225] = sum of ways[225-coin] for each coin denomination"
"Linear search for value 32 in unsorted array","Check each element sequentially until value 32 found or end reached"
"Level order traversal at level 26","Use queue with level tracking, process nodes at level 26, enqueue children"
"Insert 330 into min heap","Add 330 at end, bubble up comparing with parent, swap if smaller"
"Insert value 410 in binary search tree","Compare 410 with node: if less go left, if greater go right, insert at null"
"Delete node 15 from BST with two children","Find inorder successor of node 15, replace node value with successor, delete successor to maintain BST property."
"Validate array index 41 before access","Check if 0 <= 41 < size before accessing arr[41]"
"How to insert in a singly linked list at position 21?","Traverse to position 21, create new node, adjust next pointers: current->next = new_node->next, current = new_node. Handle head/tail edge cases."
"Remove element from multiset at position 9","Use erase() for multiset, specify iterator or key"
"Explain data structure concept 109","Data structures organize and store data efficiently for specific operations and access patterns"
"Implement push operation for stack with capacity 110","Check if size < 110, if yes: stack[++top] = element, else throw overflow"
"Pointer arithmetic: ptr + 14","Moves pointer forward by 14 * sizeof(type) bytes"
"Implement array search for value 310","Iterate through array comparing each element with target value, return index if found"
"Handle empty list in operation 25","Check if head == nullptr before any operations, return appropriate value or error. Prevents null pointer dereference."
"Space complexity of counting sort with 1000 items?","Counting sort requires O(1) or O(n) or O(log n) space depending on implementation"
"Find kth smallest element where k=13","Inorder traversal with counter, return when counter == 13"
"How to detect cycle in a singly linked list at position 12?","For detect cycle operation: traverse to position 12, adjust next pointers accordingly, handle edge cases for head/tail"
"Handle stack overflow when size is 26","Check if current_size < max_capacity (26) before push operation"
"Destructor for class with dynamic array of size 46","~MyClass() { delete[] arrayPtr; } to free 46-element array"
"Extract minimum from heap of size 8","Remove root, move last element to root, bubble down to maintain heap property"
"Find strongly connected components in graph of size 43","Kosaraju's algorithm: DFS, transpose graph, DFS in finish time order"
"Destructor for class with dynamic array of size 20","~MyClass() { delete[] arrayPtr; } to free 20-element array"
"How to detect cycle in a singly linked list at position 24?","For detect cycle operation: traverse to position 24, adjust next pointers accordingly, handle edge cases for head/tail"
"Implement circular queue with size 54","Use array[54], front and rear indices with modulo arithmetic: (rear+1)%54"
"Calculate power 38^2 recursively","Base: if power==0 return 1; Recursive: return 38 * power(38, 1)"
"How do you declare an integer array of size 59 in C++?","int arr[59]; or int* arr = new int[59];"
"What is ptr[41] equivalent to?","*(ptr + 41) - both access element at index 41"
"Sum of first 42 natural numbers recursively","Base: if n==0 return 0; Recursive: return 42 + sum(41)"
"Quadratic probing starting at 42","Try positions 42, 42+1², 42+2², 42+3² until empty slot found"
"Destructor for class with dynamic array of size 33","~MyClass() { delete[] arrayPtr; } to free 33-element array"
"Explain data structure concept 186","Data structures organize and store data efficiently for specific operations and access patterns"
"Declare pointer to integer with value 40","int* ptr = new int(40); allocates integer on heap with value 40"
"How to check if stack with 8 elements is empty?","Return true if top == -1 or size == 0"
"How to check if stack with 14 elements is empty?","Return true if top == -1 or size == 0"
"Explain data structure concept 323","Data structures organize and store data efficiently for specific operations and access patterns"
"Open addressing with linear probing from index 42","If index 42 occupied, try 42+1, 42+2, ... until empty slot found"
"Find kth largest element using heap where k=5","Use min heap of size 5, insert elements, root is kth largest"
"DFS traversal starting from vertex 43","Use stack or recursion: visit 43, mark visited, recurse on unvisited neighbors"
"Explain data structure concept 7","Data structures organize and store data efficiently for specific operations and access patterns"
"How to search in a singly linked list at position 1?","Traverse list from head, compare each node's data with target, return true if found at position 1, false otherwise."
"What is ptr[44] equivalent to?","*(ptr + 44) - both access element at index 44"
"How to traverse in a singly linked list at position 12?","Start at head, follow next pointers until reaching position 12: for(i=0; i<12; i++) current = current->next."
"Solve 0/1 knapsack with capacity 180","DP table: dp[i][w] = max value using first i items with weight limit 180"
"Dereference pointer at offset 34","*(ptr + 34) accesses value at 34 positions ahead"
"What is ptr[3] equivalent to?","*(ptr + 3) - both access element at index 3"
"Print numbers from 1 to 15 using recursion","Base: if n<1 return; Recursive: print(n-1), print 15"
"Find first occurrence of 22 in sorted array","Binary search with left bias, continue searching left when target found"
"Explain data structure concept 166","Data structures organize and store data efficiently for specific operations and access patterns"
"Implement push operation for stack with capacity 148","Check if size < 148, if yes: stack[++top] = element, else throw overflow"
"Convert infix to postfix with 31 operations","Use operator stack, output operands, pop operators based on precedence rules"
"Explain data structure concept 144","Data structures organize and store data efficiently for specific operations and access patterns"
"How to sort in a singly linked list at position 17?","For sort operation: traverse to position 17, adjust next pointers accordingly, handle edge cases for head/tail"
"Implement array search for value 230","Iterate through array comparing each element with target value, return index if found"
"How to find the sum of array elements from index 43 to 53?","Initialize sum=0, loop from index 43 to 53, add arr[j] to sum"
"Insert value 490 in binary search tree","Compare 490 with node: if less go left, if greater go right, insert at null"
"Prevent memory leak in class destructor 13","Delete all dynamically allocated memory in destructor, set pointers to nullptr"
"Extract minimum from heap of size 41","Remove root, move last element to root, bubble down to maintain heap property"
"Time complexity of merge sort for 1000 elements?","Merge sort: O(n log n) all cases for n=1000"
"Calculate height of tree with 17 levels","Recursively: if null return -1, else return 1 + max(height(left), height(right))"
"Implement circular queue with size 69","Use array[69], front and rear indices with modulo arithmetic: (rear+1)%69"
"Implement push operation for stack with capacity 127","Check if size < 127, if yes: stack[++top] = element, else throw overflow"
"Heapify array of 21 elements","Start from last non-leaf node, sift down each node to satisfy heap property"
"Time complexity of split in stack with 400 elements?","Split in stack: O(1), O(log n), O(n), or O(n²) depending on implementation"
"Time complexity of split in hash table with 400 elements?","Split in hash table: O(1), O(log n), O(n), or O(n²) depending on implementation"
"How to insert in a singly linked list at position 6?","Traverse to position 6, create new node, adjust next pointers: current->next = new_node->next, current = new_node. Handle head/tail edge cases."
"Check balanced parentheses in string of length 39","Use stack: push '(', '[', '{', pop for closing brackets, verify matching pairs"
"Find kth smallest element where k=29","Inorder traversal with counter, return when counter == 29"
"Inheritance hierarchy with 23 levels","23-level inheritance: Base -> Derived1 -> ... -> Derived22"
"Double hashing with secondary hash for key 33","hash2(33) gives step size, probe at 33, 33+hash2, 33+2*hash2, ..."
"Insert 30 into min heap","Add 30 at end, bubble up comparing with parent, swap if smaller"
"How to split in a singly linked list at position 17?","For split operation: traverse to position 17, adjust next pointers accordingly, handle edge cases for head/tail"
"Array of 46 pointers","int* arr[46]; declares array of 46 integer pointers"
"Time complexity of split in BST with 200 elements?","Split in BST: O(1), O(log n), O(n), or O(n²) depending on implementation"
"Explain data structure concept 25","Data structures organize and store data efficiently for specific operations and access patterns"
"Time complexity of deletion in graph with 200 elements?","Deletion in graph: O(1), O(log n), O(n), or O(n²) depending on implementation"
"Delete node 29 from BST with two children","Find inorder successor of node 29, replace node value with successor, delete successor to maintain BST property."
"Remove element from multiset at position 13","Use erase() for multiset, specify iterator or key"
"Constructor with 42 parameters","MyClass(int p1, int p2, ..., int p42) : member1(p1), member2(p2), member42(p42) {}"
"Space complexity of merge sort with 50 items?","Merge sort requires O(1) or O(n) or O(log n) space depending on implementation"
"How do you declare an integer array of size 26 in C++?","int arr[26]; or int* arr = new int[26];"
"Explain data structure concept 220","Data structures organize and store data efficiently for specific operations and access patterns"
"Implement merge sort for array size 500","Merge sort algorithm with detailed steps for 500 elements"
"Delete node 44 from BST with two children","Find inorder successor of node 44, replace node value with successor, delete successor to maintain BST property."
"How to detect cycle in a singly linked list at position 18?","For detect cycle operation: traverse to position 18, adjust next pointers accordingly, handle edge cases for head/tail"
"Time complexity of selection sort for 1000 elements?","Selection sort: O(n²) worst/average case, O(n) best case for n=1000"
"Declare pointer to integer with value 21","int* ptr = new int(21); allocates integer on heap with value 21"
"Implement circular queue with size 48","Use array[48], front and rear indices with modulo arithmetic: (rear+1)%48"
"DFS traversal starting from vertex 31","Use stack or recursion: visit 31, mark visited, recurse on unvisited neighbors"
"Solve 0/1 knapsack with capacity 160","DP table: dp[i][w] = max value using first i items with weight limit 160"
"Copy constructor for class with 20 members","MyClass(const MyClass& other) : member1(other.member1), ... member20(other.member20) {}"
"Insert 180 into deque","deque.insert(180) or push syntax depending on container type"
"How to merge in a singly linked list at position 16?","For merge operation: traverse to position 16, adjust next pointers accordingly, handle edge cases for head/tail"
"Matrix chain multiplication with 27 matrices","DP: dp[i][j] = minimum scalar multiplications for matrices 27 to 28"
"How to search in a singly linked list at position 0?","Traverse list from head, compare each node's data with target, return true if found at position 0, false otherwise."
"Hash function for key 4400","Simple: 4400 % table_size, or multiply by prime and mod by table size"
"When to use quick sort for 20 elements?","Quick sort is optimal when considering space/time trade-offs for n=20"
"Time complexity of bubble sort for 5000 elements?","Bubble sort: O(n²) worst/average case, O(n) best case for n=5000"
"Prevent memory leak in class destructor 46","Delete all dynamically allocated memory in destructor, set pointers to nullptr"
"Coin change problem with target 130","DP: ways[130] = sum of ways[130-coin] for each coin denomination"
"Matrix chain multiplication with 47 matrices","DP: dp[i][j] = minimum scalar multiplications for matrices 47 to 48"
"Double hashing with secondary hash for key 23","hash2(23) gives step size, probe at 23, 23+hash2, 23+2*hash2, ..."
"Explain data structure concept 287","Data structures organize and store data efficiently for specific operations and access patterns"
"Handle stack overflow when size is 46","Check if current_size < max_capacity (46) before push operation"
"Explain data structure concept 104","Data structures organize and store data efficiently for specific operations and access patterns"
"Implement array search for value 380","Iterate through array comparing each element with target value, return index if found"
"Detect cycle in graph with 36 vertices","Use DFS with recursion stack or parent tracking for undirected graph"
"Find first occurrence of 49 in sorted array","Binary search with left bias, continue searching left when target found"
"Find first occurrence of 8 in sorted array","Binary search with left bias, continue searching left when target found"
"Explain data structure concept 20","Data structures organize and store data efficiently for specific operations and access patterns"
"Solve 0/1 knapsack with capacity 40","DP table: dp[i][w] = max value using first i items with weight limit 40"
"Calculate factorial of 46 recursively","Base: if n==0 return 1; Recursive: return 46 * factorial(45)"
"Prevent memory leak in class destructor 44","Delete all dynamically allocated memory in destructor, set pointers to nullptr"
"Insert 160 into multiset","multiset.insert(160) or push syntax depending on container type"
"Matrix chain multiplication with 37 matrices","DP: dp[i][j] = minimum scalar multiplications for matrices 37 to 38"
"Explain data structure concept 321","Data structures organize and store data efficiently for specific operations and access patterns"
"Find strongly connected components in graph of size 7","Kosaraju's algorithm: DFS, transpose graph, DFS in finish time order"
"Topological sort for DAG with 37 nodes","DFS-based: finish times order, or Kahn's algorithm with indegree for 37 nodes"
"Time complexity of merge sort for 100 elements?","Merge sort: O(n log n) all cases for n=100"
"Insert 60 into vector","vector.insert(60) or push syntax depending on container type"
"Implement array search for value 110","Iterate through array comparing each element with target value, return index if found"
"Explain data structure concept 180","Data structures organize and store data efficiently for specific operations and access patterns"
"Find kth smallest element where k=41","Inorder traversal with counter, return when counter == 41"
"Edit distance between strings of length 8","DP: dp[i][j] = min cost to transform first i chars to first j chars"
"Hash function for key 5000","Simple: 5000 % table_size, or multiply by prime and mod by table size"
"Handle collision at index 25 using chaining","Linked list at index 25, insert colliding element at list head or tail"
"Find kth largest element using heap where k=45","Use min heap of size 45, insert elements, root is kth largest"
"Extract minimum from heap of size 14","Remove root, move last element to root, bubble down to maintain heap property"
"What is the time complexity of accessing element at index 7?","O(1) - constant time for random access in arrays"
"Explain data structure concept 260","Data structures organize and store data efficiently for specific operations and access patterns"
"Explain data structure concept 291","Data structures organize and store data efficiently for specific operations and access patterns"
"Implement push operation for stack with capacity 134","Check if size < 134, if yes: stack[++top] = element, else throw overflow"
"Pointer arithmetic: ptr + 47","Moves pointer forward by 47 * sizeof(type) bytes"
"Hash function for key 3100","Simple: 3100 % table_size, or multiply by prime and mod by table size"
"Find node with value 175 in BST","Start at root, if value == 175 return node, if 175 < node.value go left, else go right"
"Print numbers from 1 to 14 using recursion","Base: if n<1 return; Recursive: print(n-1), print 14"
"Implement priority queue for 5 elements","Use heap or sorted list, elements with higher priority dequeued first"
"Sum of first 46 natural numbers recursively","Base: if n==0 return 0; Recursive: return 46 + sum(45)"
"Topological sort for DAG with 35 nodes","DFS-based: finish times order, or Kahn's algorithm with indegree for 35 nodes"
"Handle stack overflow when size is 38","Check if current_size < max_capacity (38) before push operation"
"Handle empty list in operation 28","Check if head == nullptr before any operations, return appropriate value or error. Prevents null pointer dereference."
"Explain data structure concept 156","Data structures organize and store data efficiently for specific operations and access patterns"
"Declare pointer to integer with value 31","int* ptr = new int(31); allocates integer on heap with value 31"
"Time complexity of quick sort for 1000 elements?","Quick sort: O(n log n) average case, O(n²) worst case for n=1000"
"Explain data structure concept 164","Data structures organize and store data efficiently for specific operations and access patterns"
"Matrix chain multiplication with 12 matrices","DP: dp[i][j] = minimum scalar multiplications for matrices 12 to 13"
"Explain data structure concept 415","Data structures organize and store data efficiently for specific operations and access patterns"
"BFS traversal from node 15","Use queue: enqueue 15, dequeue, visit, enqueue unvisited neighbors"
"How to insert in a singly linked list at position 15?","Traverse to position 15, create new node, adjust next pointers: current->next = new_node->next, current = new_node. Handle head/tail edge cases."
"Tower of Hanoi with 11 disks","Move 10 disks to auxiliary, move disk 11 to destination, move 10 disks to destination"
"Double hashing with secondary hash for key 22","hash2(22) gives step size, probe at 22, 22+hash2, 22+2*hash2, ..."
"How to find middle in a singly linked list at position 6?","For find middle operation: traverse to position 6, adjust next pointers accordingly, handle edge cases for head/tail"
"How to detect cycle in a singly linked list at position 7?","For detect cycle operation: traverse to position 7, adjust next pointers accordingly, handle edge cases for head/tail"
"How do you declare an integer array of size 44 in C++?","int arr[44]; or int* arr = new int[44];"
"How to detect cycle in a singly linked list at position 10?","For detect cycle operation: traverse to position 10, adjust next pointers accordingly, handle edge cases for head/tail"
"Time complexity of sort in BST with 100 elements?","Sort in BST: O(1), O(log n), O(n), or O(n²) depending on implementation"
"Quadratic probing starting at 44","Try positions 44, 44+1², 44+2², 44+3² until empty slot found"
"Array of 19 pointers","int* arr[19]; declares array of 19 integer pointers"
"Longest increasing subsequence ending at index 8","DP: dp[8] = max length of LIS ending at position 8"
"Implement array search for value 0","Iterate through array comparing each element with target value, return index if found"
"Insert 340 into min heap","Add 340 at end, bubble up comparing with parent, swap if smaller"
"How to find the sum of array elements from index 29 to 39?","Initialize sum=0, loop from index 29 to 39, add arr[j] to sum"
"Explain data structure concept 397","Data structures organize and store data efficiently for specific operations and access patterns"
"Handle stack overflow when size is 19","Check if current_size < max_capacity (19) before push operation"
"Explain data structure concept 417","Data structures organize and store data efficiently for specific operations and access patterns"
"Binary search in sorted array of 146 elements","Divide array of 146 in half each iteration, O(log 146) time"
"Insert 160 into deque","deque.insert(160) or push syntax depending on container type"
"Implement circular queue with size 67","Use array[67], front and rear indices with modulo arithmetic: (rear+1)%67"
"Insert 70 into list","list.insert(70) or push syntax depending on container type"
"Print numbers from 1 to 16 using recursion","Base: if n<1 return; Recursive: print(n-1), print 16"
"Time complexity of merge in stack with 300 elements?","Merge in stack: O(1), O(log n), O(n), or O(n²) depending on implementation"
"Find strongly connected components in graph of size 40","Kosaraju's algorithm: DFS, transpose graph, DFS in finish time order"
"Calculate factorial of 10 recursively","Base: if n==0 return 1; Recursive: return 10 * factorial(9)"
"Explain data structure concept 331","Data structures organize and store data efficiently for specific operations and access patterns"
"Evaluate expression with 31 operators using stack","Push operands to stack, for each operator pop required operands, compute and push result"
"Binary search in sorted array of 134 elements","Divide array of 134 in half each iteration, O(log 134) time"
"Detect cycle in graph with 29 vertices","Use DFS with recursion stack or parent tracking for undirected graph"
"Handle collision at index 34 using chaining","Linked list at index 34, insert colliding element at list head or tail"
"How to sort in a singly linked list at position 0?","For sort operation: traverse to position 0, adjust next pointers accordingly, handle edge cases for head/tail"
"Handle empty list in operation 26","Check if head == nullptr before any operations, return appropriate value or error. Prevents null pointer dereference."
"How to check if stack with 45 elements is empty?","Return true if top == -1 or size == 0"
"Space complexity of selection sort with 50 items?","Selection sort requires O(1) or O(n) or O(log n) space depending on implementation"
"Solve 0/1 knapsack with capacity 270","DP table: dp[i][w] = max value using first i items with weight limit 270"
"Calculate factorial of 44 recursively","Base: if n==0 return 1; Recursive: return 44 * factorial(43)"
"Evaluate expression with 32 operators using stack","Push operands to stack, for each operator pop required operands, compute and push result"
"Edit distance between strings of length 26","DP: dp[i][j] = min cost to transform first i chars to first j chars"
"DFS traversal starting from vertex 40","Use stack or recursion: visit 40, mark visited, recurse on unvisited neighbors"
"How to search in a singly linked list at position 26?","Traverse list from head, compare each node's data with target, return true if found at position 26, false otherwise."
"Explain data structure concept 457","Data structures organize and store data efficiently for specific operations and access patterns"
"Extract minimum from heap of size 34","Remove root, move last element to root, bubble down to maintain heap property"
"BFS traversal from node 22","Use queue: enqueue 22, dequeue, visit, enqueue unvisited neighbors"
"Longest common subsequence of length 37","DP: LCS[i][j] = 1 + LCS[i-1][j-1] if match, else max(LCS[i-1][j], LCS[i][j-1])"
"Construct BST from array of 23 elements","Sort array, pick middle as root for 23 elements, recursively build left and right subtrees"
"Space complexity of radix sort with 1000 items?","Radix sort requires O(1) or O(n) or O(log n) space depending on implementation"
"Find node with value 140 in BST","Start at root, if value == 140 return node, if 140 < node.value go left, else go right"
"Time complexity of radix sort for 50 elements?","Radix sort: O(n+k) time complexity for n=50 elements"
"Inheritance hierarchy with 6 levels","6-level inheritance: Base -> Derived1 -> ... -> Derived5"
"Time complexity of search in hash table with 300 elements?","Search in hash table: O(1), O(log n), O(n), or O(n²) depending on implementation"
"Operator overloading for + with 42 members","MyClass operator+(const MyClass& other) { add corresponding members, return result }"
"Quadratic probing starting at 31","Try positions 31, 31+1², 31+2², 31+3² until empty slot found"
"Find kth largest element using heap where k=21","Use min heap of size 21, insert elements, root is kth largest"
"Implement priority queue for 48 elements","Use heap or sorted list, elements with higher priority dequeued first"
"Explain data structure concept 286","Data structures organize and store data efficiently for specific operations and access patterns"
"Hash function for key 1900","Simple: 1900 % table_size, or multiply by prime and mod by table size"
"Explain data structure concept 461","Data structures organize and store data efficiently for specific operations and access patterns"
"Hash function for key 3800","Simple: 3800 % table_size, or multiply by prime and mod by table size"
"Operator overloading for + with 4 members","MyClass operator+(const MyClass& other) { add corresponding members, return result }"
"Constructor with 46 parameters","MyClass(int p1, int p2, ..., int p46) : member1(p1), member2(p2), member46(p46) {}"
"Space complexity of merge sort with 500 items?","Merge sort requires O(1) or O(n) or O(log n) space depending on implementation"
"Delete node 35 from BST with two children","Find inorder successor of node 35, replace node value with successor, delete successor to maintain BST property."
"Heapify array of 42 elements","Start from last non-leaf node, sift down each node to satisfy heap property"
"Evaluate expression with 14 operators using stack","Push operands to stack, for each operator pop required operands, compute and push result"
"Time complexity of merge in BST with 400 elements?","Merge in BST: O(1), O(log n), O(n), or O(n²) depending on implementation"
"Insert value 70 in binary search tree","Compare 70 with node: if less go left, if greater go right, insert at null"
"Space complexity of radix sort with 5000 items?","Radix sort requires O(1) or O(n) or O(log n) space depending on implementation"
"Double hashing with secondary hash for key 40","hash2(40) gives step size, probe at 40, 40+hash2, 40+2*hash2, ..."
"What is the time complexity of accessing element at index 2?","O(1) - constant time for random access in arrays"
"Heapify array of 17 elements","Start from last non-leaf node, sift down each node to satisfy heap property"
"What is ptr[27] equivalent to?","*(ptr + 27) - both access element at index 27"
"Handle stack overflow when size is 47","Check if current_size < max_capacity (47) before push operation"
"Calculate power 8^2 recursively","Base: if power==0 return 1; Recursive: return 8 * power(8, 1)"
"Calculate factorial of 2 recursively","Base: if n==0 return 1; Recursive: return 2 * factorial(1)"
"Time complexity of merge sort for 20 elements?","Merge sort: O(n log n) all cases for n=20"
"BFS traversal from node 6","Use queue: enqueue 6, dequeue, visit, enqueue unvisited neighbors"
"Dijkstra's shortest path to node 14","Use priority queue, update distances to node 14, select minimum distance unvisited node"
"How to sort in a singly linked list at position 7?","For sort operation: traverse to position 7, adjust next pointers accordingly, handle edge cases for head/tail"
"Search in rotated sorted array at rotation point 6","Find pivot using binary search, then binary search in appropriate half"
"Pointer arithmetic: ptr + 38","Moves pointer forward by 38 * sizeof(type) bytes"
"Edit distance between strings of length 30","DP: dp[i][j] = min cost to transform first i chars to first j chars"
"Insert value 360 in binary search tree","Compare 360 with node: if less go left, if greater go right, insert at null"
"Tower of Hanoi with 17 disks","Move 16 disks to auxiliary, move disk 17 to destination, move 16 disks to destination"
"Insert value 310 in binary search tree","Compare 310 with node: if less go left, if greater go right, insert at null"
"Fibonacci number at position 6","Base: if n<=1 return n; Recursive: return fib(5) + fib(4)"
"Double hashing with secondary hash for key 1","hash2(1) gives step size, probe at 1, 1+hash2, 1+2*hash2, ..."
"Pointer arithmetic: ptr + 41","Moves pointer forward by 41 * sizeof(type) bytes"
"Explain data structure concept 77","Data structures organize and store data efficiently for specific operations and access patterns"
"Evaluate expression with 30 operators using stack","Push operands to stack, for each operator pop required operands, compute and push result"
"Time complexity of sort in queue with 100 elements?","Sort in queue: O(1), O(log n), O(n), or O(n²) depending on implementation"
"Inheritance hierarchy with 3 levels","3-level inheritance: Base -> Derived1 -> ... -> Derived2"
"Double hashing with secondary hash for key 16","hash2(16) gives step size, probe at 16, 16+hash2, 16+2*hash2, ..."
"Insert 160 into min heap","Add 160 at end, bubble up comparing with parent, swap if smaller"
"Remove element from deque at position 10","Use erase() for deque, specify iterator or key"
"Explain data structure concept 143","Data structures organize and store data efficiently for specific operations and access patterns"
"Time complexity of insertion in graph with 400 elements?","Insertion in graph: O(1), O(log n), O(n), or O(n²) depending on implementation"
"Calculate factorial of 31 recursively","Base: if n==0 return 1; Recursive: return 31 * factorial(30)"
"Implement push operation for stack with capacity 143","Check if size < 143, if yes: stack[++top] = element, else throw overflow"
"Dereference pointer at offset 17","*(ptr + 17) accesses value at 17 positions ahead"
"Explain data structure concept 22","Data structures organize and store data efficiently for specific operations and access patterns"
"Find node with value 15 in BST","Start at root, if value == 15 return node, if 15 < node.value go left, else go right"
"Quadratic probing starting at 10","Try positions 10, 10+1², 10+2², 10+3² until empty slot found"
"When to use merge sort for 20 elements?","Merge sort is optimal when considering space/time trade-offs for n=20"
"Fibonacci number at position 5","Base: if n<=1 return n; Recursive: return fib(4) + fib(3)"
"Delete node 37 from BST with two children","Find inorder successor of node 37, replace node value with successor, delete successor to maintain BST property."
"How to find the sum of array elements from index 12 to 22?","Initialize sum=0, loop from index 12 to 22, add arr[j] to sum"
"Insert value 30 in binary search tree","Compare 30 with node: if less go left, if greater go right, insert at null"
"Calculate height of tree with 38 levels","Recursively: if null return -1, else return 1 + max(height(left), height(right))"
"Calculate height of tree with 37 levels","Recursively: if null return -1, else return 1 + max(height(left), height(right))"
"How to insert in a singly linked list at position 10?","Traverse to position 10, create new node, adjust next pointers: current->next = new_node->next, current = new_node. Handle head/tail edge cases."
"Pointer arithmetic: ptr + 33","Moves pointer forward by 33 * sizeof(type) bytes"
"Implement insertion sort for array size 100","Insertion sort algorithm with detailed steps for 100 elements"
"How to split in a singly linked list at position 6?","For split operation: traverse to position 6, adjust next pointers accordingly, handle edge cases for head/tail"
"How do you declare an integer array of size 56 in C++?","int arr[56]; or int* arr = new int[56];"
"Open addressing with linear probing from index 22","If index 22 occupied, try 22+1, 22+2, ... until empty slot found"
"BFS traversal from node 39","Use queue: enqueue 39, dequeue, visit, enqueue unvisited neighbors"
"Operator overloading for + with 9 members","MyClass operator+(const MyClass& other) { add corresponding members, return result }"
"Handle stack overflow when size is 15","Check if current_size < max_capacity (15) before push operation"
"Delete node 6 from BST with two children","Find inorder successor of node 6, replace node value with successor, delete successor to maintain BST property."
"Explain data structure concept 89","Data structures organize and store data efficiently for specific operations and access patterns"
"Validate array index 43 before access","Check if 0 <= 43 < size before accessing arr[43]"
"Convert infix to postfix with 7 operations","Use operator stack, output operands, pop operators based on precedence rules"
"Detect cycle in graph with 16 vertices","Use DFS with recursion stack or parent tracking for undirected graph"
"Insert value 110 in binary search tree","Compare 110 with node: if less go left, if greater go right, insert at null"
"Sum of first 5 natural numbers recursively","Base: if n==0 return 0; Recursive: return 5 + sum(4)"
"Quadratic probing starting at 34","Try positions 34, 34+1², 34+2², 34+3² until empty slot found"
"How to detect cycle in a singly linked list at position 26?","For detect cycle operation: traverse to position 26, adjust next pointers accordingly, handle edge cases for head/tail"
"Insert 20 into multiset","multiset.insert(20) or push syntax depending on container type"
"Binary search in sorted array of 142 elements","Divide array of 142 in half each iteration, O(log 142) time"
"Dereference pointer at offset 38","*(ptr + 38) accesses value at 38 positions ahead"
"How to find the sum of array elements from index 37 to 47?","Initialize sum=0, loop from index 37 to 47, add arr[j] to sum"
"Longest common subsequence of length 39","DP: LCS[i][j] = 1 + LCS[i-1][j-1] if match, else max(LCS[i-1][j], LCS[i][j-1])"
"Insert 130 into deque","deque.insert(130) or push syntax depending on container type"
"Find first occurrence of 16 in sorted array","Binary search with left bias, continue searching left when target found"
"Hash function for key 500","Simple: 500 % table_size, or multiply by prime and mod by table size"
"Detect cycle in graph with 8 vertices","Use DFS with recursion stack or parent tracking for undirected graph"
"How to merge in a singly linked list at position 14?","For merge operation: traverse to position 14, adjust next pointers accordingly, handle edge cases for head/tail"
"Remove element from multiset at position 7","Use erase() for multiset, specify iterator or key"
"Explain data structure concept 76","Data structures organize and store data efficiently for specific operations and access patterns"
"Implement selection sort for array size 5000","Selection sort algorithm with detailed steps for 5000 elements"
"Search in rotated sorted array at rotation point 36","Find pivot using binary search, then binary search in appropriate half"
"Longest common subsequence of length 38","DP: LCS[i][j] = 1 + LCS[i-1][j-1] if match, else max(LCS[i-1][j], LCS[i][j-1])"
"Check balanced parentheses in string of length 14","Use stack: push '(', '[', '{', pop for closing brackets, verify matching pairs"
"Array of 12 pointers","int* arr[12]; declares array of 12 integer pointers"
"Prevent memory leak in class destructor 12","Delete all dynamically allocated memory in destructor, set pointers to nullptr"
"Time complexity of split in queue with 100 elements?","Split in queue: O(1), O(log n), O(n), or O(n²) depending on implementation"
"Calculate power 40^2 recursively","Base: if power==0 return 1; Recursive: return 40 * power(40, 1)"
"Copy constructor for class with 19 members","MyClass(const MyClass& other) : member1(other.member1), ... member19(other.member19) {}"
"Topological sort for DAG with 30 nodes","DFS-based: finish times order, or Kahn's algorithm with indegree for 30 nodes"
"Insert 0 into deque","deque.insert(0) or push syntax depending on container type"
"Print numbers from 1 to 25 using recursion","Base: if n<1 return; Recursive: print(n-1), print 25"
"Double hashing with secondary hash for key 48","hash2(48) gives step size, probe at 48, 48+hash2, 48+2*hash2, ..."
"Explain data structure concept 454","Data structures organize and store data efficiently for specific operations and access patterns"
"How do you declare an integer array of size 51 in C++?","int arr[51]; or int* arr = new int[51];"
"How to check if stack with 1 elements is empty?","Return true if top == -1 or size == 0"
"Calculate power 45^2 recursively","Base: if power==0 return 1; Recursive: return 45 * power(45, 1)"
"Remove element from list at position 10","Use erase() for list, specify iterator or key"
"Search in rotated sorted array at rotation point 23","Find pivot using binary search, then binary search in appropriate half"
"Longest common subsequence of length 16","DP: LCS[i][j] = 1 + LCS[i-1][j-1] if match, else max(LCS[i-1][j], LCS[i][j-1])"
"Topological sort for DAG with 17 nodes","DFS-based: finish times order, or Kahn's algorithm with indegree for 17 nodes"
"Operator overloading for + with 20 members","MyClass operator+(const MyClass& other) { add corresponding members, return result }"
"Handle stack overflow when size is 20","Check if current_size < max_capacity (20) before push operation"
"Double hashing with secondary hash for key 41","hash2(41) gives step size, probe at 41, 41+hash2, 41+2*hash2, ..."
"Calculate height of tree with 24 levels","Recursively: if null return -1, else return 1 + max(height(left), height(right))"
"When to use quick sort for 50 elements?","Quick sort is optimal when considering space/time trade-offs for n=50"
"Print numbers from 1 to 9 using recursion","Base: if n<1 return; Recursive: print(n-1), print 9"
"Check balanced parentheses in string of length 35","Use stack: push '(', '[', '{', pop for closing brackets, verify matching pairs"
"Space complexity of selection sort with 10 items?","Selection sort requires O(1) or O(n) or O(log n) space depending on implementation"
"Quadratic probing starting at 46","Try positions 46, 46+1², 46+2², 46+3² until empty slot found"
"Explain data structure concept 359","Data structures organize and store data efficiently for specific operations and access patterns"
"Find strongly connected components in graph of size 33","Kosaraju's algorithm: DFS, transpose graph, DFS in finish time order"
"Find kth smallest element where k=42","Inorder traversal with counter, return when counter == 42"
"How to search in a singly linked list at position 21?","Traverse list from head, compare each node's data with target, return true if found at position 21, false otherwise."
"Calculate power 27^2 recursively","Base: if power==0 return 1; Recursive: return 27 * power(27, 1)"
"Level order traversal at level 20","Use queue with level tracking, process nodes at level 20, enqueue children"
"Find kth largest element using heap where k=12","Use min heap of size 12, insert elements, root is kth largest"
"What is the time complexity of accessing element at index 32?","O(1) - constant time for random access in arrays"
"Sum of first 2 natural numbers recursively","Base: if n==0 return 0; Recursive: return 2 + sum(1)"
"Copy constructor for class with 16 members","MyClass(const MyClass& other) : member1(other.member1), ... member16(other.member16) {}"
"Linear search for value 35 in unsorted array","Check each element sequentially until value 35 found or end reached"
"Inheritance hierarchy with 46 levels","46-level inheritance: Base -> Derived1 -> ... -> Derived45"
"Insert 120 into deque","deque.insert(120) or push syntax depending on container type"
"Insert 60 into deque","deque.insert(60) or push syntax depending on container type"
"Linear search for value 12 in unsorted array","Check each element sequentially until value 12 found or end reached"
"Insert 300 into min heap","Add 300 at end, bubble up comparing with parent, swap if smaller"
"Explain data structure concept 429","Data structures organize and store data efficiently for specific operations and access patterns"
"Time complexity of insertion sort for 10000 elements?","Insertion sort: O(n²) worst/average case, O(n) best case for n=10000"
"Allocate array of 10 integers dynamically","int* arr = new int[10]; remember to use delete[] arr;"
"How to find middle in a singly linked list at position 11?","For find middle operation: traverse to position 11, adjust next pointers accordingly, handle edge cases for head/tail"
"Validate array index 21 before access","Check if 0 <= 21 < size before accessing arr[21]"
"Linear search for value 9 in unsorted array","Check each element sequentially until value 9 found or end reached"
"Implement push operation for stack with capacity 114","Check if size < 114, if yes: stack[++top] = element, else throw overflow"
"Binary search in sorted array of 121 elements","Divide array of 121 in half each iteration, O(log 121) time"
"Tower of Hanoi with 43 disks","Move 42 disks to auxiliary, move disk 43 to destination, move 42 disks to destination"
"How to reverse in a singly linked list at position 8?","For reverse operation: traverse to position 8, adjust next pointers accordingly, handle edge cases for head/tail"
"Explain data structure concept 17","Data structures organize and store data efficiently for specific operations and access patterns"
"Construct BST from array of 39 elements","Sort array, pick middle as root for 39 elements, recursively build left and right subtrees"
"Time complexity of deletion in heap with 500 elements?","Deletion in heap: O(1), O(log n), O(n), or O(n²) depending on implementation"
"Hash function for key 2800","Simple: 2800 % table_size, or multiply by prime and mod by table size"
"Implement push operation for stack with capacity 117","Check if size < 117, if yes: stack[++top] = element, else throw overflow"
"How to sort in a singly linked list at position 21?","For sort operation: traverse to position 21, adjust next pointers accordingly, handle edge cases for head/tail"
"Open addressing with linear probing from index 34","If index 34 occupied, try 34+1, 34+2, ... until empty slot found"
"Implement priority queue for 39 elements","Use heap or sorted list, elements with higher priority dequeued first"
"Convert infix to postfix with 42 operations","Use operator stack, output operands, pop operators based on precedence rules"
"Implement array search for value 340","Iterate through array comparing each element with target value, return index if found"
"Explain data structure concept 399","Data structures organize and store data efficiently for specific operations and access patterns"
"Time complexity of sort in BST with 300 elements?","Sort in BST: O(1), O(log n), O(n), or O(n²) depending on implementation"
"Explain data structure concept 375","Data structures organize and store data efficiently for specific operations and access patterns"
"Implement array search for value 440","Iterate through array comparing each element with target value, return index if found"
"Inheritance hierarchy with 40 levels","40-level inheritance: Base -> Derived1 -> ... -> Derived39"
"Explain data structure concept 26","Data structures organize and store data efficiently for specific operations and access patterns"
"Handle empty list in operation 30","Check if head == nullptr before any operations, return appropriate value or error. Prevents null pointer dereference."
"Implement selection sort for array size 50","Selection sort algorithm with detailed steps for 50 elements"
"How to insert in a singly linked list at position 24?","Traverse to position 24, create new node, adjust next pointers: current->next = new_node->next, current = new_node. Handle head/tail edge cases."
"Edit distance between strings of length 6","DP: dp[i][j] = min cost to transform first i chars to first j chars"
"Insert 310 into min heap","Add 310 at end, bubble up comparing with parent, swap if smaller"
"Print numbers from 1 to 36 using recursion","Base: if n<1 return; Recursive: print(n-1), print 36"
"Detect cycle in graph with 30 vertices","Use DFS with recursion stack or parent tracking for undirected graph"
"Calculate height of tree with 20 levels","Recursively: if null return -1, else return 1 + max(height(left), height(right))"
"Construct BST from array of 12 elements","Sort array, pick middle as root for 12 elements, recursively build left and right subtrees"
"Linear search for value 24 in unsorted array","Check each element sequentially until value 24 found or end reached"
"BFS traversal starting from node 15","Use queue: enqueue node 15, while queue not empty: dequeue, visit, enqueue unvisited neighbors"
"Explain data structure concept 366","Data structures organize and store data efficiently for specific operations and access patterns"
"Delete node 42 from BST with two children","Find inorder successor of node 42, replace node value with successor, delete successor to maintain BST property."
"DFS traversal starting from vertex 4","Use stack or recursion: visit 4, mark visited, recurse on unvisited neighbors"
"Validate array index 2 before access","Check if 0 <= 2 < size before accessing arr[2]"
"Find first occurrence of 28 in sorted array","Binary search with left bias, continue searching left when target found"
"Explain data structure concept 246","Data structures organize and store data efficiently for specific operations and access patterns"
"Array of 16 pointers","int* arr[16]; declares array of 16 integer pointers"
"Check if tree is balanced with 7 nodes","For each node check if |height(left) - height(right)| <= 1"
"Time complexity of bubble sort for 20 elements?","Bubble sort: O(n²) worst/average case, O(n) best case for n=20"
"Inheritance hierarchy with 11 levels","11-level inheritance: Base -> Derived1 -> ... -> Derived10"
"Longest common subsequence of length 4","DP: LCS[i][j] = 1 + LCS[i-1][j-1] if match, else max(LCS[i-1][j], LCS[i][j-1])"
"Pointer arithmetic: ptr + 12","Moves pointer forward by 12 * sizeof(type) bytes"
"Explain data structure concept 24","Data structures organize and store data efficiently for specific operations and access patterns"
"Insert 20 into vector","vector.insert(20) or push syntax depending on container type"
"Insert 40 into set","set.insert(40) or push syntax depending on container type"
"Dereference pointer at offset 4","*(ptr + 4) accesses value at 4 positions ahead"
"Time complexity of insertion in heap with 100 elements?","Insertion in heap: O(1), O(log n), O(n), or O(n²) depending on implementation"
"How to find the sum of array elements from index 32 to 42?","Initialize sum=0, loop from index 32 to 42, add arr[j] to sum"
"Heapify array of 20 elements","Start from last non-leaf node, sift down each node to satisfy heap property"
"Inheritance hierarchy with 34 levels","34-level inheritance: Base -> Derived1 -> ... -> Derived33"
"BFS traversal from node 35","Use queue: enqueue 35, dequeue, visit, enqueue unvisited neighbors"
"Inheritance hierarchy with 45 levels","45-level inheritance: Base -> Derived1 -> ... -> Derived44"
"Extract minimum from heap of size 11","Remove root, move last element to root, bubble down to maintain heap property"
"What is ptr[46] equivalent to?","*(ptr + 46) - both access element at index 46"
"Check if tree is balanced with 40 nodes","For each node check if |height(left) - height(right)| <= 1"
"Quadratic probing starting at 25","Try positions 25, 25+1², 25+2², 25+3² until empty slot found"
"Explain data structure concept 2","Data structures organize and store data efficiently for specific operations and access patterns"
"Time complexity of sort in linked list with 500 elements?","Sort in linked list: O(1), O(log n), O(n), or O(n²) depending on implementation"
"Calculate factorial of 26 recursively","Base: if n==0 return 1; Recursive: return 26 * factorial(25)"
"Check balanced parentheses in string of length 32","Use stack: push '(', '[', '{', pop for closing brackets, verify matching pairs"
"Handle empty list in operation 21","Check if head == nullptr before any operations, return appropriate value or error. Prevents null pointer dereference."
"Implement push operation for stack with capacity 112","Check if size < 112, if yes: stack[++top] = element, else throw overflow"
"How do you declare an integer array of size 50 in C++?","int arr[50]; or int* arr = new int[50];"
"Evaluate expression with 21 operators using stack","Push operands to stack, for each operator pop required operands, compute and push result"
"Explain data structure concept 277","Data structures organize and store data efficiently for specific operations and access patterns"
"Dereference pointer at offset 46","*(ptr + 46) accesses value at 46 positions ahead"
"Create class with 49 data members","class MyClass { private: int member1; int member2; ... int member49; };"
"Time complexity of merge sort for 50 elements?","Merge sort: O(n log n) all cases for n=50"
"Implement array search for value 90","Iterate through array comparing each element with target value, return index if found"
"Operator overloading for + with 36 members","MyClass operator+(const MyClass& other) { add corresponding members, return result }"
"What is the time complexity of accessing element at index 26?","O(1) - constant time for random access in arrays"
"Pointer arithmetic: ptr + 2","Moves pointer forward by 2 * sizeof(type) bytes"
"Open addressing with linear probing from index 49","If index 49 occupied, try 49+1, 49+2, ... until empty slot found"
"Find kth smallest element where k=4","Inorder traversal with counter, return when counter == 4"
"Evaluate expression with 24 operators using stack","Push operands to stack, for each operator pop required operands, compute and push result"
"Inheritance hierarchy with 21 levels","21-level inheritance: Base -> Derived1 -> ... -> Derived20"
"Explain data structure concept 63","Data structures organize and store data efficiently for specific operations and access patterns"
"Fibonacci number at position 8","Base: if n<=1 return n; Recursive: return fib(7) + fib(6)"
"Explain data structure concept 214","Data structures organize and store data efficiently for specific operations and access patterns"
"How to check if stack with 2 elements is empty?","Return true if top == -1 or size == 0"
"Remove element from set at position 9","Use erase() for set, specify iterator or key"
"Handle empty list in operation 3","Check if head == nullptr before any operations, return appropriate value or error. Prevents null pointer dereference."
"Implement circular queue with size 52","Use array[52], front and rear indices with modulo arithmetic: (rear+1)%52"
"What is the time complexity of accessing element at index 42?","O(1) - constant time for random access in arrays"
"Calculate power 47^2 recursively","Base: if power==0 return 1; Recursive: return 47 * power(47, 1)"
"Operator overloading for + with 37 members","MyClass operator+(const MyClass& other) { add corresponding members, return result }"
"Remove element from deque at position 4","Use erase() for deque, specify iterator or key"
"Time complexity of deletion in heap with 300 elements?","Deletion in heap: O(1), O(log n), O(n), or O(n²) depending on implementation"
"Pointer arithmetic: ptr + 6","Moves pointer forward by 6 * sizeof(type) bytes"
"Implement priority queue for 29 elements","Use heap or sorted list, elements with higher priority dequeued first"
"Time complexity of search in hash table with 500 elements?","Search in hash table: O(1), O(log n), O(n), or O(n²) depending on implementation"
"Calculate power 10^2 recursively","Base: if power==0 return 1; Recursive: return 10 * power(10, 1)"
"What is ptr[26] equivalent to?","*(ptr + 26) - both access element at index 26"
"Destructor for class with dynamic array of size 45","~MyClass() { delete[] arrayPtr; } to free 45-element array"
"Open addressing with linear probing from index 5","If index 5 occupied, try 5+1, 5+2, ... until empty slot found"
"Implement merge sort for array size 1000","Merge sort algorithm with detailed steps for 1000 elements"
"Tower of Hanoi with 10 disks","Move 9 disks to auxiliary, move disk 10 to destination, move 9 disks to destination"
"Array of 21 pointers","int* arr[21]; declares array of 21 integer pointers"
"Allocate array of 38 integers dynamically","int* arr = new int[38]; remember to use delete[] arr;"
"Time complexity of merge in BST with 200 elements?","Merge in BST: O(1), O(log n), O(n), or O(n²) depending on implementation"
"Explain data structure concept 434","Data structures organize and store data efficiently for specific operations and access patterns"
"Remove element from map at position 6","Use erase() for map, specify iterator or key"
"Time complexity of merge in hash table with 100 elements?","Merge in hash table: O(1), O(log n), O(n), or O(n²) depending on implementation"
"Edit distance between strings of length 24","DP: dp[i][j] = min cost to transform first i chars to first j chars"
"Explain data structure concept 197","Data structures organize and store data efficiently for specific operations and access patterns"
"How to split in a singly linked list at position 27?","For split operation: traverse to position 27, adjust next pointers accordingly, handle edge cases for head/tail"
"Handle collision at index 20 using chaining","Linked list at index 20, insert colliding element at list head or tail"
"Time complexity of search in graph with 100 elements?","Search in graph: O(1), O(log n), O(n), or O(n²) depending on implementation"
"Implement circular queue with size 45","Use array[45], front and rear indices with modulo arithmetic: (rear+1)%45"
"Detect cycle in graph with 33 vertices","Use DFS with recursion stack or parent tracking for undirected graph"
"Sum of first 17 natural numbers recursively","Base: if n==0 return 0; Recursive: return 17 + sum(16)"
"Inheritance hierarchy with 39 levels","39-level inheritance: Base -> Derived1 -> ... -> Derived38"
"Implement array search for value 430","Iterate through array comparing each element with target value, return index if found"
"Array of 14 pointers","int* arr[14]; declares array of 14 integer pointers"
"How to find the sum of array elements from index 19 to 29?","Initialize sum=0, loop from index 19 to 29, add arr[j] to sum"
"Convert infix to postfix with 38 operations","Use operator stack, output operands, pop operators based on precedence rules"
"How to dequeue from queue with 0 elements?","Check if empty, get front element, increment front index, decrease size, return element"
"What is ptr[30] equivalent to?","*(ptr + 30) - both access element at index 30"
"Time complexity of split in array with 500 elements?","Split in array: O(1), O(log n), O(n), or O(n²) depending on implementation"
"Calculate power 17^2 recursively","Base: if power==0 return 1; Recursive: return 17 * power(17, 1)"
"Coin change problem with target 85","DP: ways[85] = sum of ways[85-coin] for each coin denomination"
"How to find the sum of array elements from index 23 to 33?","Initialize sum=0, loop from index 23 to 33, add arr[j] to sum"
"Delete node 16 from BST with two children","Find inorder successor of node 16, replace node value with successor, delete successor to maintain BST property."
"Hash function for key 2200","Simple: 2200 % table_size, or multiply by prime and mod by table size"
"What is ptr[47] equivalent to?","*(ptr + 47) - both access element at index 47"
"How to merge in a singly linked list at position 25?","For merge operation: traverse to position 25, adjust next pointers accordingly, handle edge cases for head/tail"
"Coin change problem with target 195","DP: ways[195] = sum of ways[195-coin] for each coin denomination"
"Quadratic probing starting at 30","Try positions 30, 30+1², 30+2², 30+3² until empty slot found"
"Explain data structure concept 351","Data structures organize and store data efficiently for specific operations and access patterns"
"Longest common subsequence of length 41","DP: LCS[i][j] = 1 + LCS[i-1][j-1] if match, else max(LCS[i-1][j], LCS[i][j-1])"
"Explain data structure concept 259","Data structures organize and store data efficiently for specific operations and access patterns"
"Check balanced parentheses in string of length 43","Use stack: push '(', '[', '{', pop for closing brackets, verify matching pairs"
"Remove element from deque at position 9","Use erase() for deque, specify iterator or key"
"Time complexity of search in heap with 100 elements?","Search in heap: O(1), O(log n), O(n), or O(n²) depending on implementation"
"How to merge in a singly linked list at position 0?","For merge operation: traverse to position 0, adjust next pointers accordingly, handle edge cases for head/tail"
"Handle stack overflow when size is 37","Check if current_size < max_capacity (37) before push operation"
"Remove element from set at position 18","Use erase() for set, specify iterator or key"
"Convert infix to postfix with 43 operations","Use operator stack, output operands, pop operators based on precedence rules"
"How to dequeue from queue with 49 elements?","Check if empty, get front element, increment front index, decrease size, return element"
"Remove element from map at position 9","Use erase() for map, specify iterator or key"
"Calculate height of tree with 30 levels","Recursively: if null return -1, else return 1 + max(height(left), height(right))"
"How to insert in a singly linked list at position 18?","Traverse to position 18, create new node, adjust next pointers: current->next = new_node->next, current = new_node. Handle head/tail edge cases."
"Topological sort for DAG with 7 nodes","DFS-based: finish times order, or Kahn's algorithm with indegree for 7 nodes"
"Remove element from set at position 0","Use erase() for set, specify iterator or key"
"How to split in a singly linked list at position 15?","For split operation: traverse to position 15, adjust next pointers accordingly, handle edge cases for head/tail"
"Insert 10 into min heap","Add 10 at end, bubble up comparing with parent, swap if smaller"
"Fibonacci number at position 11","Base: if n<=1 return n; Recursive: return fib(10) + fib(9)"
"Insert 0 into set","set.insert(0) or push syntax depending on container type"
"Time complexity of sort in array with 400 elements?","Sort in array: O(1), O(log n), O(n), or O(n²) depending on implementation"
"Calculate power 43^2 recursively","Base: if power==0 return 1; Recursive: return 43 * power(43, 1)"
"Insert 50 into set","set.insert(50) or push syntax depending on container type"
"Implement circular queue with size 51","Use array[51], front and rear indices with modulo arithmetic: (rear+1)%51"
"Dereference pointer at offset 29","*(ptr + 29) accesses value at 29 positions ahead"
"Copy constructor for class with 33 members","MyClass(const MyClass& other) : member1(other.member1), ... member33(other.member33) {}"
"Create class with 37 data members","class MyClass { private: int member1; int member2; ... int member37; };"
"How to insert in a singly linked list at position 29?","Traverse to position 29, create new node, adjust next pointers: current->next = new_node->next, current = new_node. Handle head/tail edge cases."
"Print numbers from 1 to 31 using recursion","Base: if n<1 return; Recursive: print(n-1), print 31"
"Tower of Hanoi with 38 disks","Move 37 disks to auxiliary, move disk 38 to destination, move 37 disks to destination"
"Dereference pointer at offset 18","*(ptr + 18) accesses value at 18 positions ahead"
"How to find middle in a singly linked list at position 29?","For find middle operation: traverse to position 29, adjust next pointers accordingly, handle edge cases for head/tail"
"Topological sort for DAG with 22 nodes","DFS-based: finish times order, or Kahn's algorithm with indegree for 22 nodes"
"Explain data structure concept 352","Data structures organize and store data efficiently for specific operations and access patterns"
"Calculate height of tree with 16 levels","Recursively: if null return -1, else return 1 + max(height(left), height(right))"
"Declare pointer to integer with value 15","int* ptr = new int(15); allocates integer on heap with value 15"
"Inheritance hierarchy with 14 levels","14-level inheritance: Base -> Derived1 -> ... -> Derived13"
"Solve 0/1 knapsack with capacity 300","DP table: dp[i][w] = max value using first i items with weight limit 300"
"Construct BST from array of 10 elements","Sort array, pick middle as root for 10 elements, recursively build left and right subtrees"
"Search in rotated sorted array at rotation point 15","Find pivot using binary search, then binary search in appropriate half"
"Time complexity of merge in array with 500 elements?","Merge in array: O(1), O(log n), O(n), or O(n²) depending on implementation"
"How to find middle in a singly linked list at position 8?","For find middle operation: traverse to position 8, adjust next pointers accordingly, handle edge cases for head/tail"
"Print numbers from 1 to 43 using recursion","Base: if n<1 return; Recursive: print(n-1), print 43"
"Find node with value 25 in BST","Start at root, if value == 25 return node, if 25 < node.value go left, else go right"
"What is the time complexity of accessing element at index 25?","O(1) - constant time for random access in arrays"
"How to find the sum of array elements from index 26 to 36?","Initialize sum=0, loop from index 26 to 36, add arr[j] to sum"
"Longest increasing subsequence ending at index 5","DP: dp[5] = max length of LIS ending at position 5"
"Prevent memory leak in class destructor 29","Delete all dynamically allocated memory in destructor, set pointers to nullptr"
"Insert 20 into deque","deque.insert(20) or push syntax depending on container type"
"Double hashing with secondary hash for key 49","hash2(49) gives step size, probe at 49, 49+hash2, 49+2*hash2, ..."
"Implement circular queue with size 28","Use array[28], front and rear indices with modulo arithmetic: (rear+1)%28"
"Remove element from multimap at position 2","Use erase() for multimap, specify iterator or key"
"Time complexity of traversal in BST with 500 elements?","Traversal in BST: O(1), O(log n), O(n), or O(n²) depending on implementation"
"Time complexity of search in stack with 500 elements?","Search in stack: O(1), O(log n), O(n), or O(n²) depending on implementation"
"Remove element from list at position 11","Use erase() for list, specify iterator or key"
"BFS traversal from node 4","Use queue: enqueue 4, dequeue, visit, enqueue unvisited neighbors"
"Explain data structure concept 12","Data structures organize and store data efficiently for specific operations and access patterns"
"Remove element from deque at position 19","Use erase() for deque, specify iterator or key"
"Calculate height of tree with 12 levels","Recursively: if null return -1, else return 1 + max(height(left), height(right))"
"Matrix chain multiplication with 49 matrices","DP: dp[i][j] = minimum scalar multiplications for matrices 49 to 50"
"Explain data structure concept 199","Data structures organize and store data efficiently for specific operations and access patterns"
"How to find the sum of array elements from index 14 to 24?","Initialize sum=0, loop from index 14 to 24, add arr[j] to sum"
"Time complexity of insertion in graph with 300 elements?","Insertion in graph: O(1), O(log n), O(n), or O(n²) depending on implementation"
"Longest increasing subsequence ending at index 50","DP: dp[50] = max length of LIS ending at position 50"
"How to insert in a singly linked list at position 20?","Traverse to position 20, create new node, adjust next pointers: current->next = new_node->next, current = new_node. Handle head/tail edge cases."
"BFS traversal starting from node 29","Use queue: enqueue node 29, while queue not empty: dequeue, visit, enqueue unvisited neighbors"
"Array of 8 pointers","int* arr[8]; declares array of 8 integer pointers"
"Remove element from vector at position 6","Use erase() for vector, specify iterator or key"
"Explain data structure concept 10","Data structures organize and store data efficiently for specific operations and access patterns"
"Time complexity of sort in stack with 300 elements?","Sort in stack: O(1), O(log n), O(n), or O(n²) depending on implementation"
"Handle stack overflow when size is 22","Check if current_size < max_capacity (22) before push operation"
"Topological sort for DAG with 33 nodes","DFS-based: finish times order, or Kahn's algorithm with indegree for 33 nodes"
"Topological sort for DAG with 24 nodes","DFS-based: finish times order, or Kahn's algorithm with indegree for 24 nodes"
"Array of 45 pointers","int* arr[45]; declares array of 45 integer pointers"
"Coin change problem with target 25","DP: ways[25] = sum of ways[25-coin] for each coin denomination"
"Space complexity of radix sort with 50 items?","Radix sort requires O(1) or O(n) or O(log n) space depending on implementation"
"Delete node 5 from BST with two children","Find inorder successor of node 5, replace node value with successor, delete successor to maintain BST property."
"How to dequeue from queue with 38 elements?","Check if empty, get front element, increment front index, decrease size, return element"
"Handle empty list in operation 41","Check if head == nullptr before any operations, return appropriate value or error. Prevents null pointer dereference."
"Declare pointer to integer with value 34","int* ptr = new int(34); allocates integer on heap with value 34"
"BFS traversal starting from node 34","Use queue: enqueue node 34, while queue not empty: dequeue, visit, enqueue unvisited neighbors"
"Handle collision at index 18 using chaining","Linked list at index 18, insert colliding element at list head or tail"
"Extract minimum from heap of size 39","Remove root, move last element to root, bubble down to maintain heap property"
"Implement circular queue with size 21","Use array[21], front and rear indices with modulo arithmetic: (rear+1)%21"
"Check if tree is balanced with 2 nodes","For each node check if |height(left) - height(right)| <= 1"
"Check balanced parentheses in string of length 13","Use stack: push '(', '[', '{', pop for closing brackets, verify matching pairs"
"Dijkstra's shortest path to node 4","Use priority queue, update distances to node 4, select minimum distance unvisited node"
"Coin change problem with target 40","DP: ways[40] = sum of ways[40-coin] for each coin denomination"
"Constructor with 35 parameters","MyClass(int p1, int p2, ..., int p35) : member1(p1), member2(p2), member35(p35) {}"
"Destructor for class with dynamic array of size 24","~MyClass() { delete[] arrayPtr; } to free 24-element array"
"Sum of first 45 natural numbers recursively","Base: if n==0 return 0; Recursive: return 45 + sum(44)"
"Constructor with 16 parameters","MyClass(int p1, int p2, ..., int p16) : member1(p1), member2(p2), member16(p16) {}"
"Implement insertion sort for array size 5000","Insertion sort algorithm with detailed steps for 5000 elements"
"Tower of Hanoi with 31 disks","Move 30 disks to auxiliary, move disk 31 to destination, move 30 disks to destination"
"Explain data structure concept 102","Data structures organize and store data efficiently for specific operations and access patterns"
"Extract minimum from heap of size 38","Remove root, move last element to root, bubble down to maintain heap property"
"Calculate power 24^2 recursively","Base: if power==0 return 1; Recursive: return 24 * power(24, 1)"
"Explain data structure concept 40","Data structures organize and store data efficiently for specific operations and access patterns"
"Calculate factorial of 21 recursively","Base: if n==0 return 1; Recursive: return 21 * factorial(20)"
"Time complexity of split in stack with 200 elements?","Split in stack: O(1), O(log n), O(n), or O(n²) depending on implementation"
"Find kth largest element using heap where k=28","Use min heap of size 28, insert elements, root is kth largest"
"Evaluate expression with 38 operators using stack","Push operands to stack, for each operator pop required operands, compute and push result"
"Insert 140 into map","map.insert(140) or push syntax depending on container type"
"Handle collision at index 11 using chaining","Linked list at index 11, insert colliding element at list head or tail"
"DFS traversal starting from vertex 47","Use stack or recursion: visit 47, mark visited, recurse on unvisited neighbors"
"How to sort in a singly linked list at position 26?","For sort operation: traverse to position 26, adjust next pointers accordingly, handle edge cases for head/tail"
"Find strongly connected components in graph of size 22","Kosaraju's algorithm: DFS, transpose graph, DFS in finish time order"
"Prevent memory leak in class destructor 17","Delete all dynamically allocated memory in destructor, set pointers to nullptr"
"Find kth smallest element where k=50","Inorder traversal with counter, return when counter == 50"
"How to traverse in a singly linked list at position 1?","Start at head, follow next pointers until reaching position 1: for(i=0; i<1; i++) current = current->next."
"Search in rotated sorted array at rotation point 10","Find pivot using binary search, then binary search in appropriate half"
"Implement bubble sort for array size 100","Bubble sort algorithm with detailed steps for 100 elements"
"Implement circular queue with size 26","Use array[26], front and rear indices with modulo arithmetic: (rear+1)%26"
"Explain data structure concept 168","Data structures organize and store data efficiently for specific operations and access patterns"
"Operator overloading for + with 33 members","MyClass operator+(const MyClass& other) { add corresponding members, return result }"
"Explain data structure concept 57","Data structures organize and store data efficiently for specific operations and access patterns"
"How to split in a singly linked list at position 13?","For split operation: traverse to position 13, adjust next pointers accordingly, handle edge cases for head/tail"
"Quadratic probing starting at 9","Try positions 9, 9+1², 9+2², 9+3² until empty slot found"
"Linear search for value 3 in unsorted array","Check each element sequentially until value 3 found or end reached"
"Array of 3 pointers","int* arr[3]; declares array of 3 integer pointers"
"Constructor with 33 parameters","MyClass(int p1, int p2, ..., int p33) : member1(p1), member2(p2), member33(p33) {}"
"Matrix chain multiplication with 44 matrices","DP: dp[i][j] = minimum scalar multiplications for matrices 44 to 45"
"Implement array search for value 10","Iterate through array comparing each element with target value, return index if found"
"Find kth smallest element where k=26","Inorder traversal with counter, return when counter == 26"
"Space complexity of quick sort with 500 items?","Quick sort requires O(1) or O(n) or O(log n) space depending on implementation"
"How to find the sum of array elements from index 25 to 35?","Initialize sum=0, loop from index 25 to 35, add arr[j] to sum"
"Implement selection sort for array size 20","Selection sort algorithm with detailed steps for 20 elements"
"Allocate array of 37 integers dynamically","int* arr = new int[37]; remember to use delete[] arr;"
"Level order traversal at level 15","Use queue with level tracking, process nodes at level 15, enqueue children"
"Declare pointer to integer with value 6","int* ptr = new int(6); allocates integer on heap with value 6"
"Dijkstra's shortest path to node 7","Use priority queue, update distances to node 7, select minimum distance unvisited node"
"Construct BST from array of 5 elements","Sort array, pick middle as root for 5 elements, recursively build left and right subtrees"
"Time complexity of insertion in queue with 500 elements?","Insertion in queue: O(1), O(log n), O(n), or O(n²) depending on implementation"
"Remove element from vector at position 9","Use erase() for vector, specify iterator or key"
"Calculate height of tree with 39 levels","Recursively: if null return -1, else return 1 + max(height(left), height(right))"
"Create class with 27 data members","class MyClass { private: int member1; int member2; ... int member27; };"
"What is ptr[4] equivalent to?","*(ptr + 4) - both access element at index 4"
"Implement priority queue for 40 elements","Use heap or sorted list, elements with higher priority dequeued first"
"Find kth largest element using heap where k=23","Use min heap of size 23, insert elements, root is kth largest"
"Extract minimum from heap of size 32","Remove root, move last element to root, bubble down to maintain heap property"
"Find strongly connected components in graph of size 5","Kosaraju's algorithm: DFS, transpose graph, DFS in finish time order"
"Constructor with 27 parameters","MyClass(int p1, int p2, ..., int p27) : member1(p1), member2(p2), member27(p27) {}"
"Print numbers from 1 to 40 using recursion","Base: if n<1 return; Recursive: print(n-1), print 40"
"Pointer arithmetic: ptr + 30","Moves pointer forward by 30 * sizeof(type) bytes"
"How to merge in a singly linked list at position 1?","For merge operation: traverse to position 1, adjust next pointers accordingly, handle edge cases for head/tail"
"When to use bubble sort for 10 elements?","Bubble sort is optimal when considering space/time trade-offs for n=10"
"Evaluate expression with 17 operators using stack","Push operands to stack, for each operator pop required operands, compute and push result"
"How to split in a singly linked list at position 8?","For split operation: traverse to position 8, adjust next pointers accordingly, handle edge cases for head/tail"
"Time complexity of traversal in BST with 400 elements?","Traversal in BST: O(1), O(log n), O(n), or O(n²) depending on implementation"
"How to delete in a singly linked list at position 25?","Traverse to position 25-1, adjust pointers to skip node: prev->next = current->next, delete current. Handle head/tail cases."
"Binary search in sorted array of 149 elements","Divide array of 149 in half each iteration, O(log 149) time"
"Insert 50 into map","map.insert(50) or push syntax depending on container type"
"Implement circular queue with size 62","Use array[62], front and rear indices with modulo arithmetic: (rear+1)%62"
"Matrix chain multiplication with 4 matrices","DP: dp[i][j] = minimum scalar multiplications for matrices 4 to 5"
"How to traverse in a singly linked list at position 6?","Start at head, follow next pointers until reaching position 6: for(i=0; i<6; i++) current = current->next."
"Find kth largest element using heap where k=19","Use min heap of size 19, insert elements, root is kth largest"
"Prevent memory leak in class destructor 4","Delete all dynamically allocated memory in destructor, set pointers to nullptr"
"Explain data structure concept 372","Data structures organize and store data efficiently for specific operations and access patterns"
"Calculate height of tree with 46 levels","Recursively: if null return -1, else return 1 + max(height(left), height(right))"
"Find kth largest element using heap where k=2","Use min heap of size 2, insert elements, root is kth largest"
"Search in rotated sorted array at rotation point 26","Find pivot using binary search, then binary search in appropriate half"
"Double hashing with secondary hash for key 27","hash2(27) gives step size, probe at 27, 27+hash2, 27+2*hash2, ..."
"Find kth smallest element where k=14","Inorder traversal with counter, return when counter == 14"
"Detect cycle in graph with 3 vertices","Use DFS with recursion stack or parent tracking for undirected graph"
"Validate array index 28 before access","Check if 0 <= 28 < size before accessing arr[28]"
"Sum of first 11 natural numbers recursively","Base: if n==0 return 0; Recursive: return 11 + sum(10)"
"Allocate array of 44 integers dynamically","int* arr = new int[44]; remember to use delete[] arr;"
"How do you declare an integer array of size 31 in C++?","int arr[31]; or int* arr = new int[31];"
"Matrix chain multiplication with 23 matrices","DP: dp[i][j] = minimum scalar multiplications for matrices 23 to 24"
"Explain data structure concept 403","Data structures organize and store data efficiently for specific operations and access patterns"
"Find first occurrence of 0 in sorted array","Binary search with left bias, continue searching left when target found"
"Time complexity of deletion in queue with 300 elements?","Deletion in queue: O(1), O(log n), O(n), or O(n²) depending on implementation"
"How to reverse in a singly linked list at position 15?","For reverse operation: traverse to position 15, adjust next pointers accordingly, handle edge cases for head/tail"
"How to search in a singly linked list at position 2?","Traverse list from head, compare each node's data with target, return true if found at position 2, false otherwise."
"Construct BST from array of 2 elements","Sort array, pick middle as root for 2 elements, recursively build left and right subtrees"
"Explain data structure concept 211","Data structures organize and store data efficiently for specific operations and access patterns"
"Binary search in sorted array of 129 elements","Divide array of 129 in half each iteration, O(log 129) time"
"Insert 100 into vector","vector.insert(100) or push syntax depending on container type"
"Insert 190 into set","set.insert(190) or push syntax depending on container type"
"Heapify array of 45 elements","Start from last non-leaf node, sift down each node to satisfy heap property"
"Remove element from deque at position 12","Use erase() for deque, specify iterator or key"
"Edit distance between strings of length 33","DP: dp[i][j] = min cost to transform first i chars to first j chars"
"Check if tree is balanced with 30 nodes","For each node check if |height(left) - height(right)| <= 1"
"Longest increasing subsequence ending at index 15","DP: dp[15] = max length of LIS ending at position 15"
"Constructor with 9 parameters","MyClass(int p1, int p2, ..., int p9) : member1(p1), member2(p2), member9(p9) {}"
"Implement priority queue for 33 elements","Use heap or sorted list, elements with higher priority dequeued first"
"What is the time complexity of accessing element at index 9?","O(1) - constant time for random access in arrays"
"Time complexity of search in heap with 500 elements?","Search in heap: O(1), O(log n), O(n), or O(n²) depending on implementation"
"Longest increasing subsequence ending at index 46","DP: dp[46] = max length of LIS ending at position 46"
"Open addressing with linear probing from index 4","If index 4 occupied, try 4+1, 4+2, ... until empty slot found"
"Implement priority queue for 9 elements","Use heap or sorted list, elements with higher priority dequeued first"
"Explain data structure concept 190","Data structures organize and store data efficiently for specific operations and access patterns"
"Find node with value 115 in BST","Start at root, if value == 115 return node, if 115 < node.value go left, else go right"
"Explain data structure concept 446","Data structures organize and store data efficiently for specific operations and access patterns"
"Pointer arithmetic: ptr + 50","Moves pointer forward by 50 * sizeof(type) bytes"
"Explain data structure concept 335","Data structures organize and store data efficiently for specific operations and access patterns"
"Topological sort for DAG with 4 nodes","DFS-based: finish times order, or Kahn's algorithm with indegree for 4 nodes"
"Calculate factorial of 18 recursively","Base: if n==0 return 1; Recursive: return 18 * factorial(17)"
"When to use radix sort for 50 elements?","Radix sort is optimal when considering space/time trade-offs for n=50"
"Construct BST from array of 9 elements","Sort array, pick middle as root for 9 elements, recursively build left and right subtrees"
"What is the time complexity of accessing element at index 10?","O(1) - constant time for random access in arrays"
"Validate array index 39 before access","Check if 0 <= 39 < size before accessing arr[39]"
"How to delete in a singly linked list at position 21?","Traverse to position 21-1, adjust pointers to skip node: prev->next = current->next, delete current. Handle head/tail cases."
"Implement array search for value 260","Iterate through array comparing each element with target value, return index if found"
"Find strongly connected components in graph of size 8","Kosaraju's algorithm: DFS, transpose graph, DFS in finish time order"
"Solve 0/1 knapsack with capacity 260","DP table: dp[i][w] = max value using first i items with weight limit 260"
"Handle collision at index 3 using chaining","Linked list at index 3, insert colliding element at list head or tail"
"Prevent memory leak in class destructor 7","Delete all dynamically allocated memory in destructor, set pointers to nullptr"
"Search in rotated sorted array at rotation point 7","Find pivot using binary search, then binary search in appropriate half"
"BFS traversal from node 16","Use queue: enqueue 16, dequeue, visit, enqueue unvisited neighbors"
"Sum of first 4 natural numbers recursively","Base: if n==0 return 0; Recursive: return 4 + sum(3)"
"Operator overloading for + with 28 members","MyClass operator+(const MyClass& other) { add corresponding members, return result }"
"Sum of first 18 natural numbers recursively","Base: if n==0 return 0; Recursive: return 18 + sum(17)"
"Fibonacci number at position 28","Base: if n<=1 return n; Recursive: return fib(27) + fib(26)"
"Find first occurrence of 44 in sorted array","Binary search with left bias, continue searching left when target found"
"How to find the sum of array elements from index 38 to 48?","Initialize sum=0, loop from index 38 to 48, add arr[j] to sum"
"Explain data structure concept 241","Data structures organize and store data efficiently for specific operations and access patterns"
"What is the time complexity of accessing element at index 41?","O(1) - constant time for random access in arrays"
"Operator overloading for + with 12 members","MyClass operator+(const MyClass& other) { add corresponding members, return result }"
"Insert 40 into vector","vector.insert(40) or push syntax depending on container type"
"Calculate height of tree with 19 levels","Recursively: if null return -1, else return 1 + max(height(left), height(right))"
"Insert 120 into map","map.insert(120) or push syntax depending on container type"
"How to dequeue from queue with 4 elements?","Check if empty, get front element, increment front index, decrease size, return element"
"Time complexity of merge sort for 10000 elements?","Merge sort: O(n log n) all cases for n=10000"
"How to sort in a singly linked list at position 8?","For sort operation: traverse to position 8, adjust next pointers accordingly, handle edge cases for head/tail"
"Explain data structure concept 406","Data structures organize and store data efficiently for specific operations and access patterns"
"How to sort in a singly linked list at position 23?","For sort operation: traverse to position 23, adjust next pointers accordingly, handle edge cases for head/tail"
"When to use radix sort for 1000 elements?","Radix sort is optimal when considering space/time trade-offs for n=1000"
"Prevent memory leak in class destructor 34","Delete all dynamically allocated memory in destructor, set pointers to nullptr"
"Coin change problem with target 70","DP: ways[70] = sum of ways[70-coin] for each coin denomination"
"Longest common subsequence of length 12","DP: LCS[i][j] = 1 + LCS[i-1][j-1] if match, else max(LCS[i-1][j], LCS[i][j-1])"
"Convert infix to postfix with 16 operations","Use operator stack, output operands, pop operators based on precedence rules"
"Longest common subsequence of length 2","DP: LCS[i][j] = 1 + LCS[i-1][j-1] if match, else max(LCS[i-1][j], LCS[i][j-1])"
"Edit distance between strings of length 12","DP: dp[i][j] = min cost to transform first i chars to first j chars"
"Explain data structure concept 182","Data structures organize and store data efficiently for specific operations and access patterns"
"Open addressing with linear probing from index 18","If index 18 occupied, try 18+1, 18+2, ... until empty slot found"
"Explain data structure concept 206","Data structures organize and store data efficiently for specific operations and access patterns"
"What is the time complexity of accessing element at index 37?","O(1) - constant time for random access in arrays"
"Destructor for class with dynamic array of size 36","~MyClass() { delete[] arrayPtr; } to free 36-element array"
"Pointer arithmetic: ptr + 3","Moves pointer forward by 3 * sizeof(type) bytes"
"Matrix chain multiplication with 14 matrices","DP: dp[i][j] = minimum scalar multiplications for matrices 14 to 15"
"What is the time complexity of accessing element at index 27?","O(1) - constant time for random access in arrays"
"Space complexity of heap sort with 500 items?","Heap sort requires O(1) or O(n) or O(log n) space depending on implementation"
"BFS traversal starting from node 26","Use queue: enqueue node 26, while queue not empty: dequeue, visit, enqueue unvisited neighbors"
"Calculate factorial of 11 recursively","Base: if n==0 return 1; Recursive: return 11 * factorial(10)"
"How to insert in a singly linked list at position 2?","Traverse to position 2, create new node, adjust next pointers: current->next = new_node->next, current = new_node. Handle head/tail edge cases."
"Calculate factorial of 28 recursively","Base: if n==0 return 1; Recursive: return 28 * factorial(27)"
"Time complexity of split in linked list with 300 elements?","Split in linked list: O(1), O(log n), O(n), or O(n²) depending on implementation"
"Explain data structure concept 201","Data structures organize and store data efficiently for specific operations and access patterns"
"How to split in a singly linked list at position 22?","For split operation: traverse to position 22, adjust next pointers accordingly, handle edge cases for head/tail"
"Find kth smallest element where k=8","Inorder traversal with counter, return when counter == 8"
"Level order traversal at level 16","Use queue with level tracking, process nodes at level 16, enqueue children"
"How to sort in a singly linked list at position 18?","For sort operation: traverse to position 18, adjust next pointers accordingly, handle edge cases for head/tail"
"Handle empty list in operation 12","Check if head == nullptr before any operations, return appropriate value or error. Prevents null pointer dereference."
"Time complexity of deletion in BST with 200 elements?","Deletion in BST: O(1), O(log n), O(n), or O(n²) depending on implementation"
"Insert 30 into set","set.insert(30) or push syntax depending on container type"
"Explain data structure concept 409","Data structures organize and store data efficiently for specific operations and access patterns"
"Extract minimum from heap of size 16","Remove root, move last element to root, bubble down to maintain heap property"
"Double hashing with secondary hash for key 47","hash2(47) gives step size, probe at 47, 47+hash2, 47+2*hash2, ..."
"Remove element from list at position 1","Use erase() for list, specify iterator or key"
"How to delete in a singly linked list at position 13?","Traverse to position 13-1, adjust pointers to skip node: prev->next = current->next, delete current. Handle head/tail cases."
"Handle empty list in operation 10","Check if head == nullptr before any operations, return appropriate value or error. Prevents null pointer dereference."
"How to split in a singly linked list at position 7?","For split operation: traverse to position 7, adjust next pointers accordingly, handle edge cases for head/tail"
"Explain data structure concept 305","Data structures organize and store data efficiently for specific operations and access patterns"
"Implement quick sort for array size 50","Quick sort algorithm with detailed steps for 50 elements"
"Find kth smallest element where k=1","Inorder traversal with counter, return when counter == 1"
"Time complexity of traversal in stack with 400 elements?","Traversal in stack: O(1), O(log n), O(n), or O(n²) depending on implementation"
"Remove element from vector at position 7","Use erase() for vector, specify iterator or key"
"Array of 1 pointers","int* arr[1]; declares array of 1 integer pointers"
"Implement push operation for stack with capacity 140","Check if size < 140, if yes: stack[++top] = element, else throw overflow"
"Time complexity of counting sort for 5000 elements?","Counting sort: O(n+k) time complexity for n=5000 elements"
"Implement priority queue for 36 elements","Use heap or sorted list, elements with higher priority dequeued first"
"Find kth smallest element where k=18","Inorder traversal with counter, return when counter == 18"
"Calculate power 34^2 recursively","Base: if power==0 return 1; Recursive: return 34 * power(34, 1)"
"Pointer arithmetic: ptr + 42","Moves pointer forward by 42 * sizeof(type) bytes"
"Remove element from map at position 2","Use erase() for map, specify iterator or key"
"Explain data structure concept 208","Data structures organize and store data efficiently for specific operations and access patterns"
"Time complexity of split in array with 300 elements?","Split in array: O(1), O(log n), O(n), or O(n²) depending on implementation"
"Hash function for key 1600","Simple: 1600 % table_size, or multiply by prime and mod by table size"
"DFS traversal starting from vertex 12","Use stack or recursion: visit 12, mark visited, recurse on unvisited neighbors"
"Implement priority queue for 45 elements","Use heap or sorted list, elements with higher priority dequeued first"
"Explain data structure concept 235","Data structures organize and store data efficiently for specific operations and access patterns"
"Matrix chain multiplication with 41 matrices","DP: dp[i][j] = minimum scalar multiplications for matrices 41 to 42"
"How to traverse in a singly linked list at position 17?","Start at head, follow next pointers until reaching position 17: for(i=0; i<17; i++) current = current->next."
"Validate array index 32 before access","Check if 0 <= 32 < size before accessing arr[32]"
"Implement circular queue with size 49","Use array[49], front and rear indices with modulo arithmetic: (rear+1)%49"
"Find kth smallest element where k=19","Inorder traversal with counter, return when counter == 19"
"How do you declare an integer array of size 46 in C++?","int arr[46]; or int* arr = new int[46];"
"Declare pointer to integer with value 22","int* ptr = new int(22); allocates integer on heap with value 22"
"How to dequeue from queue with 48 elements?","Check if empty, get front element, increment front index, decrease size, return element"
"Linear search for value 22 in unsorted array","Check each element sequentially until value 22 found or end reached"
"Validate array index 40 before access","Check if 0 <= 40 < size before accessing arr[40]"
"When to use radix sort for 5000 elements?","Radix sort is optimal when considering space/time trade-offs for n=5000"
"Remove element from list at position 3","Use erase() for list, specify iterator or key"
"How to dequeue from queue with 26 elements?","Check if empty, get front element, increment front index, decrease size, return element"
"Sum of first 28 natural numbers recursively","Base: if n==0 return 0; Recursive: return 28 + sum(27)"
"Search in rotated sorted array at rotation point 43","Find pivot using binary search, then binary search in appropriate half"
"Calculate factorial of 9 recursively","Base: if n==0 return 1; Recursive: return 9 * factorial(8)"
"How to find middle in a singly linked list at position 12?","For find middle operation: traverse to position 12, adjust next pointers accordingly, handle edge cases for head/tail"
"BFS traversal from node 37","Use queue: enqueue 37, dequeue, visit, enqueue unvisited neighbors"
"Linear search for value 23 in unsorted array","Check each element sequentially until value 23 found or end reached"
"How to merge in a singly linked list at position 2?","For merge operation: traverse to position 2, adjust next pointers accordingly, handle edge cases for head/tail"
"Convert infix to postfix with 25 operations","Use operator stack, output operands, pop operators based on precedence rules"
"Find kth largest element using heap where k=11","Use min heap of size 11, insert elements, root is kth largest"
"Array of 48 pointers","int* arr[48]; declares array of 48 integer pointers"
"Time complexity of deletion in array with 400 elements?","Deletion in array: O(1), O(log n), O(n), or O(n²) depending on implementation"
"Create class with 36 data members","class MyClass { private: int member1; int member2; ... int member36; };"
"Implement circular queue with size 53","Use array[53], front and rear indices with modulo arithmetic: (rear+1)%53"
"Longest common subsequence of length 31","DP: LCS[i][j] = 1 + LCS[i-1][j-1] if match, else max(LCS[i-1][j], LCS[i][j-1])"
"Insert 40 into multiset","multiset.insert(40) or push syntax depending on container type"
"Edit distance between strings of length 20","DP: dp[i][j] = min cost to transform first i chars to first j chars"
"Linear search for value 5 in unsorted array","Check each element sequentially until value 5 found or end reached"
"Handle empty list in operation 19","Check if head == nullptr before any operations, return appropriate value or error. Prevents null pointer dereference."
"Explain data structure concept 227","Data structures organize and store data efficiently for specific operations and access patterns"
"Remove element from deque at position 13","Use erase() for deque, specify iterator or key"
"Explain data structure concept 271","Data structures organize and store data efficiently for specific operations and access patterns"
"Explain data structure concept 153","Data structures organize and store data efficiently for specific operations and access patterns"
"Time complexity of sort in graph with 200 elements?","Sort in graph: O(1), O(log n), O(n), or O(n²) depending on implementation"
"Handle collision at index 49 using chaining","Linked list at index 49, insert colliding element at list head or tail"
"Create class with 1 data members","class MyClass { private: int member1; int member2; ... int member1; };"
"Solve 0/1 knapsack with capacity 290","DP table: dp[i][w] = max value using first i items with weight limit 290"
"Explain data structure concept 112","Data structures organize and store data efficiently for specific operations and access patterns"
"BFS traversal starting from node 44","Use queue: enqueue node 44, while queue not empty: dequeue, visit, enqueue unvisited neighbors"
"When to use selection sort for 10 elements?","Selection sort is optimal when considering space/time trade-offs for n=10"
"Check balanced parentheses in string of length 15","Use stack: push '(', '[', '{', pop for closing brackets, verify matching pairs"
"Handle collision at index 50 using chaining","Linked list at index 50, insert colliding element at list head or tail"
"Remove element from multiset at position 3","Use erase() for multiset, specify iterator or key"
"When to use counting sort for 20 elements?","Counting sort is optimal when considering space/time trade-offs for n=20"
"Binary search in sorted array of 101 elements","Divide array of 101 in half each iteration, O(log 101) time"
"Handle collision at index 17 using chaining","Linked list at index 17, insert colliding element at list head or tail"
"Inheritance hierarchy with 12 levels","12-level inheritance: Base -> Derived1 -> ... -> Derived11"
"How to find middle in a singly linked list at position 23?","For find middle operation: traverse to position 23, adjust next pointers accordingly, handle edge cases for head/tail"
"Insert value 500 in binary search tree","Compare 500 with node: if less go left, if greater go right, insert at null"
"Explain data structure concept 293","Data structures organize and store data efficiently for specific operations and access patterns"
"Open addressing with linear probing from index 9","If index 9 occupied, try 9+1, 9+2, ... until empty slot found"
"Dijkstra's shortest path to node 31","Use priority queue, update distances to node 31, select minimum distance unvisited node"
"What is ptr[23] equivalent to?","*(ptr + 23) - both access element at index 23"
"Matrix chain multiplication with 50 matrices","DP: dp[i][j] = minimum scalar multiplications for matrices 50 to 51"
"Constructor with 36 parameters","MyClass(int p1, int p2, ..., int p36) : member1(p1), member2(p2), member36(p36) {}"
"Longest increasing subsequence ending at index 49","DP: dp[49] = max length of LIS ending at position 49"
"Remove element from multiset at position 1","Use erase() for multiset, specify iterator or key"
"Dijkstra's shortest path to node 48","Use priority queue, update distances to node 48, select minimum distance unvisited node"
"Convert infix to postfix with 24 operations","Use operator stack, output operands, pop operators based on precedence rules"
"Time complexity of heap sort for 20 elements?","Heap sort: O(n log n) all cases for n=20"
"Explain data structure concept 43","Data structures organize and store data efficiently for specific operations and access patterns"
"Fibonacci number at position 35","Base: if n<=1 return n; Recursive: return fib(34) + fib(33)"
"Implement push operation for stack with capacity 108","Check if size < 108, if yes: stack[++top] = element, else throw overflow"
"Detect cycle in graph with 43 vertices","Use DFS with recursion stack or parent tracking for undirected graph"
"Find kth largest element using heap where k=32","Use min heap of size 32, insert elements, root is kth largest"
"Time complexity of selection sort for 10 elements?","Selection sort: O(n²) worst/average case, O(n) best case for n=10"
"BFS traversal starting from node 24","Use queue: enqueue node 24, while queue not empty: dequeue, visit, enqueue unvisited neighbors"
"Space complexity of counting sort with 10000 items?","Counting sort requires O(1) or O(n) or O(log n) space depending on implementation"
"Find kth largest element using heap where k=35","Use min heap of size 35, insert elements, root is kth largest"
"Remove element from multiset at position 2","Use erase() for multiset, specify iterator or key"
"BFS traversal from node 47","Use queue: enqueue 47, dequeue, visit, enqueue unvisited neighbors"
"Pointer arithmetic: ptr + 26","Moves pointer forward by 26 * sizeof(type) bytes"
"Handle empty list in operation 5","Check if head == nullptr before any operations, return appropriate value or error. Prevents null pointer dereference."
"How to sort in a singly linked list at position 10?","For sort operation: traverse to position 10, adjust next pointers accordingly, handle edge cases for head/tail"
"Edit distance between strings of length 25","DP: dp[i][j] = min cost to transform first i chars to first j chars"
"Evaluate expression with 35 operators using stack","Push operands to stack, for each operator pop required operands, compute and push result"
"Implement circular queue with size 39","Use array[39], front and rear indices with modulo arithmetic: (rear+1)%39"
"Space complexity of counting sort with 10 items?","Counting sort requires O(1) or O(n) or O(log n) space depending on implementation"
"Explain data structure concept 3","Data structures organize and store data efficiently for specific operations and access patterns"
"Heapify array of 22 elements","Start from last non-leaf node, sift down each node to satisfy heap property"
"Time complexity of quick sort for 50 elements?","Quick sort: O(n log n) average case, O(n²) worst case for n=50"
"How to search in a singly linked list at position 13?","Traverse list from head, compare each node's data with target, return true if found at position 13, false otherwise."
"Calculate factorial of 32 recursively","Base: if n==0 return 1; Recursive: return 32 * factorial(31)"
"Solve 0/1 knapsack with capacity 10","DP table: dp[i][w] = max value using first i items with weight limit 10"
"Check if tree is balanced with 37 nodes","For each node check if |height(left) - height(right)| <= 1"
"Copy constructor for class with 18 members","MyClass(const MyClass& other) : member1(other.member1), ... member18(other.member18) {}"
"How to find the sum of array elements from index 44 to 54?","Initialize sum=0, loop from index 44 to 54, add arr[j] to sum"
"Time complexity of merge in linked list with 300 elements?","Merge in linked list: O(1), O(log n), O(n), or O(n²) depending on implementation"
"How to dequeue from queue with 16 elements?","Check if empty, get front element, increment front index, decrease size, return element"
"Double hashing with secondary hash for key 34","hash2(34) gives step size, probe at 34, 34+hash2, 34+2*hash2, ..."
"Find first occurrence of 27 in sorted array","Binary search with left bias, continue searching left when target found"
"Explain data structure concept 73","Data structures organize and store data efficiently for specific operations and access patterns"
"Binary search in sorted array of 138 elements","Divide array of 138 in half each iteration, O(log 138) time"
"Longest increasing subsequence ending at index 23","DP: dp[23] = max length of LIS ending at position 23"
"Convert infix to postfix with 20 operations","Use operator stack, output operands, pop operators based on precedence rules"
"Inheritance hierarchy with 35 levels","35-level inheritance: Base -> Derived1 -> ... -> Derived34"
"Implement radix sort for array size 20","Radix sort algorithm with detailed steps for 20 elements"
"Time complexity of sort in stack with 500 elements?","Sort in stack: O(1), O(log n), O(n), or O(n²) depending on implementation"
"DFS traversal starting from vertex 49","Use stack or recursion: visit 49, mark visited, recurse on unvisited neighbors"
"Allocate array of 42 integers dynamically","int* arr = new int[42]; remember to use delete[] arr;"
"BFS traversal starting from node 17","Use queue: enqueue node 17, while queue not empty: dequeue, visit, enqueue unvisited neighbors"
"Remove element from vector at position 8","Use erase() for vector, specify iterator or key"
"Fibonacci number at position 41","Base: if n<=1 return n; Recursive: return fib(40) + fib(39)"
"Heapify array of 9 elements","Start from last non-leaf node, sift down each node to satisfy heap property"
"Double hashing with secondary hash for key 3","hash2(3) gives step size, probe at 3, 3+hash2, 3+2*hash2, ..."
"Insert 160 into list","list.insert(160) or push syntax depending on container type"
"Fibonacci number at position 29","Base: if n<=1 return n; Recursive: return fib(28) + fib(27)"
"Implement circular queue with size 68","Use array[68], front and rear indices with modulo arithmetic: (rear+1)%68"
"Heapify array of 41 elements","Start from last non-leaf node, sift down each node to satisfy heap property"
"Matrix chain multiplication with 13 matrices","DP: dp[i][j] = minimum scalar multiplications for matrices 13 to 14"
"Construct BST from array of 7 elements","Sort array, pick middle as root for 7 elements, recursively build left and right subtrees"
"Inheritance hierarchy with 15 levels","15-level inheritance: Base -> Derived1 -> ... -> Derived14"
"Implement bubble sort for array size 50","Bubble sort algorithm with detailed steps for 50 elements"
"Explain data structure concept 14","Data structures organize and store data efficiently for specific operations and access patterns"
"Pointer arithmetic: ptr + 43","Moves pointer forward by 43 * sizeof(type) bytes"
"Fibonacci number at position 45","Base: if n<=1 return n; Recursive: return fib(44) + fib(43)"
"Linear search for value 34 in unsorted array","Check each element sequentially until value 34 found or end reached"
"Linear search for value 11 in unsorted array","Check each element sequentially until value 11 found or end reached"
"Explain data structure concept 342","Data structures organize and store data efficiently for specific operations and access patterns"
"Check if tree is balanced with 43 nodes","For each node check if |height(left) - height(right)| <= 1"
"Topological sort for DAG with 34 nodes","DFS-based: finish times order, or Kahn's algorithm with indegree for 34 nodes"
"Sum of first 25 natural numbers recursively","Base: if n==0 return 0; Recursive: return 25 + sum(24)"
"Time complexity of search in BST with 200 elements?","Search in BST: O(1), O(log n), O(n), or O(n²) depending on implementation"
"Hash function for key 3400","Simple: 3400 % table_size, or multiply by prime and mod by table size"
"DFS traversal starting from vertex 38","Use stack or recursion: visit 38, mark visited, recurse on unvisited neighbors"
"Insert 170 into deque","deque.insert(170) or push syntax depending on container type"
"Remove element from map at position 16","Use erase() for map, specify iterator or key"
"Explain data structure concept 148","Data structures organize and store data efficiently for specific operations and access patterns"
"Explain data structure concept 139","Data structures organize and store data efficiently for specific operations and access patterns"
"Array of 34 pointers","int* arr[34]; declares array of 34 integer pointers"
"Implement counting sort for array size 500","Counting sort algorithm with detailed steps for 500 elements"
"Coin change problem with target 45","DP: ways[45] = sum of ways[45-coin] for each coin denomination"
"Prevent memory leak in class destructor 37","Delete all dynamically allocated memory in destructor, set pointers to nullptr"
"What is the time complexity of accessing element at index 35?","O(1) - constant time for random access in arrays"
"How to dequeue from queue with 32 elements?","Check if empty, get front element, increment front index, decrease size, return element"
"Operator overloading for + with 1 members","MyClass operator+(const MyClass& other) { add corresponding members, return result }"
"How to reverse in a singly linked list at position 22?","For reverse operation: traverse to position 22, adjust next pointers accordingly, handle edge cases for head/tail"
"Time complexity of insertion in heap with 200 elements?","Insertion in heap: O(1), O(log n), O(n), or O(n²) depending on implementation"
"Remove element from deque at position 3","Use erase() for deque, specify iterator or key"
"Dereference pointer at offset 41","*(ptr + 41) accesses value at 41 positions ahead"
"Sum of first 40 natural numbers recursively","Base: if n==0 return 0; Recursive: return 40 + sum(39)"
"Prevent memory leak in class destructor 9","Delete all dynamically allocated memory in destructor, set pointers to nullptr"
"Tower of Hanoi with 12 disks","Move 11 disks to auxiliary, move disk 12 to destination, move 11 disks to destination"
"Tower of Hanoi with 37 disks","Move 36 disks to auxiliary, move disk 37 to destination, move 36 disks to destination"
"Heapify array of 15 elements","Start from last non-leaf node, sift down each node to satisfy heap property"
"Find kth largest element using heap where k=43","Use min heap of size 43, insert elements, root is kth largest"
"Linear search for value 37 in unsorted array","Check each element sequentially until value 37 found or end reached"
"Handle collision at index 15 using chaining","Linked list at index 15, insert colliding element at list head or tail"
"Operator overloading for + with 15 members","MyClass operator+(const MyClass& other) { add corresponding members, return result }"
"How to merge in a singly linked list at position 22?","For merge operation: traverse to position 22, adjust next pointers accordingly, handle edge cases for head/tail"
"Binary search in sorted array of 136 elements","Divide array of 136 in half each iteration, O(log 136) time"
"How do you declare an integer array of size 14 in C++?","int arr[14]; or int* arr = new int[14];"
"Linear search for value 2 in unsorted array","Check each element sequentially until value 2 found or end reached"
"Time complexity of quick sort for 100 elements?","Quick sort: O(n log n) average case, O(n²) worst case for n=100"
"Pointer arithmetic: ptr + 44","Moves pointer forward by 44 * sizeof(type) bytes"
"Check balanced parentheses in string of length 28","Use stack: push '(', '[', '{', pop for closing brackets, verify matching pairs"
"Sum of first 44 natural numbers recursively","Base: if n==0 return 0; Recursive: return 44 + sum(43)"
"Time complexity of quick sort for 10 elements?","Quick sort: O(n log n) average case, O(n²) worst case for n=10"
"Insert 110 into min heap","Add 110 at end, bubble up comparing with parent, swap if smaller"
"Validate array index 33 before access","Check if 0 <= 33 < size before accessing arr[33]"
"Explain data structure concept 247","Data structures organize and store data efficiently for specific operations and access patterns"
"Explain data structure concept 407","Data structures organize and store data efficiently for specific operations and access patterns"
"Search in rotated sorted array at rotation point 20","Find pivot using binary search, then binary search in appropriate half"
"Insert 120 into vector","vector.insert(120) or push syntax depending on container type"
"Construct BST from array of 24 elements","Sort array, pick middle as root for 24 elements, recursively build left and right subtrees"
"Remove element from vector at position 16","Use erase() for vector, specify iterator or key"
"How to check if stack with 41 elements is empty?","Return true if top == -1 or size == 0"
"Calculate height of tree with 49 levels","Recursively: if null return -1, else return 1 + max(height(left), height(right))"
"How to check if stack with 25 elements is empty?","Return true if top == -1 or size == 0"
"Handle stack overflow when size is 44","Check if current_size < max_capacity (44) before push operation"
"How to find the sum of array elements from index 30 to 40?","Initialize sum=0, loop from index 30 to 40, add arr[j] to sum"
"Find kth smallest element where k=10","Inorder traversal with counter, return when counter == 10"
"How to find the sum of array elements from index 31 to 41?","Initialize sum=0, loop from index 31 to 41, add arr[j] to sum"
"What is ptr[32] equivalent to?","*(ptr + 32) - both access element at index 32"
"How to split in a singly linked list at position 0?","For split operation: traverse to position 0, adjust next pointers accordingly, handle edge cases for head/tail"
"Insert 80 into list","list.insert(80) or push syntax depending on container type"
"How do you declare an integer array of size 49 in C++?","int arr[49]; or int* arr = new int[49];"
"How to search in a singly linked list at position 14?","Traverse list from head, compare each node's data with target, return true if found at position 14, false otherwise."
"Allocate array of 18 integers dynamically","int* arr = new int[18]; remember to use delete[] arr;"
"Implement push operation for stack with capacity 132","Check if size < 132, if yes: stack[++top] = element, else throw overflow"
"Hash function for key 3500","Simple: 3500 % table_size, or multiply by prime and mod by table size"
"Insert 40 into min heap","Add 40 at end, bubble up comparing with parent, swap if smaller"
"Solve 0/1 knapsack with capacity 30","DP table: dp[i][w] = max value using first i items with weight limit 30"
"How to detect cycle in a singly linked list at position 21?","For detect cycle operation: traverse to position 21, adjust next pointers accordingly, handle edge cases for head/tail"
"Insert value 40 in binary search tree","Compare 40 with node: if less go left, if greater go right, insert at null"
"Search in rotated sorted array at rotation point 28","Find pivot using binary search, then binary search in appropriate half"
"Dijkstra's shortest path to node 34","Use priority queue, update distances to node 34, select minimum distance unvisited node"
"Print numbers from 1 to 8 using recursion","Base: if n<1 return; Recursive: print(n-1), print 8"
"Handle stack overflow when size is 7","Check if current_size < max_capacity (7) before push operation"
"Prevent memory leak in class destructor 10","Delete all dynamically allocated memory in destructor, set pointers to nullptr"
"Search in rotated sorted array at rotation point 13","Find pivot using binary search, then binary search in appropriate half"
"Fibonacci number at position 22","Base: if n<=1 return n; Recursive: return fib(21) + fib(20)"
"Time complexity of merge in queue with 100 elements?","Merge in queue: O(1), O(log n), O(n), or O(n²) depending on implementation"
"Implement array search for value 410","Iterate through array comparing each element with target value, return index if found"
"Remove element from multimap at position 1","Use erase() for multimap, specify iterator or key"
"Convert infix to postfix with 45 operations","Use operator stack, output operands, pop operators based on precedence rules"
"Space complexity of merge sort with 10 items?","Merge sort requires O(1) or O(n) or O(log n) space depending on implementation"
"BFS traversal starting from node 8","Use queue: enqueue node 8, while queue not empty: dequeue, visit, enqueue unvisited neighbors"
"BFS traversal starting from node 14","Use queue: enqueue node 14, while queue not empty: dequeue, visit, enqueue unvisited neighbors"
"Longest common subsequence of length 47","DP: LCS[i][j] = 1 + LCS[i-1][j-1] if match, else max(LCS[i-1][j], LCS[i][j-1])"
"How to delete in a singly linked list at position 6?","Traverse to position 6-1, adjust pointers to skip node: prev->next = current->next, delete current. Handle head/tail cases."
"Linear search for value 41 in unsorted array","Check each element sequentially until value 41 found or end reached"
"Insert value 180 in binary search tree","Compare 180 with node: if less go left, if greater go right, insert at null"
"Calculate factorial of 47 recursively","Base: if n==0 return 1; Recursive: return 47 * factorial(46)"
"Construct BST from array of 50 elements","Sort array, pick middle as root for 50 elements, recursively build left and right subtrees"
"BFS traversal from node 1","Use queue: enqueue 1, dequeue, visit, enqueue unvisited neighbors"
"Longest common subsequence of length 50","DP: LCS[i][j] = 1 + LCS[i-1][j-1] if match, else max(LCS[i-1][j], LCS[i][j-1])"
"How to find middle in a singly linked list at position 17?","For find middle operation: traverse to position 17, adjust next pointers accordingly, handle edge cases for head/tail"
"Detect cycle in graph with 23 vertices","Use DFS with recursion stack or parent tracking for undirected graph"
"How to merge in a singly linked list at position 3?","For merge operation: traverse to position 3, adjust next pointers accordingly, handle edge cases for head/tail"
"How to search in a singly linked list at position 16?","Traverse list from head, compare each node's data with target, return true if found at position 16, false otherwise."
"Double hashing with secondary hash for key 46","hash2(46) gives step size, probe at 46, 46+hash2, 46+2*hash2, ..."
"Time complexity of split in stack with 300 elements?","Split in stack: O(1), O(log n), O(n), or O(n²) depending on implementation"
"Search in rotated sorted array at rotation point 22","Find pivot using binary search, then binary search in appropriate half"
"Explain data structure concept 85","Data structures organize and store data efficiently for specific operations and access patterns"
"How to traverse in a singly linked list at position 10?","Start at head, follow next pointers until reaching position 10: for(i=0; i<10; i++) current = current->next."
"Tower of Hanoi with 48 disks","Move 47 disks to auxiliary, move disk 48 to destination, move 47 disks to destination"
"How do you declare an integer array of size 22 in C++?","int arr[22]; or int* arr = new int[22];"
"Detect cycle in graph with 35 vertices","Use DFS with recursion stack or parent tracking for undirected graph"
"Time complexity of search in graph with 500 elements?","Search in graph: O(1), O(log n), O(n), or O(n²) depending on implementation"
"Copy constructor for class with 31 members","MyClass(const MyClass& other) : member1(other.member1), ... member31(other.member31) {}"
"Implement priority queue for 32 elements","Use heap or sorted list, elements with higher priority dequeued first"
"Implement push operation for stack with capacity 104","Check if size < 104, if yes: stack[++top] = element, else throw overflow"
"How to detect cycle in a singly linked list at position 2?","For detect cycle operation: traverse to position 2, adjust next pointers accordingly, handle edge cases for head/tail"
"Array of 10 pointers","int* arr[10]; declares array of 10 integer pointers"
"Create class with 22 data members","class MyClass { private: int member1; int member2; ... int member22; };"
"Edit distance between strings of length 14","DP: dp[i][j] = min cost to transform first i chars to first j chars"
"Binary search in sorted array of 118 elements","Divide array of 118 in half each iteration, O(log 118) time"
"Find node with value 240 in BST","Start at root, if value == 240 return node, if 240 < node.value go left, else go right"
"Extract minimum from heap of size 6","Remove root, move last element to root, bubble down to maintain heap property"
"Find strongly connected components in graph of size 41","Kosaraju's algorithm: DFS, transpose graph, DFS in finish time order"
"Time complexity of merge in stack with 100 elements?","Merge in stack: O(1), O(log n), O(n), or O(n²) depending on implementation"
"How to search in a singly linked list at position 10?","Traverse list from head, compare each node's data with target, return true if found at position 10, false otherwise."
"How to check if stack with 9 elements is empty?","Return true if top == -1 or size == 0"
"Explain data structure concept 75","Data structures organize and store data efficiently for specific operations and access patterns"
"Operator overloading for + with 29 members","MyClass operator+(const MyClass& other) { add corresponding members, return result }"
"Longest increasing subsequence ending at index 36","DP: dp[36] = max length of LIS ending at position 36"
"Construct BST from array of 25 elements","Sort array, pick middle as root for 25 elements, recursively build left and right subtrees"
"Implement circular queue with size 35","Use array[35], front and rear indices with modulo arithmetic: (rear+1)%35"
"DFS traversal starting from vertex 10","Use stack or recursion: visit 10, mark visited, recurse on unvisited neighbors"
"Time complexity of insertion in linked list with 100 elements?","Insertion in linked list: O(1), O(log n), O(n), or O(n²) depending on implementation"
"Matrix chain multiplication with 2 matrices","DP: dp[i][j] = minimum scalar multiplications for matrices 2 to 3"
"Handle empty list in operation 13","Check if head == nullptr before any operations, return appropriate value or error. Prevents null pointer dereference."
"Linear search for value 25 in unsorted array","Check each element sequentially until value 25 found or end reached"
"What is ptr[36] equivalent to?","*(ptr + 36) - both access element at index 36"
"Construct BST from array of 40 elements","Sort array, pick middle as root for 40 elements, recursively build left and right subtrees"
"Find first occurrence of 38 in sorted array","Binary search with left bias, continue searching left when target found"
"Quadratic probing starting at 24","Try positions 24, 24+1², 24+2², 24+3² until empty slot found"
"Dereference pointer at offset 48","*(ptr + 48) accesses value at 48 positions ahead"
"Prevent memory leak in class destructor 33","Delete all dynamically allocated memory in destructor, set pointers to nullptr"
"Explain data structure concept 127","Data structures organize and store data efficiently for specific operations and access patterns"
"How to check if stack with 19 elements is empty?","Return true if top == -1 or size == 0"
"Explain data structure concept 413","Data structures organize and store data efficiently for specific operations and access patterns"
"Calculate power 4^2 recursively","Base: if power==0 return 1; Recursive: return 4 * power(4, 1)"
"Calculate factorial of 6 recursively","Base: if n==0 return 1; Recursive: return 6 * factorial(5)"
"Evaluate expression with 43 operators using stack","Push operands to stack, for each operator pop required operands, compute and push result"
"Quadratic probing starting at 39","Try positions 39, 39+1², 39+2², 39+3² until empty slot found"
"Explain data structure concept 340","Data structures organize and store data efficiently for specific operations and access patterns"
"Hash function for key 3900","Simple: 3900 % table_size, or multiply by prime and mod by table size"
"Convert infix to postfix with 44 operations","Use operator stack, output operands, pop operators based on precedence rules"
"How to reverse in a singly linked list at position 0?","For reverse operation: traverse to position 0, adjust next pointers accordingly, handle edge cases for head/tail"
"Time complexity of insertion in linked list with 300 elements?","Insertion in linked list: O(1), O(log n), O(n), or O(n²) depending on implementation"
"Find first occurrence of 11 in sorted array","Binary search with left bias, continue searching left when target found"
"Space complexity of merge sort with 10000 items?","Merge sort requires O(1) or O(n) or O(log n) space depending on implementation"
"Linear search for value 43 in unsorted array","Check each element sequentially until value 43 found or end reached"
"Detect cycle in graph with 11 vertices","Use DFS with recursion stack or parent tracking for undirected graph"
"When to use merge sort for 10000 elements?","Merge sort is optimal when considering space/time trade-offs for n=10000"
"DFS traversal starting from vertex 35","Use stack or recursion: visit 35, mark visited, recurse on unvisited neighbors"
"Time complexity of insertion in hash table with 100 elements?","Insertion in hash table: O(1), O(log n), O(n), or O(n²) depending on implementation"
"Open addressing with linear probing from index 26","If index 26 occupied, try 26+1, 26+2, ... until empty slot found"
"Explain data structure concept 210","Data structures organize and store data efficiently for specific operations and access patterns"
"How to insert in a singly linked list at position 27?","Traverse to position 27, create new node, adjust next pointers: current->next = new_node->next, current = new_node. Handle head/tail edge cases."
"Check if tree is balanced with 41 nodes","For each node check if |height(left) - height(right)| <= 1"
"Insert 90 into map","map.insert(90) or push syntax depending on container type"
"BFS traversal starting from node 20","Use queue: enqueue node 20, while queue not empty: dequeue, visit, enqueue unvisited neighbors"
"Implement array search for value 400","Iterate through array comparing each element with target value, return index if found"
"Evaluate expression with 37 operators using stack","Push operands to stack, for each operator pop required operands, compute and push result"
"How to dequeue from queue with 2 elements?","Check if empty, get front element, increment front index, decrease size, return element"
"Quadratic probing starting at 38","Try positions 38, 38+1², 38+2², 38+3² until empty slot found"
"Coin change problem with target 55","DP: ways[55] = sum of ways[55-coin] for each coin denomination"
"Implement circular queue with size 23","Use array[23], front and rear indices with modulo arithmetic: (rear+1)%23"
"Handle empty list in operation 38","Check if head == nullptr before any operations, return appropriate value or error. Prevents null pointer dereference."
"Explain data structure concept 425","Data structures organize and store data efficiently for specific operations and access patterns"
"Sum of first 7 natural numbers recursively","Base: if n==0 return 0; Recursive: return 7 + sum(6)"
"Linear search for value 36 in unsorted array","Check each element sequentially until value 36 found or end reached"
"How to find middle in a singly linked list at position 22?","For find middle operation: traverse to position 22, adjust next pointers accordingly, handle edge cases for head/tail"
"Implement push operation for stack with capacity 123","Check if size < 123, if yes: stack[++top] = element, else throw overflow"
"Quadratic probing starting at 13","Try positions 13, 13+1², 13+2², 13+3² until empty slot found"
"How to dequeue from queue with 47 elements?","Check if empty, get front element, increment front index, decrease size, return element"
"Fibonacci number at position 1","Base: if n<=1 return n; Recursive: return fib(0) + fib(-1)"
"How to search in a singly linked list at position 24?","Traverse list from head, compare each node's data with target, return true if found at position 24, false otherwise."
"Implement push operation for stack with capacity 146","Check if size < 146, if yes: stack[++top] = element, else throw overflow"
"How to detect cycle in a singly linked list at position 20?","For detect cycle operation: traverse to position 20, adjust next pointers accordingly, handle edge cases for head/tail"
"Explain data structure concept 395","Data structures organize and store data efficiently for specific operations and access patterns"
"Handle collision at index 10 using chaining","Linked list at index 10, insert colliding element at list head or tail"
"Implement array search for value 350","Iterate through array comparing each element with target value, return index if found"
"Longest common subsequence of length 22","DP: LCS[i][j] = 1 + LCS[i-1][j-1] if match, else max(LCS[i-1][j], LCS[i][j-1])"
"Explain data structure concept 133","Data structures organize and store data efficiently for specific operations and access patterns"
"Pointer arithmetic: ptr + 17","Moves pointer forward by 17 * sizeof(type) bytes"
"Remove element from set at position 14","Use erase() for set, specify iterator or key"
"Declare pointer to integer with value 47","int* ptr = new int(47); allocates integer on heap with value 47"
"Declare pointer to integer with value 32","int* ptr = new int(32); allocates integer on heap with value 32"
"Remove element from multiset at position 15","Use erase() for multiset, specify iterator or key"
"Time complexity of search in graph with 200 elements?","Search in graph: O(1), O(log n), O(n), or O(n²) depending on implementation"
"Find strongly connected components in graph of size 11","Kosaraju's algorithm: DFS, transpose graph, DFS in finish time order"
"Find kth smallest element where k=3","Inorder traversal with counter, return when counter == 3"
"Implement counting sort for array size 100","Counting sort algorithm with detailed steps for 100 elements"
"Open addressing with linear probing from index 23","If index 23 occupied, try 23+1, 23+2, ... until empty slot found"
"Heapify array of 35 elements","Start from last non-leaf node, sift down each node to satisfy heap property"
"What is ptr[7] equivalent to?","*(ptr + 7) - both access element at index 7"
"Time complexity of merge in hash table with 400 elements?","Merge in hash table: O(1), O(log n), O(n), or O(n²) depending on implementation"
"Check if tree is balanced with 11 nodes","For each node check if |height(left) - height(right)| <= 1"
"Insert 100 into deque","deque.insert(100) or push syntax depending on container type"
"Check balanced parentheses in string of length 22","Use stack: push '(', '[', '{', pop for closing brackets, verify matching pairs"
"Time complexity of heap sort for 10000 elements?","Heap sort: O(n log n) all cases for n=10000"
"Find kth largest element using heap where k=15","Use min heap of size 15, insert elements, root is kth largest"
"DFS traversal starting from vertex 19","Use stack or recursion: visit 19, mark visited, recurse on unvisited neighbors"
"How to check if stack with 18 elements is empty?","Return true if top == -1 or size == 0"
"Remove element from set at position 12","Use erase() for set, specify iterator or key"
"Time complexity of traversal in queue with 200 elements?","Traversal in queue: O(1), O(log n), O(n), or O(n²) depending on implementation"
"Heapify array of 13 elements","Start from last non-leaf node, sift down each node to satisfy heap property"
"Insert 50 into deque","deque.insert(50) or push syntax depending on container type"
"Space complexity of bubble sort with 10 items?","Bubble sort requires O(1) or O(n) or O(log n) space depending on implementation"
"How to find the sum of array elements from index 5 to 15?","Initialize sum=0, loop from index 5 to 15, add arr[j] to sum"
"Hash function for key 700","Simple: 700 % table_size, or multiply by prime and mod by table size"
"Prevent memory leak in class destructor 22","Delete all dynamically allocated memory in destructor, set pointers to nullptr"
"Evaluate expression with 7 operators using stack","Push operands to stack, for each operator pop required operands, compute and push result"
"Create class with 30 data members","class MyClass { private: int member1; int member2; ... int member30; };"
"Heapify array of 6 elements","Start from last non-leaf node, sift down each node to satisfy heap property"
"Calculate height of tree with 31 levels","Recursively: if null return -1, else return 1 + max(height(left), height(right))"
"Find first occurrence of 40 in sorted array","Binary search with left bias, continue searching left when target found"
"Explain data structure concept 11","Data structures organize and store data efficiently for specific operations and access patterns"
"Longest increasing subsequence ending at index 26","DP: dp[26] = max length of LIS ending at position 26"
"What is the time complexity of accessing element at index 31?","O(1) - constant time for random access in arrays"
"Pointer arithmetic: ptr + 32","Moves pointer forward by 32 * sizeof(type) bytes"
"Edit distance between strings of length 48","DP: dp[i][j] = min cost to transform first i chars to first j chars"
"DFS traversal starting from vertex 16","Use stack or recursion: visit 16, mark visited, recurse on unvisited neighbors"
"Calculate power 11^2 recursively","Base: if power==0 return 1; Recursive: return 11 * power(11, 1)"
"Explain data structure concept 244","Data structures organize and store data efficiently for specific operations and access patterns"
"Remove element from list at position 17","Use erase() for list, specify iterator or key"
"Fibonacci number at position 16","Base: if n<=1 return n; Recursive: return fib(15) + fib(14)"
"Search in rotated sorted array at rotation point 5","Find pivot using binary search, then binary search in appropriate half"
"Topological sort for DAG with 39 nodes","DFS-based: finish times order, or Kahn's algorithm with indegree for 39 nodes"
"How to search in a singly linked list at position 22?","Traverse list from head, compare each node's data with target, return true if found at position 22, false otherwise."
"Topological sort for DAG with 31 nodes","DFS-based: finish times order, or Kahn's algorithm with indegree for 31 nodes"
"When to use heap sort for 10 elements?","Heap sort is optimal when considering space/time trade-offs for n=10"
"Calculate factorial of 48 recursively","Base: if n==0 return 1; Recursive: return 48 * factorial(47)"
"Longest increasing subsequence ending at index 17","DP: dp[17] = max length of LIS ending at position 17"
"Create class with 31 data members","class MyClass { private: int member1; int member2; ... int member31; };"
"Linear search for value 14 in unsorted array","Check each element sequentially until value 14 found or end reached"
"Remove element from list at position 12","Use erase() for list, specify iterator or key"
"Detect cycle in graph with 12 vertices","Use DFS with recursion stack or parent tracking for undirected graph"
"Explain data structure concept 15","Data structures organize and store data efficiently for specific operations and access patterns"
"Find node with value 220 in BST","Start at root, if value == 220 return node, if 220 < node.value go left, else go right"
"BFS traversal starting from node 18","Use queue: enqueue node 18, while queue not empty: dequeue, visit, enqueue unvisited neighbors"
"Copy constructor for class with 15 members","MyClass(const MyClass& other) : member1(other.member1), ... member15(other.member15) {}"
"Implement array search for value 190","Iterate through array comparing each element with target value, return index if found"
"Sum of first 30 natural numbers recursively","Base: if n==0 return 0; Recursive: return 30 + sum(29)"
"Constructor with 23 parameters","MyClass(int p1, int p2, ..., int p23) : member1(p1), member2(p2), member23(p23) {}"
"Construct BST from array of 32 elements","Sort array, pick middle as root for 32 elements, recursively build left and right subtrees"
"Time complexity of search in stack with 400 elements?","Search in stack: O(1), O(log n), O(n), or O(n²) depending on implementation"
"Time complexity of radix sort for 500 elements?","Radix sort: O(n+k) time complexity for n=500 elements"
"Print numbers from 1 to 19 using recursion","Base: if n<1 return; Recursive: print(n-1), print 19"
"Search in rotated sorted array at rotation point 34","Find pivot using binary search, then binary search in appropriate half"
"Constructor with 48 parameters","MyClass(int p1, int p2, ..., int p48) : member1(p1), member2(p2), member48(p48) {}"
"Tower of Hanoi with 28 disks","Move 27 disks to auxiliary, move disk 28 to destination, move 27 disks to destination"
"Explain data structure concept 82","Data structures organize and store data efficiently for specific operations and access patterns"
"Find kth largest element using heap where k=7","Use min heap of size 7, insert elements, root is kth largest"
"Find node with value 75 in BST","Start at root, if value == 75 return node, if 75 < node.value go left, else go right"
"Time complexity of split in array with 100 elements?","Split in array: O(1), O(log n), O(n), or O(n²) depending on implementation"
"Explain data structure concept 428","Data structures organize and store data efficiently for specific operations and access patterns"
"Hash function for key 4200","Simple: 4200 % table_size, or multiply by prime and mod by table size"
"Calculate height of tree with 22 levels","Recursively: if null return -1, else return 1 + max(height(left), height(right))"
"Find node with value 225 in BST","Start at root, if value == 225 return node, if 225 < node.value go left, else go right"
"Detect cycle in graph with 41 vertices","Use DFS with recursion stack or parent tracking for undirected graph"
"Explain data structure concept 80","Data structures organize and store data efficiently for specific operations and access patterns"
"Sum of first 31 natural numbers recursively","Base: if n==0 return 0; Recursive: return 31 + sum(30)"
"DFS traversal starting from vertex 15","Use stack or recursion: visit 15, mark visited, recurse on unvisited neighbors"
"How to check if stack with 7 elements is empty?","Return true if top == -1 or size == 0"
"Time complexity of search in queue with 200 elements?","Search in queue: O(1), O(log n), O(n), or O(n²) depending on implementation"
"Validate array index 5 before access","Check if 0 <= 5 < size before accessing arr[5]"
"Handle collision at index 33 using chaining","Linked list at index 33, insert colliding element at list head or tail"
"Evaluate expression with 48 operators using stack","Push operands to stack, for each operator pop required operands, compute and push result"
"Insert 280 into min heap","Add 280 at end, bubble up comparing with parent, swap if smaller"
"Declare pointer to integer with value 12","int* ptr = new int(12); allocates integer on heap with value 12"
"Validate array index 18 before access","Check if 0 <= 18 < size before accessing arr[18]"
"Delete node 24 from BST with two children","Find inorder successor of node 24, replace node value with successor, delete successor to maintain BST property."
"Dijkstra's shortest path to node 37","Use priority queue, update distances to node 37, select minimum distance unvisited node"
"Calculate factorial of 20 recursively","Base: if n==0 return 1; Recursive: return 20 * factorial(19)"
"What is the time complexity of accessing element at index 16?","O(1) - constant time for random access in arrays"
"Time complexity of insertion in linked list with 400 elements?","Insertion in linked list: O(1), O(log n), O(n), or O(n²) depending on implementation"
"Explain data structure concept 47","Data structures organize and store data efficiently for specific operations and access patterns"
"Insert value 250 in binary search tree","Compare 250 with node: if less go left, if greater go right, insert at null"
"Copy constructor for class with 14 members","MyClass(const MyClass& other) : member1(other.member1), ... member14(other.member14) {}"
"Constructor with 3 parameters","MyClass(int p1, int p2, ..., int p3) : member1(p1), member2(p2), member3(p3) {}"
"Dereference pointer at offset 3","*(ptr + 3) accesses value at 3 positions ahead"
"Dereference pointer at offset 43","*(ptr + 43) accesses value at 43 positions ahead"
"Allocate array of 27 integers dynamically","int* arr = new int[27]; remember to use delete[] arr;"
"Find strongly connected components in graph of size 47","Kosaraju's algorithm: DFS, transpose graph, DFS in finish time order"
"Dereference pointer at offset 39","*(ptr + 39) accesses value at 39 positions ahead"
"Implement push operation for stack with capacity 116","Check if size < 116, if yes: stack[++top] = element, else throw overflow"
"Time complexity of insertion in heap with 300 elements?","Insertion in heap: O(1), O(log n), O(n), or O(n²) depending on implementation"
"When to use insertion sort for 10 elements?","Insertion sort is optimal when considering space/time trade-offs for n=10"
"Operator overloading for + with 48 members","MyClass operator+(const MyClass& other) { add corresponding members, return result }"
"Find node with value 230 in BST","Start at root, if value == 230 return node, if 230 < node.value go left, else go right"
"Explain data structure concept 347","Data structures organize and store data efficiently for specific operations and access patterns"
"Explain data structure concept 456","Data structures organize and store data efficiently for specific operations and access patterns"
"Handle collision at index 24 using chaining","Linked list at index 24, insert colliding element at list head or tail"
"Insert value 150 in binary search tree","Compare 150 with node: if less go left, if greater go right, insert at null"
"Handle empty list in operation 39","Check if head == nullptr before any operations, return appropriate value or error. Prevents null pointer dereference."
"Time complexity of deletion in hash table with 200 elements?","Deletion in hash table: O(1), O(log n), O(n), or O(n²) depending on implementation"
"Space complexity of bubble sort with 20 items?","Bubble sort requires O(1) or O(n) or O(log n) space depending on implementation"
"Handle stack overflow when size is 34","Check if current_size < max_capacity (34) before push operation"
"Detect cycle in graph with 24 vertices","Use DFS with recursion stack or parent tracking for undirected graph"
"How to sort in a singly linked list at position 22?","For sort operation: traverse to position 22, adjust next pointers accordingly, handle edge cases for head/tail"
"Insert 290 into min heap","Add 290 at end, bubble up comparing with parent, swap if smaller"
"Fibonacci number at position 43","Base: if n<=1 return n; Recursive: return fib(42) + fib(41)"
"What is ptr[5] equivalent to?","*(ptr + 5) - both access element at index 5"
"Explain data structure concept 46","Data structures organize and store data efficiently for specific operations and access patterns"
"Allocate array of 1 integers dynamically","int* arr = new int[1]; remember to use delete[] arr;"
"What is ptr[22] equivalent to?","*(ptr + 22) - both access element at index 22"
"BFS traversal from node 20","Use queue: enqueue 20, dequeue, visit, enqueue unvisited neighbors"
"Check balanced parentheses in string of length 25","Use stack: push '(', '[', '{', pop for closing brackets, verify matching pairs"
"Explain data structure concept 9","Data structures organize and store data efficiently for specific operations and access patterns"
"Calculate factorial of 15 recursively","Base: if n==0 return 1; Recursive: return 15 * factorial(14)"
"Prevent memory leak in class destructor 26","Delete all dynamically allocated memory in destructor, set pointers to nullptr"
"BFS traversal starting from node 6","Use queue: enqueue node 6, while queue not empty: dequeue, visit, enqueue unvisited neighbors"
"How to delete in a singly linked list at position 10?","Traverse to position 10-1, adjust pointers to skip node: prev->next = current->next, delete current. Handle head/tail cases."
"Linear search for value 45 in unsorted array","Check each element sequentially until value 45 found or end reached"
"Heapify array of 3 elements","Start from last non-leaf node, sift down each node to satisfy heap property"
"How to delete in a singly linked list at position 24?","Traverse to position 24-1, adjust pointers to skip node: prev->next = current->next, delete current. Handle head/tail cases."
"Edit distance between strings of length 18","DP: dp[i][j] = min cost to transform first i chars to first j chars"
"Time complexity of insertion in array with 500 elements?","Insertion in array: O(1), O(log n), O(n), or O(n²) depending on implementation"
"Handle stack overflow when size is 43","Check if current_size < max_capacity (43) before push operation"
"Topological sort for DAG with 48 nodes","DFS-based: finish times order, or Kahn's algorithm with indegree for 48 nodes"
"Calculate height of tree with 7 levels","Recursively: if null return -1, else return 1 + max(height(left), height(right))"
"How to find the sum of array elements from index 15 to 25?","Initialize sum=0, loop from index 15 to 25, add arr[j] to sum"
"Coin change problem with target 210","DP: ways[210] = sum of ways[210-coin] for each coin denomination"
"Create class with 29 data members","class MyClass { private: int member1; int member2; ... int member29; };"
"Insert 80 into vector","vector.insert(80) or push syntax depending on container type"
"Time complexity of merge in graph with 100 elements?","Merge in graph: O(1), O(log n), O(n), or O(n²) depending on implementation"
"Matrix chain multiplication with 32 matrices","DP: dp[i][j] = minimum scalar multiplications for matrices 32 to 33"
"How to check if stack with 35 elements is empty?","Return true if top == -1 or size == 0"
"Explain data structure concept 345","Data structures organize and store data efficiently for specific operations and access patterns"
"Explain data structure concept 198","Data structures organize and store data efficiently for specific operations and access patterns"
"What is ptr[49] equivalent to?","*(ptr + 49) - both access element at index 49"
"Handle empty list in operation 15","Check if head == nullptr before any operations, return appropriate value or error. Prevents null pointer dereference."
"Time complexity of insertion in BST with 300 elements?","Insertion in BST: O(1), O(log n), O(n), or O(n²) depending on implementation"
"Find node with value 180 in BST","Start at root, if value == 180 return node, if 180 < node.value go left, else go right"
"Implement array search for value 490","Iterate through array comparing each element with target value, return index if found"
"Explain data structure concept 86","Data structures organize and store data efficiently for specific operations and access patterns"
"Explain data structure concept 178","Data structures organize and store data efficiently for specific operations and access patterns"
"Evaluate expression with 25 operators using stack","Push operands to stack, for each operator pop required operands, compute and push result"
"Time complexity of counting sort for 1000 elements?","Counting sort: O(n+k) time complexity for n=1000 elements"
"Remove element from multiset at position 19","Use erase() for multiset, specify iterator or key"
"Fibonacci number at position 3","Base: if n<=1 return n; Recursive: return fib(2) + fib(1)"
"Explain data structure concept 412","Data structures organize and store data efficiently for specific operations and access patterns"
"Explain data structure concept 300","Data structures organize and store data efficiently for specific operations and access patterns"
"Handle stack overflow when size is 1","Check if current_size < max_capacity (1) before push operation"
"Validate array index 16 before access","Check if 0 <= 16 < size before accessing arr[16]"
"Implement priority queue for 49 elements","Use heap or sorted list, elements with higher priority dequeued first"
"Matrix chain multiplication with 15 matrices","DP: dp[i][j] = minimum scalar multiplications for matrices 15 to 16"
"Solve 0/1 knapsack with capacity 230","DP table: dp[i][w] = max value using first i items with weight limit 230"
"Implement priority queue for 38 elements","Use heap or sorted list, elements with higher priority dequeued first"
"Constructor with 2 parameters","MyClass(int p1, int p2, ..., int p2) : member1(p1), member2(p2), member2(p2) {}"
"Implement priority queue for 24 elements","Use heap or sorted list, elements with higher priority dequeued first"
"Hash function for key 1500","Simple: 1500 % table_size, or multiply by prime and mod by table size"
"Constructor with 29 parameters","MyClass(int p1, int p2, ..., int p29) : member1(p1), member2(p2), member29(p29) {}"
"Matrix chain multiplication with 5 matrices","DP: dp[i][j] = minimum scalar multiplications for matrices 5 to 6"
"Topological sort for DAG with 32 nodes","DFS-based: finish times order, or Kahn's algorithm with indegree for 32 nodes"
"Longest common subsequence of length 11","DP: LCS[i][j] = 1 + LCS[i-1][j-1] if match, else max(LCS[i-1][j], LCS[i][j-1])"
"Remove element from list at position 8","Use erase() for list, specify iterator or key"
"Explain data structure concept 41","Data structures organize and store data efficiently for specific operations and access patterns"
"Level order traversal at level 36","Use queue with level tracking, process nodes at level 36, enqueue children"
"Handle collision at index 38 using chaining","Linked list at index 38, insert colliding element at list head or tail"
"Explain data structure concept 55","Data structures organize and store data efficiently for specific operations and access patterns"
"Solve 0/1 knapsack with capacity 120","DP table: dp[i][w] = max value using first i items with weight limit 120"
"Solve 0/1 knapsack with capacity 410","DP table: dp[i][w] = max value using first i items with weight limit 410"
"Hash function for key 4700","Simple: 4700 % table_size, or multiply by prime and mod by table size"
"Implement priority queue for 44 elements","Use heap or sorted list, elements with higher priority dequeued first"
"Tower of Hanoi with 1 disks","Move 0 disks to auxiliary, move disk 1 to destination, move 0 disks to destination"
"Time complexity of insertion sort for 500 elements?","Insertion sort: O(n²) worst/average case, O(n) best case for n=500"
"Inheritance hierarchy with 8 levels","8-level inheritance: Base -> Derived1 -> ... -> Derived7"
"Explain data structure concept 185","Data structures organize and store data efficiently for specific operations and access patterns"
"Insert 100 into min heap","Add 100 at end, bubble up comparing with parent, swap if smaller"
"Insert 60 into list","list.insert(60) or push syntax depending on container type"
"What is ptr[38] equivalent to?","*(ptr + 38) - both access element at index 38"
"Prevent memory leak in class destructor 14","Delete all dynamically allocated memory in destructor, set pointers to nullptr"
"Longest increasing subsequence ending at index 38","DP: dp[38] = max length of LIS ending at position 38"
"BFS traversal from node 41","Use queue: enqueue 41, dequeue, visit, enqueue unvisited neighbors"
"Implement priority queue for 2 elements","Use heap or sorted list, elements with higher priority dequeued first"
"Evaluate expression with 49 operators using stack","Push operands to stack, for each operator pop required operands, compute and push result"
"Edit distance between strings of length 13","DP: dp[i][j] = min cost to transform first i chars to first j chars"
"Calculate power 3^2 recursively","Base: if power==0 return 1; Recursive: return 3 * power(3, 1)"
"Longest common subsequence of length 25","DP: LCS[i][j] = 1 + LCS[i-1][j-1] if match, else max(LCS[i-1][j], LCS[i][j-1])"
"Remove element from deque at position 11","Use erase() for deque, specify iterator or key"
"Find node with value 145 in BST","Start at root, if value == 145 return node, if 145 < node.value go left, else go right"
"BFS traversal starting from node 46","Use queue: enqueue node 46, while queue not empty: dequeue, visit, enqueue unvisited neighbors"
"Copy constructor for class with 39 members","MyClass(const MyClass& other) : member1(other.member1), ... member39(other.member39) {}"
"Check balanced parentheses in string of length 34","Use stack: push '(', '[', '{', pop for closing brackets, verify matching pairs"
"Heapify array of 19 elements","Start from last non-leaf node, sift down each node to satisfy heap property"
"Open addressing with linear probing from index 2","If index 2 occupied, try 2+1, 2+2, ... until empty slot found"
"How to split in a singly linked list at position 4?","For split operation: traverse to position 4, adjust next pointers accordingly, handle edge cases for head/tail"
"Explain data structure concept 320","Data structures organize and store data efficiently for specific operations and access patterns"
"Explain data structure concept 318","Data structures organize and store data efficiently for specific operations and access patterns"
"BFS traversal starting from node 38","Use queue: enqueue node 38, while queue not empty: dequeue, visit, enqueue unvisited neighbors"
"How to search in a singly linked list at position 8?","Traverse list from head, compare each node's data with target, return true if found at position 8, false otherwise."
"Sum of first 3 natural numbers recursively","Base: if n==0 return 0; Recursive: return 3 + sum(2)"
"Time complexity of sort in linked list with 100 elements?","Sort in linked list: O(1), O(log n), O(n), or O(n²) depending on implementation"
"How to reverse in a singly linked list at position 5?","For reverse operation: traverse to position 5, adjust next pointers accordingly, handle edge cases for head/tail"
"Implement circular queue with size 41","Use array[41], front and rear indices with modulo arithmetic: (rear+1)%41"
"Longest common subsequence of length 42","DP: LCS[i][j] = 1 + LCS[i-1][j-1] if match, else max(LCS[i-1][j], LCS[i][j-1])"
"Time complexity of search in heap with 200 elements?","Search in heap: O(1), O(log n), O(n), or O(n²) depending on implementation"
"Coin change problem with target 90","DP: ways[90] = sum of ways[90-coin] for each coin denomination"
"Time complexity of deletion in stack with 400 elements?","Deletion in stack: O(1), O(log n), O(n), or O(n²) depending on implementation"
"Inheritance hierarchy with 5 levels","5-level inheritance: Base -> Derived1 -> ... -> Derived4"
"Implement priority queue for 0 elements","Use heap or sorted list, elements with higher priority dequeued first"
"Tower of Hanoi with 18 disks","Move 17 disks to auxiliary, move disk 18 to destination, move 17 disks to destination"
"Solve 0/1 knapsack with capacity 420","DP table: dp[i][w] = max value using first i items with weight limit 420"
"Create class with 4 data members","class MyClass { private: int member1; int member2; ... int member4; };"
"Find kth largest element using heap where k=46","Use min heap of size 46, insert elements, root is kth largest"
"Find strongly connected components in graph of size 1","Kosaraju's algorithm: DFS, transpose graph, DFS in finish time order"
"Detect cycle in graph with 21 vertices","Use DFS with recursion stack or parent tracking for undirected graph"
"Copy constructor for class with 23 members","MyClass(const MyClass& other) : member1(other.member1), ... member23(other.member23) {}"
"Open addressing with linear probing from index 41","If index 41 occupied, try 41+1, 41+2, ... until empty slot found"
"When to use bubble sort for 100 elements?","Bubble sort is optimal when considering space/time trade-offs for n=100"
"Explain data structure concept 45","Data structures organize and store data efficiently for specific operations and access patterns"
"Handle empty list in operation 27","Check if head == nullptr before any operations, return appropriate value or error. Prevents null pointer dereference."
"How to delete in a singly linked list at position 11?","Traverse to position 11-1, adjust pointers to skip node: prev->next = current->next, delete current. Handle head/tail cases."
"Sum of first 36 natural numbers recursively","Base: if n==0 return 0; Recursive: return 36 + sum(35)"
"Implement priority queue for 12 elements","Use heap or sorted list, elements with higher priority dequeued first"
"Print numbers from 1 to 22 using recursion","Base: if n<1 return; Recursive: print(n-1), print 22"
"Evaluate expression with 42 operators using stack","Push operands to stack, for each operator pop required operands, compute and push result"
"BFS traversal from node 9","Use queue: enqueue 9, dequeue, visit, enqueue unvisited neighbors"
"Time complexity of sort in queue with 200 elements?","Sort in queue: O(1), O(log n), O(n), or O(n²) depending on implementation"
"Dereference pointer at offset 23","*(ptr + 23) accesses value at 23 positions ahead"
"Calculate factorial of 25 recursively","Base: if n==0 return 1; Recursive: return 25 * factorial(24)"
"Time complexity of counting sort for 50 elements?","Counting sort: O(n+k) time complexity for n=50 elements"
"How do you declare an integer array of size 18 in C++?","int arr[18]; or int* arr = new int[18];"
"Print numbers from 1 to 4 using recursion","Base: if n<1 return; Recursive: print(n-1), print 4"
"Heapify array of 50 elements","Start from last non-leaf node, sift down each node to satisfy heap property"
"Find kth largest element using heap where k=36","Use min heap of size 36, insert elements, root is kth largest"
"Implement priority queue for 42 elements","Use heap or sorted list, elements with higher priority dequeued first"
"Remove element from multiset at position 4","Use erase() for multiset, specify iterator or key"
"Tower of Hanoi with 33 disks","Move 32 disks to auxiliary, move disk 33 to destination, move 32 disks to destination"
"Construct BST from array of 33 elements","Sort array, pick middle as root for 33 elements, recursively build left and right subtrees"
"Declare pointer to integer with value 7","int* ptr = new int(7); allocates integer on heap with value 7"
"How to split in a singly linked list at position 21?","For split operation: traverse to position 21, adjust next pointers accordingly, handle edge cases for head/tail"
"Space complexity of insertion sort with 1000 items?","Insertion sort requires O(1) or O(n) or O(log n) space depending on implementation"
"How to dequeue from queue with 5 elements?","Check if empty, get front element, increment front index, decrease size, return element"
"Implement circular queue with size 38","Use array[38], front and rear indices with modulo arithmetic: (rear+1)%38"
"How to delete in a singly linked list at position 0?","Traverse to position 0-1, adjust pointers to skip node: prev->next = current->next, delete current. Handle head/tail cases."
"Fibonacci number at position 34","Base: if n<=1 return n; Recursive: return fib(33) + fib(32)"
"Constructor with 45 parameters","MyClass(int p1, int p2, ..., int p45) : member1(p1), member2(p2), member45(p45) {}"
"Implement priority queue for 14 elements","Use heap or sorted list, elements with higher priority dequeued first"
"Insert 30 into list","list.insert(30) or push syntax depending on container type"
"Insert value 140 in binary search tree","Compare 140 with node: if less go left, if greater go right, insert at null"
"Remove element from list at position 14","Use erase() for list, specify iterator or key"
"Validate array index 37 before access","Check if 0 <= 37 < size before accessing arr[37]"
"Edit distance between strings of length 7","DP: dp[i][j] = min cost to transform first i chars to first j chars"
"Calculate factorial of 34 recursively","Base: if n==0 return 1; Recursive: return 34 * factorial(33)"
"How to find the sum of array elements from index 36 to 46?","Initialize sum=0, loop from index 36 to 46, add arr[j] to sum"
"Find first occurrence of 37 in sorted array","Binary search with left bias, continue searching left when target found"
"Find node with value 30 in BST","Start at root, if value == 30 return node, if 30 < node.value go left, else go right"
"Level order traversal at level 47","Use queue with level tracking, process nodes at level 47, enqueue children"
"Sum of first 12 natural numbers recursively","Base: if n==0 return 0; Recursive: return 12 + sum(11)"
"Check if tree is balanced with 36 nodes","For each node check if |height(left) - height(right)| <= 1"
"Quadratic probing starting at 37","Try positions 37, 37+1², 37+2², 37+3² until empty slot found"
"Destructor for class with dynamic array of size 12","~MyClass() { delete[] arrayPtr; } to free 12-element array"
"Implement priority queue for 1 elements","Use heap or sorted list, elements with higher priority dequeued first"
"Destructor for class with dynamic array of size 47","~MyClass() { delete[] arrayPtr; } to free 47-element array"
"Remove element from vector at position 3","Use erase() for vector, specify iterator or key"
"Time complexity of search in graph with 400 elements?","Search in graph: O(1), O(log n), O(n), or O(n²) depending on implementation"
"Explain data structure concept 177","Data structures organize and store data efficiently for specific operations and access patterns"
"Implement merge sort for array size 100","Merge sort algorithm with detailed steps for 100 elements"
"Find strongly connected components in graph of size 32","Kosaraju's algorithm: DFS, transpose graph, DFS in finish time order"
"Implement radix sort for array size 1000","Radix sort algorithm with detailed steps for 1000 elements"
"Level order traversal at level 2","Use queue with level tracking, process nodes at level 2, enqueue children"
"Fibonacci number at position 47","Base: if n<=1 return n; Recursive: return fib(46) + fib(45)"
"Explain data structure concept 237","Data structures organize and store data efficiently for specific operations and access patterns"
"Find first occurrence of 23 in sorted array","Binary search with left bias, continue searching left when target found"
"Handle empty list in operation 40","Check if head == nullptr before any operations, return appropriate value or error. Prevents null pointer dereference."
"Create class with 50 data members","class MyClass { private: int member1; int member2; ... int member50; };"
"Handle empty list in operation 4","Check if head == nullptr before any operations, return appropriate value or error. Prevents null pointer dereference."
"Allocate array of 50 integers dynamically","int* arr = new int[50]; remember to use delete[] arr;"
"Find kth smallest element where k=22","Inorder traversal with counter, return when counter == 22"
"Explain data structure concept 315","Data structures organize and store data efficiently for specific operations and access patterns"
"Implement selection sort for array size 1000","Selection sort algorithm with detailed steps for 1000 elements"
"Evaluate expression with 3 operators using stack","Push operands to stack, for each operator pop required operands, compute and push result"
"Pointer arithmetic: ptr + 13","Moves pointer forward by 13 * sizeof(type) bytes"
"How to merge in a singly linked list at position 26?","For merge operation: traverse to position 26, adjust next pointers accordingly, handle edge cases for head/tail"
"Sum of first 27 natural numbers recursively","Base: if n==0 return 0; Recursive: return 27 + sum(26)"
"Find first occurrence of 45 in sorted array","Binary search with left bias, continue searching left when target found"
"Time complexity of search in linked list with 200 elements?","Search in linked list: O(1), O(log n), O(n), or O(n²) depending on implementation"
"Fibonacci number at position 26","Base: if n<=1 return n; Recursive: return fib(25) + fib(24)"
"Validate array index 47 before access","Check if 0 <= 47 < size before accessing arr[47]"
"Implement counting sort for array size 1000","Counting sort algorithm with detailed steps for 1000 elements"
"Linear search for value 0 in unsorted array","Check each element sequentially until value 0 found or end reached"
"Destructor for class with dynamic array of size 44","~MyClass() { delete[] arrayPtr; } to free 44-element array"
"Implement array search for value 60","Iterate through array comparing each element with target value, return index if found"
"Space complexity of selection sort with 20 items?","Selection sort requires O(1) or O(n) or O(log n) space depending on implementation"
"Edit distance between strings of length 49","DP: dp[i][j] = min cost to transform first i chars to first j chars"
"Operator overloading for + with 34 members","MyClass operator+(const MyClass& other) { add corresponding members, return result }"
"Explain data structure concept 93","Data structures organize and store data efficiently for specific operations and access patterns"
"Search in rotated sorted array at rotation point 19","Find pivot using binary search, then binary search in appropriate half"
"When to use selection sort for 10000 elements?","Selection sort is optimal when considering space/time trade-offs for n=10000"
"Inheritance hierarchy with 1 levels","1-level inheritance: Base -> Derived1 -> ... -> Derived0"
"Time complexity of traversal in queue with 300 elements?","Traversal in queue: O(1), O(log n), O(n), or O(n²) depending on implementation"
"How to split in a singly linked list at position 18?","For split operation: traverse to position 18, adjust next pointers accordingly, handle edge cases for head/tail"
"Implement array search for value 20","Iterate through array comparing each element with target value, return index if found"
"Topological sort for DAG with 16 nodes","DFS-based: finish times order, or Kahn's algorithm with indegree for 16 nodes"
"Explain data structure concept 110","Data structures organize and store data efficiently for specific operations and access patterns"
"Explain data structure concept 103","Data structures organize and store data efficiently for specific operations and access patterns"
"Tower of Hanoi with 46 disks","Move 45 disks to auxiliary, move disk 46 to destination, move 45 disks to destination"
"How to delete in a singly linked list at position 17?","Traverse to position 17-1, adjust pointers to skip node: prev->next = current->next, delete current. Handle head/tail cases."
"Declare pointer to integer with value 18","int* ptr = new int(18); allocates integer on heap with value 18"
"What is ptr[2] equivalent to?","*(ptr + 2) - both access element at index 2"
"Insert 110 into set","set.insert(110) or push syntax depending on container type"
"Time complexity of search in array with 400 elements?","Search in array: O(1), O(log n), O(n), or O(n²) depending on implementation"
"Convert infix to postfix with 22 operations","Use operator stack, output operands, pop operators based on precedence rules"
"Check balanced parentheses in string of length 52","Use stack: push '(', '[', '{', pop for closing brackets, verify matching pairs"
"Implement array search for value 480","Iterate through array comparing each element with target value, return index if found"
"Insert value 470 in binary search tree","Compare 470 with node: if less go left, if greater go right, insert at null"
"Topological sort for DAG with 42 nodes","DFS-based: finish times order, or Kahn's algorithm with indegree for 42 nodes"
"What is the time complexity of accessing element at index 6?","O(1) - constant time for random access in arrays"
"Longest increasing subsequence ending at index 10","DP: dp[10] = max length of LIS ending at position 10"
"Sum of first 47 natural numbers recursively","Base: if n==0 return 0; Recursive: return 47 + sum(46)"
"DFS traversal starting from vertex 17","Use stack or recursion: visit 17, mark visited, recurse on unvisited neighbors"
"Find first occurrence of 32 in sorted array","Binary search with left bias, continue searching left when target found"
"Handle stack overflow when size is 36","Check if current_size < max_capacity (36) before push operation"
"Pointer arithmetic: ptr + 22","Moves pointer forward by 22 * sizeof(type) bytes"
"Implement push operation for stack with capacity 113","Check if size < 113, if yes: stack[++top] = element, else throw overflow"
"Find kth largest element using heap where k=14","Use min heap of size 14, insert elements, root is kth largest"
"Fibonacci number at position 24","Base: if n<=1 return n; Recursive: return fib(23) + fib(22)"
"Extract minimum from heap of size 19","Remove root, move last element to root, bubble down to maintain heap property"
"Find node with value 150 in BST","Start at root, if value == 150 return node, if 150 < node.value go left, else go right"
"Explain data structure concept 161","Data structures organize and store data efficiently for specific operations and access patterns"
"Copy constructor for class with 45 members","MyClass(const MyClass& other) : member1(other.member1), ... member45(other.member45) {}"
"Search in rotated sorted array at rotation point 24","Find pivot using binary search, then binary search in appropriate half"
"How to merge in a singly linked list at position 21?","For merge operation: traverse to position 21, adjust next pointers accordingly, handle edge cases for head/tail"
"Insert 380 into min heap","Add 380 at end, bubble up comparing with parent, swap if smaller"
"Evaluate expression with 26 operators using stack","Push operands to stack, for each operator pop required operands, compute and push result"
"Open addressing with linear probing from index 13","If index 13 occupied, try 13+1, 13+2, ... until empty slot found"
"Calculate height of tree with 3 levels","Recursively: if null return -1, else return 1 + max(height(left), height(right))"
"Handle collision at index 39 using chaining","Linked list at index 39, insert colliding element at list head or tail"
"Search in rotated sorted array at rotation point 12","Find pivot using binary search, then binary search in appropriate half"
"Evaluate expression with 11 operators using stack","Push operands to stack, for each operator pop required operands, compute and push result"
"Find node with value 195 in BST","Start at root, if value == 195 return node, if 195 < node.value go left, else go right"
"Create class with 41 data members","class MyClass { private: int member1; int member2; ... int member41; };"
"Remove element from multiset at position 14","Use erase() for multiset, specify iterator or key"
"Explain data structure concept 269","Data structures organize and store data efficiently for specific operations and access patterns"
"Space complexity of counting sort with 500 items?","Counting sort requires O(1) or O(n) or O(log n) space depending on implementation"
"Array of 32 pointers","int* arr[32]; declares array of 32 integer pointers"
"Delete node 26 from BST with two children","Find inorder successor of node 26, replace node value with successor, delete successor to maintain BST property."
"How to merge in a singly linked list at position 6?","For merge operation: traverse to position 6, adjust next pointers accordingly, handle edge cases for head/tail"
"Prevent memory leak in class destructor 38","Delete all dynamically allocated memory in destructor, set pointers to nullptr"
"Coin change problem with target 215","DP: ways[215] = sum of ways[215-coin] for each coin denomination"
"Explain data structure concept 1","Data structures organize and store data efficiently for specific operations and access patterns"
"Longest common subsequence of length 49","DP: LCS[i][j] = 1 + LCS[i-1][j-1] if match, else max(LCS[i-1][j], LCS[i][j-1])"
"Implement circular queue with size 56","Use array[56], front and rear indices with modulo arithmetic: (rear+1)%56"
"Explain data structure concept 348","Data structures organize and store data efficiently for specific operations and access patterns"
"Find strongly connected components in graph of size 4","Kosaraju's algorithm: DFS, transpose graph, DFS in finish time order"
"Explain data structure concept 157","Data structures organize and store data efficiently for specific operations and access patterns"
"How to delete in a singly linked list at position 12?","Traverse to position 12-1, adjust pointers to skip node: prev->next = current->next, delete current. Handle head/tail cases."
"Delete node 36 from BST with two children","Find inorder successor of node 36, replace node value with successor, delete successor to maintain BST property."
"Open addressing with linear probing from index 37","If index 37 occupied, try 37+1, 37+2, ... until empty slot found"
"Explain data structure concept 183","Data structures organize and store data efficiently for specific operations and access patterns"
"Find strongly connected components in graph of size 10","Kosaraju's algorithm: DFS, transpose graph, DFS in finish time order"
"How to find the sum of array elements from index 0 to 10?","Initialize sum=0, loop from index 0 to 10, add arr[j] to sum"
"Calculate power 9^2 recursively","Base: if power==0 return 1; Recursive: return 9 * power(9, 1)"
"Find strongly connected components in graph of size 50","Kosaraju's algorithm: DFS, transpose graph, DFS in finish time order"
"Linear search for value 26 in unsorted array","Check each element sequentially until value 26 found or end reached"
"Topological sort for DAG with 46 nodes","DFS-based: finish times order, or Kahn's algorithm with indegree for 46 nodes"
"How to detect cycle in a singly linked list at position 4?","For detect cycle operation: traverse to position 4, adjust next pointers accordingly, handle edge cases for head/tail"
"Calculate factorial of 22 recursively","Base: if n==0 return 1; Recursive: return 22 * factorial(21)"
"Longest increasing subsequence ending at index 47","DP: dp[47] = max length of LIS ending at position 47"
"Create class with 13 data members","class MyClass { private: int member1; int member2; ... int member13; };"
"Destructor for class with dynamic array of size 30","~MyClass() { delete[] arrayPtr; } to free 30-element array"
"Space complexity of quick sort with 1000 items?","Quick sort requires O(1) or O(n) or O(log n) space depending on implementation"
"Remove element from set at position 1","Use erase() for set, specify iterator or key"
"Insert 150 into set","set.insert(150) or push syntax depending on container type"
"Coin change problem with target 5","DP: ways[5] = sum of ways[5-coin] for each coin denomination"
"Explain data structure concept 327","Data structures organize and store data efficiently for specific operations and access patterns"
"Fibonacci number at position 20","Base: if n<=1 return n; Recursive: return fib(19) + fib(18)"
"Calculate height of tree with 6 levels","Recursively: if null return -1, else return 1 + max(height(left), height(right))"
"Implement bubble sort for array size 5000","Bubble sort algorithm with detailed steps for 5000 elements"
"What is the time complexity of accessing element at index 22?","O(1) - constant time for random access in arrays"
"When to use heap sort for 100 elements?","Heap sort is optimal when considering space/time trade-offs for n=100"
"Explain data structure concept 84","Data structures organize and store data efficiently for specific operations and access patterns"
"DFS traversal starting from vertex 32","Use stack or recursion: visit 32, mark visited, recurse on unvisited neighbors"
"Binary search in sorted array of 116 elements","Divide array of 116 in half each iteration, O(log 116) time"
"Hash function for key 1000","Simple: 1000 % table_size, or multiply by prime and mod by table size"
"Check if tree is balanced with 23 nodes","For each node check if |height(left) - height(right)| <= 1"
"Find first occurrence of 13 in sorted array","Binary search with left bias, continue searching left when target found"
"Create class with 20 data members","class MyClass { private: int member1; int member2; ... int member20; };"
"Print numbers from 1 to 10 using recursion","Base: if n<1 return; Recursive: print(n-1), print 10"
"Find strongly connected components in graph of size 34","Kosaraju's algorithm: DFS, transpose graph, DFS in finish time order"
"Evaluate expression with 41 operators using stack","Push operands to stack, for each operator pop required operands, compute and push result"
"Create class with 38 data members","class MyClass { private: int member1; int member2; ... int member38; };"
"Explain data structure concept 437","Data structures organize and store data efficiently for specific operations and access patterns"
"Time complexity of deletion in queue with 400 elements?","Deletion in queue: O(1), O(log n), O(n), or O(n²) depending on implementation"
"Solve 0/1 knapsack with capacity 400","DP table: dp[i][w] = max value using first i items with weight limit 400"
"Destructor for class with dynamic array of size 34","~MyClass() { delete[] arrayPtr; } to free 34-element array"
"Handle stack overflow when size is 32","Check if current_size < max_capacity (32) before push operation"
"Topological sort for DAG with 1 nodes","DFS-based: finish times order, or Kahn's algorithm with indegree for 1 nodes"
"Remove element from map at position 8","Use erase() for map, specify iterator or key"
"How to search in a singly linked list at position 23?","Traverse list from head, compare each node's data with target, return true if found at position 23, false otherwise."
"Insert 90 into set","set.insert(90) or push syntax depending on container type"
"Prevent memory leak in class destructor 40","Delete all dynamically allocated memory in destructor, set pointers to nullptr"
"How to dequeue from queue with 7 elements?","Check if empty, get front element, increment front index, decrease size, return element"
"Time complexity of search in stack with 200 elements?","Search in stack: O(1), O(log n), O(n), or O(n²) depending on implementation"
"How to merge in a singly linked list at position 5?","For merge operation: traverse to position 5, adjust next pointers accordingly, handle edge cases for head/tail"
"When to use counting sort for 500 elements?","Counting sort is optimal when considering space/time trade-offs for n=500"
"How to traverse in a singly linked list at position 3?","Start at head, follow next pointers until reaching position 3: for(i=0; i<3; i++) current = current->next."
"Time complexity of counting sort for 10000 elements?","Counting sort: O(n+k) time complexity for n=10000 elements"
"Time complexity of traversal in heap with 400 elements?","Traversal in heap: O(1), O(log n), O(n), or O(n²) depending on implementation"
"When to use counting sort for 5000 elements?","Counting sort is optimal when considering space/time trade-offs for n=5000"
"How to split in a singly linked list at position 12?","For split operation: traverse to position 12, adjust next pointers accordingly, handle edge cases for head/tail"
"Inheritance hierarchy with 26 levels","26-level inheritance: Base -> Derived1 -> ... -> Derived25"
"Insert 420 into min heap","Add 420 at end, bubble up comparing with parent, swap if smaller"
"Remove element from list at position 16","Use erase() for list, specify iterator or key"
"Insert value 100 in binary search tree","Compare 100 with node: if less go left, if greater go right, insert at null"
"Time complexity of sort in linked list with 200 elements?","Sort in linked list: O(1), O(log n), O(n), or O(n²) depending on implementation"
"Handle empty list in operation 46","Check if head == nullptr before any operations, return appropriate value or error. Prevents null pointer dereference."
"How to dequeue from queue with 27 elements?","Check if empty, get front element, increment front index, decrease size, return element"
"Explain data structure concept 341","Data structures organize and store data efficiently for specific operations and access patterns"
"BFS traversal from node 34","Use queue: enqueue 34, dequeue, visit, enqueue unvisited neighbors"
"Declare pointer to integer with value 4","int* ptr = new int(4); allocates integer on heap with value 4"
"Create class with 16 data members","class MyClass { private: int member1; int member2; ... int member16; };"
"Copy constructor for class with 7 members","MyClass(const MyClass& other) : member1(other.member1), ... member7(other.member7) {}"
"Topological sort for DAG with 23 nodes","DFS-based: finish times order, or Kahn's algorithm with indegree for 23 nodes"
"Explain data structure concept 240","Data structures organize and store data efficiently for specific operations and access patterns"
"Explain data structure concept 404","Data structures organize and store data efficiently for specific operations and access patterns"
"Extract minimum from heap of size 21","Remove root, move last element to root, bubble down to maintain heap property"
"Detect cycle in graph with 6 vertices","Use DFS with recursion stack or parent tracking for undirected graph"
"How to check if stack with 29 elements is empty?","Return true if top == -1 or size == 0"
"Operator overloading for + with 21 members","MyClass operator+(const MyClass& other) { add corresponding members, return result }"
"Print numbers from 1 to 42 using recursion","Base: if n<1 return; Recursive: print(n-1), print 42"
"Level order traversal at level 30","Use queue with level tracking, process nodes at level 30, enqueue children"
"Extract minimum from heap of size 17","Remove root, move last element to root, bubble down to maintain heap property"
"What is ptr[20] equivalent to?","*(ptr + 20) - both access element at index 20"
"Sum of first 23 natural numbers recursively","Base: if n==0 return 0; Recursive: return 23 + sum(22)"
"Explain data structure concept 309","Data structures organize and store data efficiently for specific operations and access patterns"
"Prevent memory leak in class destructor 21","Delete all dynamically allocated memory in destructor, set pointers to nullptr"
"Implement circular queue with size 46","Use array[46], front and rear indices with modulo arithmetic: (rear+1)%46"
"What is ptr[25] equivalent to?","*(ptr + 25) - both access element at index 25"
"Implement push operation for stack with capacity 120","Check if size < 120, if yes: stack[++top] = element, else throw overflow"
"Find first occurrence of 35 in sorted array","Binary search with left bias, continue searching left when target found"
"Handle stack overflow when size is 23","Check if current_size < max_capacity (23) before push operation"
"When to use merge sort for 1000 elements?","Merge sort is optimal when considering space/time trade-offs for n=1000"
"Calculate factorial of 1 recursively","Base: if n==0 return 1; Recursive: return 1 * factorial(0)"
"Dereference pointer at offset 37","*(ptr + 37) accesses value at 37 positions ahead"
"Constructor with 26 parameters","MyClass(int p1, int p2, ..., int p26) : member1(p1), member2(p2), member26(p26) {}"
"Remove element from list at position 5","Use erase() for list, specify iterator or key"
"Explain data structure concept 364","Data structures organize and store data efficiently for specific operations and access patterns"
"Evaluate expression with 6 operators using stack","Push operands to stack, for each operator pop required operands, compute and push result"
"Dijkstra's shortest path to node 17","Use priority queue, update distances to node 17, select minimum distance unvisited node"
"Search in rotated sorted array at rotation point 35","Find pivot using binary search, then binary search in appropriate half"
"Matrix chain multiplication with 48 matrices","DP: dp[i][j] = minimum scalar multiplications for matrices 48 to 49"
"Calculate height of tree with 27 levels","Recursively: if null return -1, else return 1 + max(height(left), height(right))"
"Calculate power 46^2 recursively","Base: if power==0 return 1; Recursive: return 46 * power(46, 1)"
"Sum of first 43 natural numbers recursively","Base: if n==0 return 0; Recursive: return 43 + sum(42)"
"Search in rotated sorted array at rotation point 21","Find pivot using binary search, then binary search in appropriate half"
"Declare pointer to integer with value 3","int* ptr = new int(3); allocates integer on heap with value 3"
"Insert 0 into multiset","multiset.insert(0) or push syntax depending on container type"
"Explain data structure concept 304","Data structures organize and store data efficiently for specific operations and access patterns"
"Implement circular queue with size 44","Use array[44], front and rear indices with modulo arithmetic: (rear+1)%44"
"How to traverse in a singly linked list at position 13?","Start at head, follow next pointers until reaching position 13: for(i=0; i<13; i++) current = current->next."
"Dijkstra's shortest path to node 36","Use priority queue, update distances to node 36, select minimum distance unvisited node"
"When to use heap sort for 5000 elements?","Heap sort is optimal when considering space/time trade-offs for n=5000"
"How to merge in a singly linked list at position 19?","For merge operation: traverse to position 19, adjust next pointers accordingly, handle edge cases for head/tail"
"Validate array index 36 before access","Check if 0 <= 36 < size before accessing arr[36]"
"Implement push operation for stack with capacity 133","Check if size < 133, if yes: stack[++top] = element, else throw overflow"
"Binary search in sorted array of 132 elements","Divide array of 132 in half each iteration, O(log 132) time"
"Dijkstra's shortest path to node 13","Use priority queue, update distances to node 13, select minimum distance unvisited node"
"How to search in a singly linked list at position 20?","Traverse list from head, compare each node's data with target, return true if found at position 20, false otherwise."
"Copy constructor for class with 47 members","MyClass(const MyClass& other) : member1(other.member1), ... member47(other.member47) {}"
"Print numbers from 1 to 28 using recursion","Base: if n<1 return; Recursive: print(n-1), print 28"
"Allocate array of 6 integers dynamically","int* arr = new int[6]; remember to use delete[] arr;"
"Insert value 240 in binary search tree","Compare 240 with node: if less go left, if greater go right, insert at null"
"Operator overloading for + with 22 members","MyClass operator+(const MyClass& other) { add corresponding members, return result }"
"BFS traversal from node 24","Use queue: enqueue 24, dequeue, visit, enqueue unvisited neighbors"
"How to insert in a singly linked list at position 11?","Traverse to position 11, create new node, adjust next pointers: current->next = new_node->next, current = new_node. Handle head/tail edge cases."
"Calculate power 21^2 recursively","Base: if power==0 return 1; Recursive: return 21 * power(21, 1)"
"How to check if stack with 3 elements is empty?","Return true if top == -1 or size == 0"
"Handle empty list in operation 2","Check if head == nullptr before any operations, return appropriate value or error. Prevents null pointer dereference."
"Level order traversal at level 41","Use queue with level tracking, process nodes at level 41, enqueue children"
"Implement priority queue for 26 elements","Use heap or sorted list, elements with higher priority dequeued first"
"Find kth smallest element where k=21","Inorder traversal with counter, return when counter == 21"
"Explain data structure concept 19","Data structures organize and store data efficiently for specific operations and access patterns"
"Check balanced parentheses in string of length 54","Use stack: push '(', '[', '{', pop for closing brackets, verify matching pairs"
"Validate array index 35 before access","Check if 0 <= 35 < size before accessing arr[35]"
"How to sort in a singly linked list at position 20?","For sort operation: traverse to position 20, adjust next pointers accordingly, handle edge cases for head/tail"
"Calculate power 2^2 recursively","Base: if power==0 return 1; Recursive: return 2 * power(2, 1)"
"Dijkstra's shortest path to node 22","Use priority queue, update distances to node 22, select minimum distance unvisited node"
"Detect cycle in graph with 38 vertices","Use DFS with recursion stack or parent tracking for undirected graph"
"Edit distance between strings of length 21","DP: dp[i][j] = min cost to transform first i chars to first j chars"
"Destructor for class with dynamic array of size 29","~MyClass() { delete[] arrayPtr; } to free 29-element array"
"Insert 180 into list","list.insert(180) or push syntax depending on container type"
"Remove element from vector at position 17","Use erase() for vector, specify iterator or key"
"Time complexity of merge in graph with 500 elements?","Merge in graph: O(1), O(log n), O(n), or O(n²) depending on implementation"
"Find kth smallest element where k=49","Inorder traversal with counter, return when counter == 49"